,u251_gene_effect,median_across_lines,selectivity
HSPE1,-3.766678372553364,-3.404404674565662,-0.3622736979877019
RPL17,-3.6687821655911055,-3.096027227775612,-0.5727549378154935
SNRPA1,-3.256280687358467,-2.832304171138012,-0.42397651622045496
WDR1,-3.019074508558577,-0.8687630778645206,-2.1503114306940563
RPS3A,-2.9344058356099065,-2.7884378568533337,-0.14596797875657286
RPS20,-2.9031649806382527,-2.6815365036005065,-0.22162847703774613
PSMA6,-2.8551060237640526,-2.815898179739192,-0.03920784402486044
FAU,-2.839543140360933,-2.515232248161823,-0.32431089219911025
PUF60,-2.813515399293014,-2.673403371795424,-0.14011202749758978
CDC27,-2.7956569064285626,-2.6445618786229614,-0.15109502780560113
SRSF3,-2.785365475598726,-2.571909175564789,-0.21345630003393667
RPS7,-2.768262613457056,-2.093016338748834,-0.675246274708222
RSL24D1,-2.735650419256612,-2.1070055923063937,-0.6286448269502181
RPS23,-2.694702682352484,-2.3206803949616575,-0.3740222873908263
AK6,-2.6755319735691803,-1.077557263390048,-1.5979747101791322
SF3B5,-2.6565090384170293,-2.7475797346787987,0.09107069626176933
NXT1,-2.630477711547183,-0.35919192653832793,-2.271285785008855
PRPF38A,-2.601502892121544,-2.495897052531328,-0.10560583959021619
RPL24,-2.531010128098067,-2.0254141084956707,-0.5055960196023963
PSMB3,-2.5110816419294357,-2.6982434238972646,0.18716178196782884
SNRPD1,-2.5060471880980466,-2.6330568878120255,0.1270096997139789
KIF23,-2.4655988524538364,-2.0680164650537725,-0.3975823874000639
RPL21,-2.458021246178813,-2.739528081767654,0.28150683558884104
RPS28,-2.454918939471956,-1.8670671125502487,-0.5878518269217072
RPS19,-2.430877865806387,-2.784096188915449,0.35321832310906176
AURKB,-2.409635806652899,-2.297625120691542,-0.11201068596135677
RPL32,-2.4088168309905083,-2.279014163465903,-0.12980266752460512
SS18L2,-2.393806878601381,-2.063371961043388,-0.33043491755799304
RPP21,-2.3379611452649502,-1.2973500560008615,-1.0406110892640887
SF3A3,-2.3379024892286044,-2.308220251327125,-0.029682237901479613
UTP4,-2.3335449839947624,-1.6852678209522447,-0.6482771630425177
RPS27A,-2.2941879997667667,-1.8948836519901358,-0.39930434777663093
RPS16,-2.289904274883432,-2.078159540804557,-0.21174473407887495
RPS3,-2.2674770140432328,-2.4618133558278874,0.19433634178465464
RPL6,-2.2663536774458657,-2.3042192120930007,0.037865534647135046
RPS14,-2.2334280516221825,-2.145697726393116,-0.08773032522906643
LSM2,-2.223116867546193,-2.312710674410245,0.08959380686405183
PHF5A,-2.2153263148823577,-2.4491985265161147,0.23387221163375704
SMU1,-2.214795664741559,-2.72234984457417,0.5075541798326109
RPS24,-2.203512457433396,-1.7060499047614668,-0.4974625526719292
RPL37A,-2.181047825785773,-2.1026044096707466,-0.07844341611502648
PHB1,-2.177254892095628,-1.8690384663696418,-0.3082164257259863
RPL23,-2.1690834266201944,-2.662923423895057,0.4938399972748626
RRN3,-2.1520341241922303,-1.981780635157817,-0.17025348903441317
RPL5,-2.1392782400291046,-2.5299981863183483,0.39071994628924367
THOC2,-2.122309803312828,-1.9943204736334883,-0.12798932967933951
PHB2,-2.101624816974936,-1.9384526116687582,-0.1631722053061777
SRP54,-2.0931661360759777,-2.2452203527186443,0.1520542166426666
LTO1,-2.090117569137141,-1.7641727677834054,-0.3259448013537358
MED30,-2.0627337609317253,-1.9050137811534533,-0.157719979778272
PRELID3B,-2.0507297233472714,-1.6860911321290954,-0.364638591218176
ESPL1,-2.039663555591456,-2.058206434037158,0.018542878445702016
THAP1,-2.0331292721410064,-1.173935878406094,-0.8591933937349123
TRMT112,-2.0223062204683897,-1.7936336915053133,-0.22867252896307644
RPL36A,-2.007314030761,-1.471372312669876,-0.5359417180911241
DUT,-1.9985779320041728,-1.7684985339971255,-0.23007939800704724
CDK7,-1.993198867299001,-1.779378880638582,-0.21381998666041913
SNU13,-1.9852819953401213,-2.359099448418628,0.3738174530785068
MAK16,-1.984544221592004,-1.7976789217507432,-0.18686529984126077
LSM8,-1.9772957647342293,-1.8079785627585685,-0.1693172019756608
RPS5,-1.974694364398298,-1.7741768174291384,-0.20051754696915958
RPL14,-1.9731642358378336,-1.9558034737308634,-0.01736076210697024
RPL8,-1.9711204328668923,-2.4229391956327566,0.4518187627658643
SNAPC2,-1.957479516780965,-1.26378567549594,-0.6936938412850251
MAD2L1,-1.9460315243698725,-1.7059067327573554,-0.2401247916125171
MED11,-1.93172196084845,-1.819446623324569,-0.11227533752388097
BUD23,-1.9303136682411977,-1.4122994076943087,-0.5180142605468889
RPA3,-1.8922028005238556,-2.142351427340646,0.2501486268167905
NIFK,-1.875681164832358,-1.6620630568815202,-0.2136181079508377
LSM3,-1.8649023954396344,-1.8445783205351942,-0.020324074904440215
RPL35A,-1.8581838883667376,-1.5272686827760216,-0.3309152055907161
TRNT1,-1.8485856175429232,-1.4065747027925537,-0.44201091475036947
SF3B6,-1.847636429846029,-1.97939621301278,0.13175978316675097
CCT8,-1.832205427120859,-1.6762843275084216,-0.15592109961243739
RACK1,-1.8265798503071935,-1.8664363662209724,0.03985651591377892
NEDD8,-1.8260933616091888,-1.660537212595861,-0.1655561490133277
HSPD1,-1.8232208234610536,-1.675633269191853,-0.14758755426920067
INTS11,-1.8230700752668043,-1.9272303946435427,0.10416031937673842
BRF2,-1.8132114600683709,-1.7223651023292275,-0.0908463577391434
TONSL,-1.798323730797061,-1.74260419156797,-0.05571953922909101
LSM7,-1.7982918553393568,-1.8058061254950504,0.007514270155693614
FBXO5,-1.7928195346008895,-1.2790077950267864,-0.5138117395741031
RPL36,-1.7876224858727732,-2.061556765190927,0.27393427931815384
DDX10,-1.7841732338651206,-1.4685425200987905,-0.3156307137663301
NUTF2,-1.778507175905816,-1.8115909300172683,0.03308375411145237
SPOUT1,-1.767770927006867,-1.339443406879107,-0.4283275201277601
RPS17,-1.764551542101656,-1.5372021361005987,-0.22734940600105724
POP5,-1.7638577768001424,-1.642343080245507,-0.12151469655463543
ELOB,-1.760101872109661,-1.3901708322172377,-0.3699310398924234
RPL7A,-1.7573210021955847,-2.1531914283038454,0.3958704261082606
BANF1,-1.7525367890456025,-2.057609669605514,0.30507288055991144
RPLP1,-1.7383685507299642,-1.3575770215383167,-0.3807915291916475
SF3B4,-1.7316169991032344,-1.8409570187146027,0.1093400196113683
IMP3,-1.7169632214076405,-1.2602211551211142,-0.45674206628652625
DHX37,-1.6878957469021048,-1.4768302380333405,-0.2110655088687643
NCAPG2,-1.6747503753476018,-0.9678004540394266,-0.7069499213081752
RPL30,-1.670009057975394,-1.729001734469996,0.05899267649460205
SNRPG,-1.6689729101484878,-2.0982706811792746,0.4292977710307868
POP1,-1.6461561838242758,-1.2546185389185873,-0.39153764490568843
MYC,-1.6450663895903126,-1.8187332101156601,0.17366682052534754
CPSF4,-1.63846593914892,-1.4601587539071859,-0.17830718524173417
ERH,-1.6376923412538764,-2.056687203719102,0.41899486246522577
EIF3E,-1.6214848543668463,-1.3178251396303917,-0.3036597147364546
SAP30BP,-1.6197802071408862,-1.5348101442806938,-0.08497006286019237
PSMA4,-1.6187327202680426,-1.5463208112129516,-0.07241190905509098
COPS5,-1.6185679692667805,-1.807445732437095,0.18887776317031446
NXF1,-1.6160523304846683,-1.1892048241806912,-0.42684750630397716
H2BC11,-1.610394287160239,-1.6191680901618732,0.008773803001634217
DYNC1I2,-1.599101663359226,-1.6382056416263309,0.039103978267104766
RPP25L,-1.5978260325165596,-0.2341231070557206,-1.363702925460839
DPAGT1,-1.597755372062616,-1.4032706236922579,-0.19448474837035823
RPL26,-1.597678421415175,-1.9365767654834203,0.33889834406824537
MTBP,-1.5940545809150557,-1.6868421379121505,0.09278755699709484
ARIH1,-1.581136392919258,-1.3967636509387371,-0.18437274198052078
ZNHIT2,-1.5664871789212742,-1.4371249203565886,-0.12936225856468564
RAD21,-1.5663925757257833,-1.4745573939558363,-0.09183518176994698
PELP1,-1.560586465038785,-1.0523059826739907,-0.5082804823647944
RPL35,-1.5604174924464853,-1.4988927429851,-0.06152474946138531
MTREX,-1.5598847648912142,-1.629645567606831,0.06976080271561691
YJU2,-1.5423611404361408,-1.5059647520765966,-0.036396388359544174
H2BC4,-1.5335051992648938,-1.4906316605431384,-0.042873538721755367
VPS28,-1.522855995404317,-1.6696986581536724,0.1468426627493553
EIF2S2,-1.5147321216677194,-1.340426684355683,-0.17430543731203652
ANAPC1,-1.5135157383569815,-1.5886509385161243,0.07513520015914277
PSMG3,-1.5117798059942362,-1.1170322203440874,-0.3947475856501488
UBA52,-1.5096488112515918,-1.5301468041293664,0.02049799287777465
EIF3G,-1.508554550038938,-1.2192633111602644,-0.2892912388786735
ATP5F1B,-1.5056467514863137,-0.9283998158381631,-0.5772469356481505
GINS4,-1.5055412457201869,-1.3813720039483235,-0.12416924177186339
PPP1CB,-1.498194435300843,-1.2042120697589411,-0.2939823655419018
PPP1R12A,-1.49660032180406,-1.2538321100960612,-0.24276821170799878
MAD2L2,-1.490465885833068,-0.8289538389425293,-0.6615120468905387
POLR2G,-1.4871383432104726,-1.6127045410601057,0.1255661978496332
MCM3AP,-1.4868164328663476,-1.3817337987382317,-0.10508263412811591
RABGGTA,-1.4842328106805531,-1.2698419592680952,-0.21439085141245795
ROMO1,-1.4828485297515974,-1.017955723490927,-0.46489280626067053
CDAN1,-1.4798572586782397,-0.8168257619048216,-0.6630314967734181
MZT1,-1.4794285529364486,-1.360605695256799,-0.11882285767964951
RBM22,-1.4770974712154257,-1.7116218555435707,0.23452438432814504
SNRPB2,-1.470738930884147,-0.6933469019314635,-0.7773920289526834
GTF2E2,-1.467809667404093,-1.3609828486558917,-0.10682681874820132
CENPK,-1.456634683696092,-1.5718065078247432,0.11517182412865123
RPL7,-1.455872604434611,-1.5581809624736618,0.1023083580390507
NEPRO,-1.453730627648568,-1.2759582939826086,-0.17777233366595935
MARS2,-1.4484633811139154,-0.7533232037745916,-0.6951401773393238
MED22,-1.4438397004418555,-1.268231264302983,-0.17560843613887256
MRPL57,-1.4372952391374954,-0.6502005692308066,-0.7870946699066887
RTF2,-1.4123098394003188,-1.3644912564446767,-0.04781858295564212
NUS1,-1.4107813842611594,-1.3823558060010235,-0.02842557826013592
EIF3F,-1.4096803698184226,-1.4619896491775315,0.052309279359108896
ACTR2,-1.4050473792080729,-1.2513779887261127,-0.15366939048196016
YBX1,-1.4025789099048422,-1.2018080866648468,-0.2007708232399954
DCTN6,-1.4024615626477597,-1.1856095954793324,-0.21685196716842725
XPOT,-1.3997229765347718,-0.5197862390214332,-0.8799367375133387
AIRIM,-1.3923018537299872,-1.3448253318904366,-0.047476521839550534
H2AC15,-1.390108361319599,-1.3522644708630422,-0.037843890456556784
CHCHD4,-1.388531831868845,-0.9822982245966834,-0.40623360727216173
RPL13A,-1.3873528682370238,-1.89694651588039,0.5095936476433662
ATP6V1B2,-1.3848796705370805,-1.892573016169628,0.5076933456325474
SNRNP25,-1.3811131437375932,-1.441506720426597,0.0603935766890038
SKP1,-1.3801635686091394,-1.4483506878659944,0.06818711925685506
ELOC,-1.3783292514250944,-1.2322539144363756,-0.14607533698871888
CAPZB,-1.3719146771562405,-1.0325606279656583,-0.3393540491905822
SNAPC4,-1.3694684133049082,-1.178646201048526,-0.1908222122563823
RPL37,-1.3666582202194757,-1.580872953389625,0.21421473317014939
AURKA,-1.3645065247881467,-1.2257168705557764,-0.13878965423237033
CFAP298,-1.36199326955351,-1.2453213107168986,-0.11667195883661141
CDC42,-1.3446165356491058,-1.0502078847053813,-0.2944086509437245
SNAPC5,-1.3435127322639815,-1.2281486762433724,-0.11536405602060906
EIF1AX,-1.3402970335674853,-1.9178846980816135,0.5775876645141282
PSMC2,-1.337851366125043,-1.4656842672477852,0.12783290112274215
SBDS,-1.3378334311926263,-1.7975112102779285,0.45967777908530216
NMD3,-1.3271812022503169,-1.1601845759654152,-0.16699662628490164
DNAJC17,-1.3249385688332964,-1.1708044825605586,-0.15413408627273784
VIRMA,-1.3230532083360735,-1.2704030774324164,-0.05265013090365711
ATP5MF,-1.3216183063744422,-1.0247259430271876,-0.29689236334725466
CDCA8,-1.320123507441496,-1.4268417647326415,0.10671825729114537
INTS9,-1.309751666398551,-1.676857062781934,0.367105396383383
DDX41,-1.3068794564165782,-1.376797604441168,0.06991814802458984
H2BC6,-1.2962460300078005,-1.2434994268304411,-0.05274660317735935
IFITM3,-1.2945423118173631,-1.0517590010757647,-0.24278331074159842
POLR2H,-1.2906605711583616,-1.6333224431073248,0.34266187194896314
YAE1,-1.290632811706218,-1.105250657637748,-0.18538215406846992
ATP6V1F,-1.2897589616890606,-1.1405630260407524,-0.14919593564830813
UFD1,-1.288766774179937,-1.3885879426442735,0.09982116846433664
MRPL10,-1.2868942322427923,-0.7263779456132853,-0.560516286629507
XRCC5,-1.2754125864549342,-1.2225987728403915,-0.052813813614542626
PAM16,-1.2721257419928875,-1.370342992339516,0.09821725034662854
PABPC1,-1.2671625769150474,-1.0121425437609015,-0.2550200331541459
SEC61G,-1.2633456650954646,-1.2160958023441872,-0.047249862751277405
TAMM41,-1.2625321586706917,-0.6633800398793777,-0.599152118791314
SRSF10,-1.261119382711495,-0.6763374587537715,-0.5847819239577235
ATP5F1E,-1.259925703287746,-0.8900562399356582,-0.3698694633520878
SNAP23,-1.2479176109041092,-0.6194184809074506,-0.6284991299966587
EIF5A,-1.2473602199309268,-0.9688472916101392,-0.27851292832078767
MCM4,-1.2388728578286334,-1.2802280418029321,0.041355183974298715
UTP23,-1.2385898695045954,-0.9154639732127716,-0.32312589629182376
LETM1,-1.2363787573332383,-0.765464133178642,-0.4709146241545963
SSB,-1.228210524244639,-0.6722688966903045,-0.5559416275543345
RRS1,-1.2273370292065768,-1.2231918351738456,-0.004145194032731281
UBE2N,-1.2239324165420562,-1.0893507251215069,-0.13458169142054932
SBNO1,-1.2237215308010971,-1.3199528580582558,0.09623132725715866
DHX16,-1.2210587765672778,-1.293879211794259,0.07282043522698123
POLR2K,-1.2156439682314055,-1.0747257562634855,-0.14091821196791998
RPL10,-1.2095666610355311,-0.8718960240165889,-0.3376706370189422
SGO1,-1.203904347819961,-1.0746617852751719,-0.12924256254478905
CIAO3,-1.2025566920415671,-1.6366232981119102,0.4340666060703431
H3-3A,-1.1964135147482242,-1.262272985802714,0.06585947105448975
LSM6,-1.1956085052539436,-0.8792281088281166,-0.31638039642582694
MRPS11,-1.192861302575721,-0.6456432307303037,-0.5472180718454174
TUBGCP2,-1.1851301852253175,-1.2538270844440782,0.06869689921876065
FNTA,-1.183656297482219,-1.050373556501096,-0.1332827409811228
MRPS21,-1.1831790284104613,-0.9155312875266719,-0.2676477408837894
POLR1H,-1.1807333890871052,-0.8788272277757487,-0.3019061613113565
ATP5F1A,-1.1733874533047988,-0.6526690047682049,-0.5207184485365939
IARS2,-1.1726505277252803,-0.9847691221740067,-0.18788140555127364
HAUS6,-1.1640520708270854,-1.22476347210032,0.0607114012732346
MEPCE,-1.162728109022404,-1.0522326374015551,-0.11049547162084883
EEF1G,-1.1603322505320963,-1.019221124037228,-0.14111112649486834
UBE2L3,-1.158970552265727,-1.085548287928575,-0.07342226433715204
PPP1R11,-1.1551321790408895,-0.9814229916442148,-0.17370918739667474
GTF3A,-1.1501610305360197,-1.0922690562190998,-0.05789197431691995
NSMCE3,-1.1479105395797198,-0.7915290396343577,-0.35638149994536206
MRPL41,-1.142800470883773,-0.6612163009162664,-0.4815841699675065
HSD17B12,-1.1375594674490148,-0.33704516708702636,-0.8005143003619885
KIF4A,-1.128929330344442,-0.6015223863476729,-0.5274069439967692
ITGAV,-1.1199002651558307,-0.5358508942706154,-0.5840493708852154
AATF,-1.119894406952736,-0.8574681841426381,-0.26242622281009775
EIF3H,-1.119766077788365,-0.9234310230965272,-0.19633505469183765
NCAPD3,-1.1151082112171842,-0.8329314990209411,-0.2821767121962431
TGS1,-1.1150102815329055,-0.737920041346757,-0.37709024018614845
H2BC9,-1.1136508239300424,-1.0164591263852027,-0.0971916975448397
RNF113A,-1.1115641820457862,-0.9972605174989234,-0.1143036645468628
ZNF492,-1.111032034907288,-0.8304669420590418,-0.28056509284824616
MRPL45,-1.107914088259104,-0.7325448282449138,-0.37536926001419024
CFL1,-1.1077071880733278,-0.47737985357172374,-0.630327334501604
SNUPN,-1.1034980329892443,-0.9922540256579836,-0.11124400733126072
EXOSC4,-1.1030837301677738,-1.2427961018769764,0.1397123717092026
CIAO2B,-1.1029654100119612,-1.1373405842700872,0.03437517425812597
HYOU1,-1.1021262242488248,-1.0380459032040603,-0.06408032104476447
SOX2,-1.1013552002861853,-0.0383506272479327,-1.0630045730382527
NCAPH2,-1.099278596567545,-0.7162109668769117,-0.38306762969063324
AHCTF1,-1.0991788875590534,-1.2126085782711313,0.11342969071207798
INTS8,-1.0978829079443055,-1.1604435075284174,0.06256059958411186
TAF8,-1.0912693749632283,-0.9006382243508465,-0.19063115061238178
DHPS,-1.0905359985110932,-0.8341357649190857,-0.2564002335920075
GGTLC2,-1.0896689407120457,-1.0309446518585605,-0.05872428885348513
SEM1,-1.0889544170068275,-1.0398617426181787,-0.04909267438864884
PTPN11,-1.0887537614476408,-0.7790249721787976,-0.3097287892688432
TOMM20,-1.0877433120838398,-0.649687417626353,-0.4380558944574868
RAD51D,-1.087561807277709,-0.5256592537605398,-0.5619025535171691
ZPR1,-1.0764195243306016,-1.1837658189321147,0.10734629460151313
BOP1,-1.0739113547034602,-1.1946886522879967,0.12077729758453648
EAF1,-1.073046519258603,-0.36991291105495455,-0.7031336082036483
ATP5F1C,-1.0685999586122756,-0.5497983263203454,-0.5188016322919302
MIS12,-1.0679570663191054,-1.0991020004391308,0.03114493412002539
SPCS2,-1.0628129334674308,-0.6910511420853883,-0.37176179138204246
VHL,-1.060075972305587,-0.7514609935825304,-0.30861497872305665
PKM,-1.0596568348374245,-0.7689814478450627,-0.29067538699236173
GTF2H4,-1.0596115737058662,-0.7034120951455803,-0.3561994785602859
FCGR1A,-1.0569971533001945,-0.8281429908308502,-0.2288541624693443
ATP5PB,-1.054381667185557,-0.6328328925072191,-0.42154877467833796
CEP55,-1.052480324225207,-0.3159849072256177,-0.7364954169995893
TAF1A,-1.049658733179896,-0.7299419473107096,-0.3197167858691865
POLRMT,-1.0492748434561632,-0.5258727250537631,-0.5234021184024
GOLGA8R,-1.0476141434916526,-0.5514422188745826,-0.49617192461707005
LCE1F,-1.047184388421095,-0.8483639807564878,-0.19882040766460718
TUBGCP5,-1.0418681513394212,-1.0853409423825051,0.04347279104308388
COX7B,-1.039228525250948,-0.59462643640051,-0.44460208885043806
RPE,-1.0379103396714782,-0.6027465621162692,-0.43516377755520896
GTF3C2,-1.03697301643897,-0.8989415304172008,-0.1380314860217693
DBF4,-1.0368882766960297,-0.823135474727727,-0.2137528019683027
TUBA1C,-1.035193788201135,-0.8060697836232675,-0.22912400457786752
KNL1,-1.032694524592839,-0.88218620096963,-0.15050832362320898
TIPIN,-1.0324441028717772,-0.9781085665172068,-0.054335536354570446
TIMM13,-1.0313127266383568,-0.8139813437776886,-0.21733138286066822
IK,-1.0295950362905706,-1.371515343112525,0.3419203068219545
TBL3,-1.027754687961342,-1.2560215823631549,0.22826689440181291
MRPS16,-1.0165079306256872,-0.47008415465520104,-0.5464237759704862
SLC39A7,-1.0164323095361585,-0.9832582321253309,-0.03317407741082756
THOC3,-1.0152934774776163,-1.2847699817165483,0.269476504238932
EEF1B2,-1.0128157267929638,-0.8181060076571716,-0.19470971913579227
MED29,-1.010846372710974,-0.8578702825091735,-0.15297609020180047
GPS1,-1.0077673541209082,-0.9856671174561831,-0.02210023666472516
NMT1,-1.0043295711809417,-0.7079146184680005,-0.29641495271294116
PKMYT1,-1.0023274179205373,-1.2432702365260535,0.24094281860551625
ATP5F1D,-0.9985606662945984,-0.6815564993196054,-0.317004166974993
CCNB1,-0.9978771612788542,-0.768385602228679,-0.22949155905017515
SYF2,-0.996149236358172,-0.9786317268585835,-0.017517509499588524
TFIP11,-0.99167856555546,-1.0710487705264715,0.07937020497101155
H2BC15,-0.9895496678467204,-0.8153854758458788,-0.17416419200084154
TERF2,-0.9895060901962116,-0.9660877868928262,-0.023418303303385457
ACSL3,-0.9877291097895986,-0.25460117423048956,-0.733127935559109
DPH3,-0.983954085155229,-0.8908367916146032,-0.09311729354062581
TOE1,-0.9836036897217648,-0.4787223988240258,-0.504881290897739
GABPA,-0.9835930762397308,-0.8599059854597113,-0.12368709078001949
UTP11,-0.9816564900437244,-0.8586420005055921,-0.12301448953813221
CYCS,-0.9804713685363948,-0.6937520932709251,-0.2867192752654697
CHD4,-0.9803893890393592,-1.075831616723831,0.09544222768447186
EXOSC6,-0.97925358841022,-1.3177339388889666,0.3384803504787466
HUWE1,-0.9779702362336332,-0.8390829489867095,-0.13888728724692367
KRTAP4-2,-0.9777351897755492,-0.8301112519970673,-0.14762393777848193
EFL1,-0.9722882643996053,-0.9277085039357778,-0.0445797604638275
RAD9A,-0.9698239332491376,-0.8438784900537685,-0.12594544319536916
HDAC3,-0.9683073056533232,-0.9341049739605457,-0.03420233169277753
GEMIN6,-0.9668404948879546,-0.8015483666478995,-0.16529212824005513
H2AC16,-0.9624782322519356,-0.9465450153825692,-0.01593321686936644
ARPC3,-0.9619783319475472,-0.8785736176488615,-0.08340471429868568
SPDYE1,-0.9590259133847716,-0.8396738134935469,-0.11935209989122475
ZNF830,-0.9575044788523482,-0.9240118905905087,-0.03349258826183954
MRPL36,-0.9501968846927624,-0.4754244929728879,-0.4747723917198745
PPIA,-0.9494204013532558,-0.8392821654165996,-0.11013823593665617
VRK1,-0.9485315851610856,-0.4594598846144054,-0.4890717005466802
USP10,-0.9469529849494152,-0.6566218321281101,-0.29033115282130506
TARDBP,-0.94208648680385,-0.9085204390384112,-0.03356604776543881
COPS8,-0.9351228384548598,-1.0250620108373758,0.08993917238251603
FERMT2,-0.93332632399814,-0.4610393386215226,-0.4722869853766174
MRPS22,-0.9317282318551964,-0.540575382390192,-0.3911528494650044
TFB2M,-0.9305579131731978,-0.5610140761103282,-0.36954383706286964
H2AC20,-0.9283272127111332,-0.8502967324749092,-0.07803048023622394
GTF2F2,-0.9238288974291052,-0.8384006007802967,-0.08542829664880858
GTF2H5,-0.9228175572662712,-0.18227010345977446,-0.7405474538064968
VBP1,-0.922541515755088,-0.578469082475628,-0.34407243327946
CKS1B,-0.9220411911304704,-0.6750726014387666,-0.24696858969170388
TTC4,-0.9219414540330392,-0.5430894068769536,-0.37885204715608556
H2AC17,-0.9206759208832912,-0.9794731695416713,0.0587972486583801
HYPK,-0.9196626504612808,-0.8593915999919363,-0.060271050469344556
CDK2,-0.9191106019660692,-0.6239410181404492,-0.29516958382562
FAM133B,-0.9186892173457832,-0.80494412013612,-0.11374509720966319
CLSPN,-0.9165087025861192,-0.8964418193269663,-0.020066883259152846
UTP25,-0.9161641313117964,-0.9422793416301257,0.026115210318329307
SPRR1B,-0.9144684069023488,-0.5677538422011966,-0.34671456470115214
CDK6,-0.9132971289648556,-0.5045533482739782,-0.40874378069087736
MRPL43,-0.913196798135729,-0.5549418327263632,-0.35825496540936574
SKP2,-0.9123848765518237,-0.5763371467394782,-0.33604772981234543
H2BC13,-0.909833145805735,-0.7891965492147122,-0.12063659659102288
NDUFB1,-0.9096094556077584,-0.6749416962411403,-0.2346677593666181
SDHC,-0.9071219684738648,-0.8107409846312674,-0.09638098384259741
ACTG1,-0.9068748386128156,-0.6872021691413803,-0.21967266947143527
ATP6AP1,-0.906265999183428,-0.9654187386534774,0.0591527394700494
VDAC1,-0.9055998478518892,-0.7493887147809088,-0.15621113307098033
SCAP,-0.905571449551922,-0.9777066794787039,0.0721352299267819
RPAP2,-0.904611032571865,-0.9408364180904842,0.0362253855186192
MRPL55,-0.9021057850092012,-0.5030050642664812,-0.39910072074272007
RAD17,-0.9021020614144,-1.0338205240959408,0.13171846268154086
CACTIN,-0.9017423645765872,-0.9276000626256033,0.025857698049016165
TBCE,-0.9006200059533314,-0.6261462722400248,-0.2744737337133065
ARMC5,-0.900566881365025,-0.3003481789204519,-0.6002187024445731
GABPB1,-0.8928867546822477,-0.6379049842812454,-0.25498177040100223
CPSF1,-0.8902644943289094,-1.1785726048635294,0.28830811053462
RHOQ,-0.8885319278627586,-0.8155094083313424,-0.07302251953141614
SKIC8,-0.887330649011079,-0.8203705165407935,-0.06696013247028554
MRPL53,-0.8847122866821248,-0.5469020860224914,-0.3378102006596334
CENPC,-0.8846278499582703,-0.9395487540353946,0.054920904077124355
CCND3,-0.883695908535828,-0.22876020783032014,-0.6549357007055079
ELP1,-0.8835337671641349,-0.838682698552935,-0.04485106861119992
ZNHIT3,-0.8831269528220853,-0.5157499541141304,-0.3673769987079549
H2AZ1,-0.8792809750502628,-0.6125029853602132,-0.2667779896900496
FAM32A,-0.8780410003662094,-0.8407000382783267,-0.03734096208788262
MED21,-0.8762812084107916,-1.0106840934091061,0.13440288499831454
MLST8,-0.874597695505478,-0.4397827662116003,-0.43481492929387766
SMARCE1,-0.8721709591345155,-0.7800157946416346,-0.09215516449288086
TWNK,-0.8716057363276825,-0.3456744013608074,-0.525931334966875
CENPI,-0.8683339591865192,-0.6731789512807043,-0.19515500790581497
STXBP3,-0.8659675088310139,-0.36460031545363103,-0.5013671933773829
SRP14,-0.8655039530180888,-0.8829479322257185,0.017443979207629745
VARS2,-0.8622737527468141,-0.49176853085256284,-0.3705052218942512
CHTF8,-0.8613398525045676,-0.3888997884784836,-0.47244006402608396
CENPE,-0.8612798764508705,-0.9711922218593532,0.10991234540848271
CRKL,-0.8585443141520964,-0.8121093779713726,-0.04643493618072381
ANAPC2,-0.8572035453920676,-1.1576713858348953,0.3004678404428277
CIAPIN1,-0.8568917216432997,-0.8343044711506282,-0.022587250492671518
TBCC,-0.8540551353514653,-0.8183064220278375,-0.03574871332362772
MRE11,-0.8534696764318219,-0.36103982220408815,-0.4924298542277338
ISCA2,-0.8533243789129593,-0.6397578637966604,-0.21356651511629887
PPA2,-0.8526983264119186,-0.33371736383033895,-0.5189809625815796
WWTR1,-0.8514981241810848,-0.28700203967283255,-0.5644960845082523
TXNL4B,-0.8504726230782333,-0.8841003238436496,0.03362770076541621
CENPP,-0.8496027856096291,-0.34650017332595434,-0.5031026122836748
ELP3,-0.8482780678900905,-0.8360966552234119,-0.012181412666678604
EEF2KMT,-0.8427483404673055,-0.6978580191207043,-0.14489032134660118
NDUFS5,-0.8420419956701919,-0.5355156412160558,-0.3065263544541361
TPI1,-0.840970399409756,-0.8016008602361735,-0.039369539173582546
MT2A,-0.8406648878575234,-0.484242368808827,-0.3564225190486964
DDX11,-0.8406306724684988,-0.7215673244040544,-0.11906334806444441
PDCD6IP,-0.8384308200540305,-0.37520153596964695,-0.4632292840843835
ESS2,-0.836935811240755,-0.9810745186314874,0.14413870739073242
C19orf53,-0.8344200701035778,-0.5971384412763239,-0.2372816288272539
EARS2,-0.833582581288056,-0.29666079122286737,-0.5369217900651886
SASS6,-0.8318286709701216,-0.809416906515308,-0.022411764454813632
THG1L,-0.830616224169595,-0.8283388873232451,-0.0022773368463498977
NDUFAF8,-0.8293559259047999,-0.4803591602881979,-0.348996765616602
GTF2H1,-0.8287954950984039,-0.7596748460594975,-0.06912064903890636
METTL17,-0.8263192033208544,-0.47075510920451,-0.3555640941163444
DSCC1,-0.8250058412262807,-0.18170308460071988,-0.6433027566255609
CHMP7,-0.8240354249358997,-0.5379814750259229,-0.2860539499099768
ZNF236,-0.8218514630161275,-0.3802574735326806,-0.44159398948344697
GEMIN7,-0.8201659137129274,-0.6643894060413971,-0.15577650767153028
CHCHD1,-0.8198045671151222,-0.5665569028932652,-0.25324766422185696
COX5A,-0.8193597817916439,-0.48219726124659723,-0.3371625205450467
PTDSS1,-0.815324670658325,-0.1385043096449214,-0.6768203610134036
MIOS,-0.8126141014838091,-0.35393363717924664,-0.45868046430456244
MRPS34,-0.8119802385306627,-0.5034323163240747,-0.308547922206588
WTAP,-0.8117982425819044,-0.8029749348500137,-0.008823307731890662
NCKAP1,-0.8096243113985031,-0.4486447265222595,-0.3609795848762436
DRAP1,-0.8095332493418117,-0.34968720337863335,-0.45984604596317835
CIT,-0.8079235677846615,-0.49010851467461614,-0.3178150531100453
HNRNPC,-0.8078929828480245,-1.0021854184142,0.1942924355661756
POLG,-0.8070954080430304,-0.25346563567737923,-0.5536297723656511
UBE2C,-0.8038857823744565,-0.6827097080480296,-0.12117607432642696
NDUFB9,-0.8029138019232984,-0.5309727604060117,-0.2719410415172867
WDR24,-0.8022213409516128,-0.434126777137486,-0.3680945638141268
EP400,-0.8018074474883055,-0.9684271024008554,0.16661965491254993
UBAP1,-0.8017701717430284,-0.8315608455040687,0.029790673761040276
MTG2,-0.7941719260795324,-0.3519778746191333,-0.44219405146039903
MRPS28,-0.7940368852894857,-0.48116070993521476,-0.3128761753542709
INTS1,-0.7935153477045092,-0.8488406475980261,0.05532529989351698
CCDC59,-0.7919748546959807,-0.6033566780222148,-0.1886181766737659
TAF1D,-0.7901120333155054,-0.674561973971253,-0.11555005934425244
COX17,-0.7895917715614931,-0.7467497198412313,-0.04284205172026179
FOXD4,-0.7892094403442325,-0.897712263280566,0.10850282293633351
SSBP1,-0.7888158290993258,-0.33917023098226373,-0.44964559811706206
TMEM242,-0.7884944421398641,-0.3792775658160692,-0.4092168763237949
NOC2L,-0.7853009961029324,-0.7473452371906789,-0.037955758912253446
PHAX,-0.7849456681999138,-1.1227259827204124,0.3377803145204985
TIMM29,-0.7846487519777956,-0.6116100448288627,-0.17303870714893288
NELFCD,-0.7845998373910432,-0.6102371370809598,-0.17436270031008338
NFYB,-0.7831657970084863,-0.7768270605012682,-0.006338736507218168
NDUFA13,-0.7827911620107167,-0.47957478694499867,-0.3032163750657181
SGF29,-0.7817105996300618,-0.4630408173745087,-0.31866978225555315
POMP,-0.7774717606035884,-0.8114341810514398,0.03396242044785147
DDX52,-0.7767025099758295,-0.6851276860972694,-0.09157482387856009
WASHC2C,-0.7737198818022525,-0.522216362047038,-0.25150351975521446
DCLRE1B,-0.7727281463057627,-0.639323543765614,-0.13340460254014874
NACA,-0.771109565597589,-1.2613735704180304,0.4902640048204414
NDUFB10,-0.7701779381100261,-0.5936581125857083,-0.17651982552431777
SRPRA,-0.769181839468954,-0.6921086138179781,-0.07707322565097596
KTI12,-0.7687329584040032,-0.6479838381588151,-0.12074912024518814
MEN1,-0.7679029604429068,-0.23301715297498793,-0.5348858074679189
PCBP1,-0.7634059527847146,-1.4023661064208894,0.6389601536361749
ENY2,-0.7604858069902928,-0.6305450165282267,-0.12994079046206608
BTF3,-0.757878576466722,-0.8107377852787465,0.05285920881202455
ATP5PF,-0.7557047762817668,-0.35369566928185686,-0.40200910699990994
LDHB,-0.753467460213844,0.018368800899488447,-0.7718362611133325
MED10,-0.7519258249897288,-0.5308814297040158,-0.22104439528571307
TRAPPC5,-0.751233156147083,-0.7140897367974013,-0.03714341934968168
MBTPS2,-0.7512062209870624,-0.4730535558917811,-0.27815266509528125
PDCD7,-0.7502439210593839,-0.8851911869506042,0.1349472658912203
ATXN10,-0.747689933110496,-0.5672870683769768,-0.18040286473351919
SETD1A,-0.7473510117659482,-0.7901939155856175,0.042842903819669265
TBP,-0.7471787354766052,-0.7899725758965134,0.04279384041990819
CDC26,-0.7468035629028617,-0.7545200794943857,0.0077165165915240586
H2AC12,-0.7455432713349252,-0.7249602818096039,-0.020582989525321227
POTEG,-0.7447095045603126,-0.6009858727624151,-0.1437236317978975
GPX4,-0.7437875405067292,-0.8036837117606515,0.059896171253922215
SLBP,-0.7428353923542889,-0.6949086616514615,-0.04792673070282738
RPL22,-0.7415777623692904,-0.7155786606599592,-0.025999101709331174
MRPL3,-0.7412936026126546,-0.3827860000746386,-0.35850760253801606
THAP11,-0.7409900527021624,-0.4356634424997373,-0.30532661020242513
STRAP,-0.7390496918607754,-0.7509293820059518,0.011879690145176425
MCL1,-0.7370683884474848,-0.676385627060953,-0.060682761386531836
MTRF1L,-0.7370577754616828,-0.2934277436757077,-0.44363003178597515
RPL36AL,-0.7358609380127401,-0.6612483664568758,-0.07461257155586432
RPAP3,-0.7350394228211183,-0.8006367489217369,0.06559732610061852
LSM10,-0.7347514968760452,-0.555193982869533,-0.1795575140065122
TRIM37,-0.7346315692191832,-0.5469057047274137,-0.18772586449176942
PPP2R3C,-0.7344666124240001,-0.5944750200691488,-0.13999159235485137
TAF7,-0.7327740951126032,-0.767106362977866,0.03433226786526289
TAF2,-0.7324006962022155,-0.7992946399018752,0.06689394369965973
XRCC1,-0.732246362157636,-0.2735339601353506,-0.45871240202228547
DNAJC8,-0.7314649885845704,-0.7993226639025168,0.0678576753179464
CHCHD2,-0.730668400161878,-0.35338684461484365,-0.3772815555470343
CCDC174,-0.7302676155145695,-0.7392346729821662,0.008967057467596629
DNAJC19,-0.7273611854360091,-0.11043436333115139,-0.6169268221048577
CMTR1,-0.7268395276828146,-0.8035592778825806,0.07671975019976607
PFDN5,-0.7268040885416918,-0.7776068034182338,0.05080271487654209
RANBP1,-0.7231670944217896,-0.4049304921703348,-0.31823660225145484
VEZT,-0.7229512758536565,-0.4534237195065554,-0.26952755634710107
PA2G4,-0.7203731140830699,-0.5085330522965097,-0.21184006178656023
TEAD1,-0.7188731259132621,-0.18201398884301728,-0.5368591370702449
MRPL33,-0.7180069594613894,-0.35802299653579533,-0.35998396292559404
ATP5ME,-0.7178437647235082,-0.3974156995880611,-0.3204280651354471
COX11,-0.7175632066308799,-0.4107552558438521,-0.3068079507870278
NFYC,-0.7162095725839654,-0.7849089808386231,0.0686994082546577
ARFRP1,-0.7154755540649067,-0.714178877320921,-0.001296676743985703
ACACA,-0.7153443745691521,-0.34823336336864336,-0.36711101120050876
MRPS2,-0.7149400721640078,-0.3754633809811444,-0.3394766911828634
WDR83,-0.7144213209091539,-0.4023099824334284,-0.3121113384757255
MRPL2,-0.7137027838340774,-0.26294580049762006,-0.4507569833364573
UBE2S,-0.7132787643735969,-0.34316490622995366,-0.3701138581436433
NDUFAF1,-0.7101470078194859,-0.4913390779982671,-0.21880792982121883
ATP5PD,-0.7090562489558956,-0.48212011652021713,-0.22693613243567845
MRPL15,-0.7080695154204668,-0.3469719227173864,-0.3610975927030804
BUB1,-0.7077605081839673,-0.8372025781799651,0.12944206999599783
RAD51B,-0.7069045480564167,-0.21814128261677374,-0.48876326543964294
ITGB5,-0.7058203868843695,-0.22993678276385354,-0.475883604120516
C1QBP,-0.7043406356831051,-0.3726187119253266,-0.33172192375777854
MYH9,-0.704247358157575,-0.41055209925115677,-0.29369525890641823
TIMM23,-0.7037301240618734,-0.9062433825564109,0.2025132584945375
PPP4R2,-0.7037221938399129,-0.6386169648976571,-0.06510522894225579
ICE2,-0.7035131161863942,-0.4340698174775882,-0.269443298708806
H2AC6,-0.7020234875288544,-0.691082270760615,-0.010941216768239337
RTCB,-0.7017317806225918,-0.6029583351075508,-0.09877344551504097
MRPL58,-0.7013426324846889,-0.40128758307988444,-0.30005504940480443
KRTAP5-7,-0.6987254226617458,-0.6677600706751797,-0.030965351986566025
ATP6V1C1,-0.6975230302205881,-1.0911149704087846,0.39359194018819643
TPRKB,-0.6971110091569086,-0.5713435026168499,-0.12576750654005875
GTPBP8,-0.6953949342746973,-0.23256962853173163,-0.4628253057429657
FTH1,-0.6931657834477305,-0.5458908164722058,-0.14727496697552467
PPP1R14B,-0.6928890019144689,-0.5042934636104096,-0.18859553830405928
HMGA1,-0.6920849632250343,-0.5961291759916032,-0.09595578723343112
H2BC5,-0.6903613368856958,-0.6574272453899341,-0.03293409149576165
NPM1,-0.6901077642854239,-0.7400555001937914,0.04994773590836754
TRA2B,-0.6877244176605104,-0.4636932415305936,-0.2240311761299168
KRTAP21-1,-0.6877029854911532,-0.328400504073005,-0.3593024814181482
AARS2,-0.6870317389339614,-0.43554878102042366,-0.25148295791353775
PTPA,-0.686612694030575,-0.5518292151157982,-0.13478347891477682
TUBA3D,-0.6859927139583197,-0.5269303409239465,-0.1590623730343732
MRGBP,-0.6829146847660177,-0.6683311881635128,-0.014583496602504908
RPL39,-0.6819379792086393,-0.6483568917657266,-0.03358108744291266
NDUFS2,-0.6818192390461323,-0.42600117451092123,-0.25581806453521105
INTS6,-0.678139002984627,-0.7198659739416731,0.04172697095704603
PDCD5,-0.6778530119918389,-0.43721872867411393,-0.24063428331772496
GOLT1B,-0.6766071573517605,-0.31305694903003456,-0.3635502083217259
TAF10,-0.676252410068377,-0.7298800613811739,0.0536276513127969
TTI2,-0.674157615672873,-0.7644974336276792,0.09033981795480617
HAUS2,-0.6736125478153902,-0.7675805381810636,0.09396799036567349
BRAT1,-0.6726488476979624,-0.3701374940561061,-0.30251135364185633
RBMXL1,-0.6722459758875291,-0.6341932435557003,-0.03805273233182882
MRPL14,-0.6721367700247082,-0.2995801726529992,-0.372556597371709
ATP5MG,-0.6715676393386828,-0.3273471661033488,-0.344220473235334
SPATA31A7,-0.6712045277793802,-0.3197306751695751,-0.3514738526098051
KMT5A,-0.6710649343304682,-0.6771014001577627,0.006036465827294446
COG1,-0.6710132434467246,-0.47015908709278853,-0.2008541563539361
FDX2,-0.6704524759305687,-0.6342246848350086,-0.03622779109556007
UBE2D3,-0.6696321114584591,-0.6687086802166757,-0.0009234312417834012
EXOC3,-0.6684021148882793,-0.6120714284947124,-0.056330686393566864
PTPN23,-0.6678239602900796,-0.996869977018103,0.32904601672802336
G6PD,-0.6676333843386651,-0.11835993129601295,-0.5492734530426522
MRPL28,-0.6675084550606979,-0.38247520648430144,-0.28503324857639645
NOL12,-0.6663790902213121,-0.7069416050873065,0.04056251486599438
RBBP7,-0.6660101628315415,-0.0684229689605948,-0.5975871938709467
GEMIN4,-0.6657639678159689,-0.6751134670106167,0.009349499194647781
PHF12,-0.6653846285023401,-0.44944826885645617,-0.21593635964588398
NUBP2,-0.6647609212763073,-0.6367981783598942,-0.027962742916413097
AQP7,-0.6641643840017446,-0.33215350675671645,-0.33201087724502815
AGAP5,-0.6626459511698316,-0.5759367331111489,-0.0867092180586827
SUPT3H,-0.6621829689188866,-0.12443945869023895,-0.5377435102286476
BCLAF1,-0.6608893409096391,-0.6013582324998714,-0.05953110840976772
TRMT10C,-0.6601931710933134,-0.4299238248149741,-0.23026934627833934
NPEPPS,-0.6600267808541961,-0.43077540242404067,-0.22925137843015542
COA7,-0.6593713666971102,-0.3653563192428065,-0.2940150474543037
UQCRB,-0.6586255094367721,-0.37110784891031345,-0.28751766052645866
ERVW-1,-0.6580985967189535,-0.492306181180161,-0.16579241553879254
HIRA,-0.6573972249187429,-0.6333212437683595,-0.02407598115038334
BAP1,-0.6570599600001017,-0.42657057031957574,-0.23048938968052596
POU2F1,-0.6546759606337307,-0.312851975806572,-0.3418239848271587
PI4KA,-0.6545217358924431,-0.6168208500197341,-0.03770088587270903
YWHAE,-0.6530205275332126,-0.37514224764874465,-0.27787827988446795
GET3,-0.6528018208866376,-0.6342117310351629,-0.0185900898514747
KIF14,-0.6520024388775679,-0.4276861039140589,-0.224316334963509
ESCO2,-0.6519409754501211,-0.2966172520652519,-0.3553237233848692
NDUFS1,-0.6509605409072066,-0.3971709337772563,-0.25378960712995025
RHEB,-0.650166269022585,-0.7487620072074219,0.09859573818483691
PFDN4,-0.6499193838364717,-0.2814781249384337,-0.368441258898038
SERBP1,-0.6479715975321153,-0.5294249510305136,-0.11854664650160174
OR2T8,-0.6466030140167796,-0.1430604436057674,-0.5035425704110121
ELAVL1,-0.6461706931078324,-0.2860481481990823,-0.36012254490875006
OR7A17,-0.6454782623958261,-0.4387613288208127,-0.20671693357501336
CYB5B,-0.6450771772315305,-0.2126232543500891,-0.43245392288144135
SRSF6,-0.6444975691869564,-0.5171685872767549,-0.1273289819102016
RICTOR,-0.6442225875700655,-0.4476339426481467,-0.19658864492191874
POTEH,-0.6432039418428529,-0.2087802290436664,-0.4344237127991865
ADSS2,-0.6427757791521512,-0.5121560069940556,-0.13061977215809562
NDUFB3,-0.6418674652424615,-0.6090609288806101,-0.03280653636185138
NSMCE2,-0.6416906325305058,-0.4220921673533913,-0.21959846517711457
NDUFB7,-0.6412677748648277,-0.4702470194499899,-0.17102075541483774
NRBP1,-0.6394237247594079,-0.9500221579708662,0.3105984332114583
HSP90B1,-0.6368148025108901,-0.5837854324659468,-0.053029370044943236
RBM8A,-0.6367914961417315,-1.277478616807271,0.6406871206655395
FBXW11,-0.6356599899615336,-0.41961008375521414,-0.21604990620631948
PTTG1,-0.634076086911884,-0.6020382156792936,-0.03203787123259039
NDUFA11,-0.6333874410400694,-0.46839611249736846,-0.16499132854270093
MUC20,-0.6331847672437819,-0.20401066204946272,-0.4291741051943192
HECTD1,-0.6314142970731178,-0.3453009043063442,-0.2861133927667736
MICOS10,-0.6310625838231154,-0.34451222135503945,-0.28655036246807597
MRPL54,-0.6307627948226728,-0.3242569594276188,-0.30650583539505405
IPO13,-0.6305898276463386,-1.104795599115286,0.4742057714689474
UBR5,-0.6301001384447522,-0.4274391195255734,-0.20266101891917881
ERAL1,-0.6300207737380816,-0.3675281043745582,-0.26249266936352345
MRPL50,-0.6294173689689456,-0.3675487132480191,-0.26186865572092655
BRD2,-0.6274106562041648,-0.4134567682948582,-0.21395388790930658
SDHD,-0.6252756690517225,-0.47633486599367014,-0.14894080305805235
DDX28,-0.6249303339625121,-0.3150693516453992,-0.3098609823171129
GMPPB,-0.6241188365356074,-0.8849053227306547,0.2607864861950473
DDX42,-0.623061267827019,-0.9600626244955388,0.3370013566685198
OR4N2,-0.6229630169459046,-0.3964835153533577,-0.22647950159254693
MRPL46,-0.6219344962559674,-0.20741721304726723,-0.4145172832087002
GATB,-0.6218224732376036,-0.3132038768887002,-0.30861859634890343
TIMM9,-0.6201389167681437,-0.5265598638437607,-0.09357905292438295
OR2M3,-0.6196176452696339,-0.0532404586548441,-0.5663771866147899
HSPA13,-0.6190353201947683,-0.2185039821035696,-0.4005313380911987
ING3,-0.6178143097545138,-0.4256122625869726,-0.1922020471675412
PDE4DIP,-0.6136400097926601,-0.4259177233692301,-0.18772228642342997
EIF4B,-0.6120701853971434,-0.5212437068864495,-0.09082647851069392
PISD,-0.6116276883330407,-0.6965491940510427,0.08492150571800194
ZNG1B,-0.6107025960572849,-0.6727801940271055,0.0620775979698206
COX20,-0.6103413423225832,-0.46994046287479263,-0.14040087944779056
SUPT7L,-0.6098759214609639,-0.0271887208707835,-0.5826872005901804
NOP53,-0.6089732252794772,-0.5619030729910302,-0.04707015228844702
PYROXD1,-0.6088791105486466,-0.7270762673065396,0.118197156757893
CIAO2A,-0.6078837819820769,-0.27899527148111125,-0.3288885105009657
RRAGA,-0.60784287706311,-0.40433744406808847,-0.20350543299502155
NDOR1,-0.6071038895069845,-0.6582107225793686,0.05110683307238417
DDX1,-0.6068561221999386,-0.36317092273203694,-0.24368519946790163
BANP,-0.6061001064733229,-0.9389492273176019,0.332849120844279
H2AX,-0.6060487912903667,-0.45807720506600474,-0.14797158622436196
PIP5K1A,-0.6045247887061898,-0.5626022049785233,-0.04192258372766644
NDUFC2,-0.604103868299686,-0.4444124902197228,-0.1596913780799632
MRM2,-0.6038193374463379,-0.2727720530087817,-0.33104728443755616
RMI1,-0.6030827340539712,-0.5516426543390867,-0.05144007971488451
HIGD2A,-0.6030025212798682,-0.352024597802041,-0.2509779234778272
AURKAIP1,-0.6018247464760862,-0.42328953781342543,-0.17853520866266076
FECH,-0.6017657241021489,-0.4305279997260618,-0.17123772437608709
NUP50,-0.6009880959410183,-0.5700983848191223,-0.03088971112189598
IDH3A,-0.600833322924502,-0.4126807882538952,-0.18815253467060677
MSTO1,-0.6005861126375572,-0.8565336866987231,0.25594757406116586
EIF1AY,-0.6002221722580815,-0.2732003254047686,-0.3270218468533129
RNF4,-0.5983289720779392,-0.5103551422304422,-0.08797382984749702
POLG2,-0.5979373668528611,-0.29961050334975475,-0.2983268635031064
FAM136A,-0.5971265304350666,-0.5014378695634647,-0.09568866087160188
HGS,-0.5966980335875209,-0.6978508156251702,0.10115278203764921
CDK4,-0.5962034672260077,-0.6176794145311088,0.02147594730510105
CCAR1,-0.5959441310298341,-0.645260933309423,0.0493168022795889
CCNC,-0.5950622482034413,-0.24881728523166186,-0.3462449629717795
PTMA,-0.5944127975466388,-0.4200740090198626,-0.1743387885267762
TADA1,-0.5941533705995091,-0.13031834045322022,-0.4638350301462889
ASH1L,-0.5929002921087315,-0.17290054923628315,-0.41999974287244835
CPAMD8,-0.5907002955754268,-0.3275889239253741,-0.2631113716500527
LRRC37A3,-0.5897289506304078,-0.3719710043295793,-0.21775794630082845
SIN3A,-0.5896000461990174,-1.0997627522731444,0.510162706074127
KLF16,-0.5893903780945207,-0.3339477480244425,-0.25544263007007817
INPP5K,-0.5890693790497652,-0.06181312831425945,-0.5272562507355057
FDPS,-0.5878294935611891,-0.555116408519885,-0.0327130850413041
CBFB,-0.5877777250454661,-0.16535631838045245,-0.42242140666501365
LAMTOR4,-0.5864807813759627,-0.4640704025090847,-0.122410378866878
OR4K1,-0.5860051444337631,-0.4165449630117109,-0.16946018142205216
TADA3,-0.5858842876846,-0.19075818036291697,-0.395126107321683
BRIP1,-0.5841311235738154,-0.2969185404523474,-0.28721258312146797
ACTR1A,-0.5836729770646173,-0.6868491537790524,0.10317617671443513
DOHH,-0.5835636880381374,-0.39421055002711225,-0.18935313801102516
H2BC21,-0.5828697649738961,-0.6089187088179048,0.026048943844008687
SPRYD4,-0.5823370919179017,-0.46721282361567074,-0.11512426830223099
VPS35,-0.580402768900501,-0.5807697772254601,0.00036700832495906166
NDUFAF3,-0.580161766223515,-0.35858655449973265,-0.22157521172378236
WBP1,-0.5794471830085888,-0.47609803920094995,-0.10334914380763882
MBTPS1,-0.5793494598839277,-0.5876793545480048,0.008329894664077075
MOCS3,-0.5784929009964443,-0.6818281762244811,0.10333527522803676
ACTB,-0.5778594089329404,-0.5687214695564462,-0.009137939376494209
COX6C,-0.5754687681631321,-0.38020489149622694,-0.19526387666690515
EMC7,-0.5753416028553512,-0.560614330640407,-0.014727272214944187
AGAP6,-0.5752932170573563,-0.49069785702415203,-0.08459536003320423
ACLY,-0.5744773428352625,-0.36385760352205215,-0.21061973931321037
LIN7C,-0.5739575181501555,-0.24221723382467236,-0.33174028432548314
OR2T27,-0.5734572309994952,-0.2350194393862623,-0.3384377916132329
NDUFS8,-0.5708723840419582,-0.40287468152157124,-0.16799770252038693
SLIRP,-0.5703278829727285,-0.26103881521187633,-0.3092890677608522
TMSB10,-0.5694498835480811,-0.4466118002015874,-0.12283808334649371
ZRSR2,-0.5689880239141193,-0.6389107770876445,0.06992275317352525
NDUFV1,-0.5687680308772123,-0.3353902007498283,-0.233377830127384
KAT5,-0.5682667891348263,-0.6389827868736646,0.0707159977388383
BAZ1B,-0.5681229789662431,-0.31954937941462,-0.24857359955162306
EAPP,-0.5680280316958333,-0.6606213987328098,0.09259336703697651
POLR3D,-0.5672453272635123,-0.5274899330712091,-0.03975539419230323
CARS2,-0.5663985494708688,-0.1684610893112855,-0.39793746015958326
GTF2F1,-0.5660134368775733,-0.5757079408984107,0.00969450402083738
MZT2A,-0.5658955380089677,-0.428755254220559,-0.13714028378840876
CAMLG,-0.5651825308030916,-0.46844251520634783,-0.09674001559674372
NUMA1,-0.5645432770881027,-0.6464409645372,0.08189768744909731
NDUFA2,-0.5643602460345177,-0.4086655236580387,-0.15569472237647902
BRPF1,-0.5637258908506416,-0.2095889327394173,-0.3541369581112243
OR4C46,-0.563567210968974,-0.442037763040232,-0.12152944792874198
RPL28,-0.5625765451954947,-0.7819301107421183,0.21935356554662355
GNG5,-0.5619444792939792,-0.2606023846246278,-0.30134209466935136
RAP1B,-0.5604871393096448,-0.4514586645348636,-0.10902847477478117
NDUFA4,-0.5600397559609445,-0.3505973337753563,-0.20944242218558817
TRIT1,-0.5594441860315893,-0.15191149296956585,-0.40753269306202344
MEAF6,-0.5582850320023724,-0.3994669365453071,-0.15881809545706532
RCC1L,-0.5581808316633983,-0.2637108776154255,-0.29446995404797277
MRM3,-0.5573243008971741,-0.09563302725422405,-0.46169127364295004
RPL26L1,-0.5565593031625122,-0.40755892056630516,-0.14900038259620707
DICER1,-0.5543463565361972,-0.4435919648319711,-0.11075439170422613
COP1,-0.5540510823089633,-0.27337793400326355,-0.2806731483056997
CYC1,-0.5533393359664218,-0.4028715340997784,-0.15046780186664344
PPAT,-0.5529500141121021,-0.6310264437856603,0.07807642967355821
PELO,-0.5528482345882755,-0.7669944575910269,0.21414622300275143
TSC22D2,-0.5528267545867681,-0.3848655083731074,-0.1679612462136607
NDUFA8,-0.5515898319015956,-0.37806364824250943,-0.17352618365908618
STAG2,-0.5512041358903618,-0.24999594092868313,-0.3012081949616786
LAMTOR3,-0.5507500896154417,-0.5693790196476678,0.0186289300322261
UFM1,-0.5505801034774109,-0.4516691655086884,-0.09891093796872252
PRR13,-0.5492923630503851,-0.5041769588618985,-0.045115404188486585
DYNLL1,-0.5490702116204382,-0.5453179007297297,-0.003752310890708488
RNASEH2C,-0.5480112515047488,-0.1019844303483865,-0.44602682115636233
PRB4,-0.5479208078158342,-0.1397733023769457,-0.40814750543888845
USP8,-0.547878806770636,-0.7727340201581777,0.22485521338754166
H2AC4,-0.5468896859207073,-0.5328007795465941,-0.014088906374113197
SLC25A5,-0.546690093272846,-0.39617638092608276,-0.15051371234676325
COX7C,-0.5464724448843833,-0.4538500723101765,-0.0926223725742068
HMGB1,-0.5455984580745927,-0.48438497328783936,-0.06121348478675337
OR2T2,-0.5431924473280164,-0.3185503880828164,-0.22464205924520003
RTRAF,-0.5430356442673591,-0.3805555966496086,-0.16248004761775048
EXOC8,-0.5430031181333952,-0.4023273040283497,-0.14067581410504548
ABHD17A,-0.5429462483265679,-0.30672560178530484,-0.23622064654126307
MRPL23,-0.5425994952055988,-0.3726829064408562,-0.16991658876474258
ECHS1,-0.5411518128032409,-0.05666870911322945,-0.4844831036900114
DUXA,-0.5402421615640816,-0.3548290465811835,-0.18541311498289803
ADAT3,-0.5399426435201357,-0.25748082243508047,-0.2824618210850552
PUS3,-0.5391883600706593,-0.11410586388267195,-0.4250824961879873
CENPO,-0.5390773059724668,-0.1228993940750222,-0.41617791189744463
OR2M7,-0.5384998990670176,-0.2471842853776861,-0.29131561368933145
FKBP1A,-0.5350310000799757,-0.3348860961081242,-0.20014490397185153
ERCC6L,-0.5342809091329608,-0.25236978351418,-0.2819111256187808
MED24,-0.5335648563726855,-0.37129098926218396,-0.1622738671105015
LSM12,-0.5329424299326001,-0.4810827193735507,-0.05185971055904942
SOX9,-0.5326608419349516,-0.16378021644100685,-0.36888062549394474
SETDB1,-0.5319701163880423,-0.37265520886673686,-0.1593149075213054
RGP1,-0.531525264118321,-0.48992516572359174,-0.04160009839472928
CWF19L1,-0.5300949682625444,-0.1881939300091776,-0.3419010382533668
DHFR2,-0.5299878992709236,-0.4502852170678957,-0.0797026822030279
TLK2,-0.5297385312499566,-0.6360658796470423,0.10632734839708569
CIP2A,-0.5286723077682886,-0.24919920897531367,-0.2794730987929749
H2AC21,-0.5275719201785397,-0.3135299246932908,-0.21404199548524894
MVK,-0.5269798719912546,-0.7951176125495736,0.26813774055831896
SETD2,-0.526974094164304,-0.4515885588255052,-0.07538553533879877
COX6A1,-0.5260357244836495,-0.5455494126539611,0.019513688170311516
USP7,-0.5244516121587717,-0.7674495861220239,0.24299797396325218
TADA2A,-0.5243765835113493,-0.5504281277026908,0.02605154419134148
GLRX5,-0.5236499202138842,-0.39477169243296084,-0.1288782277809234
COQ2,-0.5236304686643843,-0.38068681560844986,-0.14294365305593448
MIX23,-0.5232847235314928,-0.26731630045706123,-0.2559684230744316
LCE5A,-0.5227013920011285,-0.6028247299884473,0.08012333798731874
UBQLN4,-0.5223086040685695,-0.5609976186494552,0.038689014580885694
RBFA,-0.5213237148041501,-0.14589934440693791,-0.37542437039721216
LIN9,-0.5192843676044357,-0.5270486788625781,0.0077643112581423646
CENPT,-0.5182082902824353,-0.5471226047741133,0.028914314491678028
FRS2,-0.5176839851643499,-0.23500134803832734,-0.28268263712602254
SLC4A7,-0.5158440299309095,-0.43362242376793725,-0.08222160616297225
CLK2,-0.5158125154150568,-0.38855373774864604,-0.12725877766641075
PTP4A2,-0.5151843530835531,-0.2642225219004601,-0.25096183118309306
ATAD5,-0.5151234151933716,-0.407230681592145,-0.10789273360122659
RPUSD3,-0.5126820991961054,-0.1660369322470433,-0.3466451669490621
ZNF593,-0.5124970285943158,-0.4517115218961667,-0.06078550669814908
ISCA1,-0.5117169681450908,-0.3430715009188793,-0.16864546722621154
FASTKD5,-0.5108636812813865,-0.20747315515483977,-0.3033905261265467
EXT1,-0.510841482616472,-0.26202703588627907,-0.24881444673019293
NGRN,-0.5104639891539854,-0.20369637335580734,-0.306767615798178
CRCT1,-0.5099822505415226,-0.40295204855297956,-0.10703020198854302
CMC1,-0.5097492336114031,-0.3019438476037689,-0.2078053860076342
RANBP3,-0.5076199159299734,-0.3400799455353333,-0.16753997039464008
ATXN7L3,-0.5063604943290857,-0.1455668133853339,-0.3607936809437518
NASP,-0.5058844186579522,-0.5071231819034758,0.001238763245523633
ARPP19,-0.5056808117439789,-0.3279155293001219,-0.17776528244385703
MTERF4,-0.5053911654619411,-0.1470145143141962,-0.35837665114774486
H3C8,-0.5050558240288472,-0.4934165654528333,-0.011639258576013889
ZWINT,-0.504650224896262,-0.4104561024055372,-0.09419412249072479
H2BC8,-0.5038617179800039,-0.3997816751306041,-0.10408004284939981
PFN1,-0.5037629131751773,-0.6550515485334277,0.15128863535825043
UQCC3,-0.5028607219614869,-0.3392326442223264,-0.1636280777391605
INO80B,-0.50284818462301,-0.4421970369825189,-0.060651147640491065
MRPL13,-0.5027102288562884,-0.19171097002175025,-0.3109992588345381
NDUFB11,-0.5020609425399594,-0.3186630142780092,-0.18339792826195017
MRPS17,-0.5015295808476845,-0.23498654157606685,-0.26654303927161765
KATNB1,-0.5013998551649895,-0.3186667770931493,-0.18273307807184025
H2AC11,-0.5013820784151268,-0.42934467245402375,-0.07203740596110308
NRDC,-0.5006269842435405,-0.3820465438418462,-0.11858044040169424
PCBP2,-0.5002541766539615,-1.209061144692161,0.7088069680381995
DNLZ,-0.500124886328142,-0.40423443895845573,-0.09589044736968627
