pathway,gene,u251_gene_effect,median_across_lines,selectivity,dependency,common_essential
ciclopirox: ribonucleotide reductase,RRM1,-3.1446561746055437,-2.9195078694879575,-0.2251483051175862,True,True
ciclopirox: ribonucleotide reductase,RRM2,-2.24944950789065,-2.3922311201836246,0.1427816122929748,True,True
ciclopirox: ribonucleotide reductase,RRM2B,-0.0206286731356025,0.00401264672450115,-0.02464131986010365,False,False
ciclopirox: eIF5A hypusination,DOHH,-0.5835636880381374,-0.39421055002711225,-0.18935313801102516,True,False
ciclopirox: eIF5A hypusination,DHPS,-1.0905359985110932,-0.8341357649190857,-0.2564002335920075,True,False
ciclopirox: eIF5A hypusination,EIF5A,-1.2473602199309268,-0.9688472916101392,-0.27851292832078767,True,False
ciclopirox/DMOG: PHD-HIF axis,EGLN1,-0.0401966551895349,-0.0891958973294589,0.048999242139924,False,False
ciclopirox/DMOG: PHD-HIF axis,EGLN2,-0.1471859476940935,-0.15564664453110574,0.008460696837012255,False,False
ciclopirox/DMOG: PHD-HIF axis,EGLN3,-0.337190456113724,-0.0111743184465918,-0.3260161376671322,False,False
ciclopirox/DMOG: PHD-HIF axis,HIF1A,0.1517106215608751,0.10530390562395231,0.04640671593692278,False,False
ciclopirox/DMOG: PHD-HIF axis,EPAS1,-0.0526252135987926,-0.06377989441962531,0.011154680820832708,False,False
ciclopirox/DMOG: PHD-HIF axis,ARNT,-0.1672969359471181,-0.0532037950150339,-0.11409314093208418,False,False
ciclopirox/DMOG: PHD-HIF axis,VHL,-1.060075972305587,-0.7514609935825304,-0.30861497872305665,True,False
iron handling / ferroptosis,TFRC,-0.3201779235124738,-0.777830146381124,0.4576522228686502,False,False
iron handling / ferroptosis,FTH1,-0.6931657834477305,-0.5458908164722058,-0.14727496697552467,True,False
iron handling / ferroptosis,FTL,0.0834803519409059,-0.0065818688283483,0.0900622207692542,False,False
iron handling / ferroptosis,SLC7A11,-0.0359529333689755,0.0858764886634162,-0.1218294220323917,False,False
iron handling / ferroptosis,GPX4,-0.7437875405067292,-0.8036837117606515,0.059896171253922215,True,False
iron handling / ferroptosis,ACSL4,-0.0558713288281366,-0.13802782467288344,0.08215649584474684,False,False
iron handling / ferroptosis,SLC40A1,0.0186418734970463,0.0175160694037057,0.0011258040933406002,False,False
MTAP-PRMT5 synthetic lethality,MTAP,-0.137938852007709,-0.0743751873905769,-0.0635636646171321,False,False
MTAP-PRMT5 synthetic lethality,PRMT5,-0.736208752967364,-1.0165436589139412,0.2803349059465772,True,True
MTAP-PRMT5 synthetic lethality,MAT2A,-1.6252399068159755,-1.748636486454223,0.12339657963824746,True,True
MTAP-PRMT5 synthetic lethality,RIOK1,-1.6230045030779163,-1.160861408275219,-0.4621430948026972,True,True
MTAP-PRMT5 synthetic lethality,WDR77,-1.2763913785412666,-1.3344904473049546,0.05809906876368798,True,True
MTAP-PRMT5 synthetic lethality,CDKN2A,0.3847296492280884,0.15973551044162682,0.22499413878646157,False,False
integrated stress response,EIF2AK4,0.0653770392656055,-0.0252883270078592,0.09066536627346469,False,False
integrated stress response,ATF4,-0.4169882176701953,-0.40368737849682146,-0.013300839173373824,False,False
integrated stress response,EIF2AK1,0.0608069942350899,0.043955757312542254,0.016851236922547648,False,False
integrated stress response,DELE1,0.1173979715271151,0.06687797261063916,0.05051999891647595,False,False
integrated stress response,DDIT3,-0.1246253173486875,-0.1554451073388715,0.03081978999018402,False,False
mTORC1 / biosynthesis,MTOR,-1.4343317295887283,-1.1675235525787255,-0.2668081770100028,True,True
mTORC1 / biosynthesis,RPTOR,-1.2228393438737162,-0.8996423064771955,-0.3231970373965207,True,True
mTORC1 / biosynthesis,RICTOR,-0.6442225875700655,-0.4476339426481467,-0.19658864492191874,True,False
mTORC1 / biosynthesis,MYC,-1.6450663895903126,-1.8187332101156601,0.17366682052534754,True,False
other screen-hit drug targets,KCNH1,0.0714708520628149,0.0872917229052882,-0.0158208708424733,False,False
other screen-hit drug targets,AR,0.1527640279971264,0.17030535442209122,-0.01754132642496481,False,False
other screen-hit drug targets,DRD2,0.1590416718586168,0.11593814196748381,0.043103529891133,False,False
other screen-hit drug targets,PIK3CA,-0.2106849291866955,-0.4263069529329909,0.2156220237462954,False,False
other screen-hit drug targets,PIK3CB,-0.4732224287430316,-0.16348567732072666,-0.30973675142230495,False,False
other screen-hit drug targets,GRK2,-0.0074617493497186,-0.12839788590093615,0.12093613655121754,False,False
other screen-hit drug targets,HSPB1,-0.0690888375522555,-0.00717359784756935,-0.061915239704686154,False,False
other screen-hit drug targets,TSPO,0.0322133623399051,0.0784781721052521,-0.046264809765347,False,False
