gene_id	gene_name	direction	pipeline_lfc	pipeline_padj	lfc_ashr_wo_IL67B	lfc_mle_wo_IL67B	padj_wo_IL67B	lfc_ashr_wo_IL68B	lfc_mle_wo_IL68B	padj_wo_IL68B	lfc_ashr_wo_IL69B	lfc_mle_wo_IL69B	padj_wo_IL69B	lfc_ashr_wo_IL66B	lfc_mle_wo_IL66B	padj_wo_IL66B	lfc_ashr_wo_NL70B	lfc_mle_wo_NL70B	padj_wo_NL70B	lfc_ashr_wo_NL71B	lfc_mle_wo_NL71B	padj_wo_NL71B	n_loo_kept	lost_without
ENSRNOG00000008478	Mmp13	down	-5.365182	4.382937e-27	NA	-5.14255667857413	9.36792004766128e-19	NA	-5.61327943398017	6.57323885394511e-20	NA	-5.6194904206229	2.00479316547024e-21	NA	-5.62882657484301	1.06802562781303e-22	NA	-5.19442026809176	1.36490767283094e-21	NA	-5.6465654806451	1.47185264494197e-18	6	
ENSRNOG00000046222	Ceacam4	down	-2.777351	1.317444e-05	NA	-3.02873847293184	0.00155920921029747	NA	-2.62530596586321	0.00468308207898148	NA	-3.22837380647722	9.04138850064691e-06	NA	-3.16872747689591	3.10079211848907e-07	NA	-3.24296496518121	9.06475077094175e-06	NA	-2.61063061333387	1.52847451808225e-05	6	
ENSRNOG00000047098	Hbb	down	-1.477777	1.317444e-05	NA	-1.46266229516711	0.00681732670048629	NA	-1.54903627101268	0.00260255770125567	NA	-1.52005541204878	0.00198341998051662	NA	-1.35947013529657	9.90532734583777e-07	NA	-1.66257807286999	1.88627159458336e-06	NA	-1.5155906698493	0.00447089493131927	6	
ENSRNOG00000059500	Cdkn1c	down	-1.808889	0.005912913	NA	-2.07534604428929	0.0444869217170536	NA	-1.90174027421285	0.136103865973067	NA	-2.03171029708518	0.046961866379455	NA	-1.92250121614693	0.00185381378559868	NA	-2.57605065212026	1.83481688479696e-09	NA	-1.65417496332578	0.00893665545192942	5	IL68B
ENSRNOG00000000167	Alas2	down	-2.624198	0.001677741	NA	-3.06475046749742	0.0177265539939348	NA	-2.83684283844354	0.0855800601276509	NA	-2.80210300285402	0.0819205189102682	NA	-2.69187009901123	0.0039259522475305	NA	-3.10826684706965	0.00367199406447233	NA	-2.92655498781018	0.0362092747221924	4	IL68B,IL69B
ENSRNOG00000010635	Igfbp4	down	-1.298719	0.004551918	NA	-1.45238234556193	0.0245931408477742	NA	-1.41478371139547	0.0594454671892067	NA	-1.22431411004793	0.0819205189102682	NA	-1.27735212221508	0.00222649105051537	NA	-1.21668454454269	0.0430226299621161	NA	-1.62542692759399	1.34446829830122e-05	4	IL68B,IL69B
ENSRNOG00000019138	Clec11a	down	-1.876999	0.005756572	NA	-2.20573560613879	0.0275587193554546	NA	-2.02271896885574	0.132754235492477	NA	-1.9982564993584	0.0819205189102682	NA	-2.30718016762505	0.000103749629895722	NA	-1.70317526785928	1.3351508711484e-05	NA	-2.29106665150877	0.0110053042405394	4	IL68B,IL69B
ENSRNOG00000005695	Mgp	down	-1.674589	0.009881684	NA	-2.09371890752102	0.0245931408477742	NA	-2.03844415659143	0.0713208960699972	NA	-1.61383458881595	0.156585088764582	NA	-1.91289263292252	0.00237416382915959	NA	-1.59564594243099	0.0150962838185745	NA	-2.36907469801872	8.71902467614821e-05	4	IL68B,IL69B
ENSRNOG00000022910	Emcn	down	-1.131001	0.001708672	NA	-1.13397591243161	0.141976928327363	NA	-1.16303343765014	0.0855800601276509	NA	-1.18940046937812	0.046961866379455	NA	-1.26638704761286	0.00035320359856291	NA	-1.13982495003442	0.0447999722024907	NA	-1.07392537730519	0.154560506881584	3	IL67B,IL68B,NL71B
ENSRNOG00000016164	Fcrl2	down	-1.193384	0.005640149	NA	-1.45750673501232	1.67440247511375e-05	NA	-1.21035084667779	0.136103865973067	NA	-1.09544898924893	0.0797079313171323	NA	-1.29639790773501	0.000791366780811338	NA	-1.15954674519185	0.0609328918634382	NA	-1.32178073072204	0.047790488515884	3	IL68B,IL69B,NL70B
ENSRNOG00000067948	Metazoa_SRP	down	-1.192128	0.005737193	NA	-1.42210184517738	0.00221555552486141	NA	-1.33234193270039	0.0588021286522673	NA	-1.01176929060968	0.0193972023766637	NA	-1.32846738320263	0.000768013969344746	NA	-1.22768107439562	0.0572225209316591	NA	-1.22789329216844	0.154560506881584	3	IL68B,NL70B,NL71B
ENSRNOG00000055672	Gpx2	down	-2.615723	0.009881684	NA	-3.65412389316267	0.0404935283751254	NA	-3.3247557118805	0.189801633323579	NA	-3.28150575388477	0.158525287242185	NA	-4.96414428954531	1.51315404064481e-11	NA	-3.02989272505454	0.0480391660664596	NA	-2.99501474025169	0.0724812352541177	3	IL68B,IL69B,NL71B
ENSRNOG00000048191	Serpina3a	down	-1.771828	0.009994885	NA	-2.32760010875923	0.00959437610056875	NA	-1.96818567622128	0.212513321574168	NA	-1.94436974386049	0.176835491700639	NA	-1.81377669794224	0.00362875608529755	NA	-2.63361543536635	1.88627159458336e-06	NA	-1.93735423732331	0.200452709559054	3	IL68B,IL69B,NL71B
ENSRNOG00000064743	LOC120093067	down	-1.691763	0.01455021	NA	-2.38221843944712	0.0102553231864903	NA	-1.66244167779431	0.337774487023719	NA	-2.23614755105204	0.0529395766997427	NA	-1.87396171302441	0.00573089338223521	NA	-1.87544329743835	0.116893588877531	NA	-2.79404648405793	1.17336448940189e-06	3	IL68B,IL69B,NL70B
ENSRNOG00000005679	Fap	down	-1.267384	0.02656562	NA	-1.84253344870717	0.182042695932881	NA	-1.87494018985547	0.142126332376024	NA	-1.56319143708501	0.312898243458483	NA	-1.93944557991054	0.00246806949257462	NA	-1.4278721057953	0.0136285963803736	NA	-1.98057089205322	0.0477602374461524	3	IL67B,IL68B,IL69B
ENSRNOG00000052564	Gpx3	down	-0.7705713	0.0319294	NA	-1.32066631076275	0.0245931408477742	NA	-0.948487001597827	0.360851139414042	NA	-1.19604276214707	0.177783364563141	NA	-1.08290451443988	0.0227480787410717	NA	-1.07240906357581	0.26073124999636	NA	-1.33671788550877	0.0362092747221924	3	IL68B,IL69B,NL70B
ENSRNOG00000029886	Hba-a1	down	-1.396276	0.00774058	NA	-1.41181406589667	0.190057445827301	NA	-1.64524665989442	0.0554693562152701	NA	-1.55882622417561	0.0751373275799525	NA	-1.36400496991755	0.00254903022111072	NA	-1.93488533239433	2.08609203679847e-09	NA	-1.38559287699493	0.1971724750153	2	IL67B,IL68B,IL69B,NL71B
ENSRNOG00000068415	Lrrc15	down	-1.176071	0.0299501	NA	-1.82104519395549	0.155682799140086	NA	-1.75486169163669	0.234827086057609	NA	-1.54987529945935	0.328356195216677	NA	-1.65722254063814	0.0231030284475854	NA	-1.41964270553603	0.0769214274885364	NA	-2.13198986680929	0.000416033488751155	2	IL67B,IL68B,IL69B,NL70B
ENSRNOG00000003786	Tspan6	down	-0.8214643	0.01239306	NA	-1.0592838306755	0.0551217592618057	NA	-0.901657286748939	0.32116114357607	NA	-0.933195841052822	0.184476785997774	NA	-1.08481599928374	0.00045507034804214	NA	-0.906811881510186	0.176912275782501	NA	-0.899993259438447	0.37889668028186	1	IL67B,IL68B,IL69B,NL70B,NL71B
ENSRNOG00000016980	Qprt	down	-1.255105	0.01455021	NA	-1.57477108737415	0.210287559701813	NA	-1.59412218954707	0.136103865973067	NA	-1.35842748954049	0.320364610135826	NA	-1.60016221674473	0.015260973857489	NA	-1.48743581289496	0.133962733655487	NA	-1.43643569552873	0.346156843152992	1	IL67B,IL68B,IL69B,NL70B,NL71B
ENSRNOG00000058556	LOC120095384	down	-3.162143	0.01728074	NA	-7.07850993458399	0.211270876986177	NA	-7.07632305112361	0.186158026848767	NA	-6.56428471508704	0.483410642486802	NA	-6.93009298355685	0.0145434744865997	NA	-7.05412323668489	0.0554987699378269	NA	-6.7714176055668	0.174673619280752	1	IL67B,IL68B,IL69B,NL70B,NL71B
ENSRNOG00000060237	Inhbb	down	-0.6826576	0.01728074	NA	-0.916495884960382	0.286541508965224	NA	-0.928277041402214	0.200053091239116	NA	-0.805042370254775	0.328409261851119	NA	-0.888753786535195	0.0327951593112127	NA	-0.873141149086796	0.216027911484019	NA	-0.875952868774852	0.447990277064053	1	IL67B,IL68B,IL69B,NL70B,NL71B
ENSRNOG00000017054	Kcne3	down	-0.8240614	0.04684647	NA	-1.47070033352595	0.34879396174839	NA	-1.49239593782398	0.259831490479371	NA	-1.27383988717134	0.477065083695174	NA	-1.39276581048072	0.0655131097551915	NA	-1.26774041103218	0.299730804003102	NA	-1.58798675397111	0.144928636490206	0	IL67B,IL68B,IL69B,IL66B,NL70B,NL71B
ENSRNOG00000019110	Ocstamp	up	3.577719	6.426447e-05	NA	3.9792408050343	0.00255780127206068	NA	4.14789551188603	0.00205608922223976	NA	3.87481460700335	0.00169989066911384	NA	4.42378076971572	1.06221899085957e-11	NA	4.11824997618494	0.000617993859620377	NA	3.17902766980603	0.0142262024307526	6	
ENSRNOG00000054019	LOC120093944	up	5.817944	0.003985127	NA	6.78427173857743	0.0444869217170536	NA	6.98283350084195	0.0378613147409285	NA	7.19429600755813	0.0210491274317657	NA	7.15173522283171	0.00250604303845234	NA	7.00465512718875	0.0403630093706337	NA	6.79564348724179	0.135920075623044	5	NL71B
ENSRNOG00000022256	Cxcl10	up	3.29404	0.001677741	NA	3.6513143151341	0.0245931408477742	NA	3.85321837855751	0.0236500934445753	NA	3.94726106479722	0.322183518508482	NA	4.33439122499052	3.21610141020989e-17	NA	2.50182144946241	0.0609328918634382	NA	4.03816098770748	0.00506567799674944	4	IL69B,NL70B
ENSRNOG00000021018	Batf2	up	3.371574	0.005756572	NA	4.59019380843081	0.0275587193554546	NA	4.07716340670475	0.0916616010822105	NA	4.46765410663672	0.0283932429359471	NA	4.89241532539701	2.16128443006819e-13	NA	3.47488140844539	0.223040071549234	NA	4.37660908807031	0.0655207525199348	3	IL68B,NL70B,NL71B
ENSRNOG00000024824	Col22a1	up	3.405948	0.005912913	NA	5.66184789749495	0.00352814039871859	NA	4.27006920762708	0.0916616010822105	NA	4.1199780553485	0.0464190646310002	NA	4.98260114207203	4.04448621374688e-10	NA	4.10509607334545	0.118157762041434	NA	4.24673983529363	0.179917755826396	3	IL68B,NL70B,NL71B
ENSRNOG00000038286	Slamf6	up	2.585525	0.009994885	NA	3.20292429402876	0.150712829363662	NA	3.55765545119036	0.0897191737344638	NA	3.64535704192789	0.0381368021709175	NA	3.56595762947152	0.00457736104262054	NA	3.95529021246079	1.58249055268263e-06	NA	2.56174106407085	0.50992395751399	3	IL67B,IL68B,NL71B
ENSRNOG00000047647	Il2ra	up	3.12225	0.00774058	NA	3.96217710951424	0.0997124391821982	NA	4.70850153671792	0.0236500934445753	NA	4.06443710474317	0.0585884523386785	NA	4.7558497629101	9.48769965453344e-14	NA	3.98378641582469	0.0910046002312067	NA	3.68668602709672	0.276154363413166	2	IL67B,IL69B,NL70B,NL71B
ENSRNOG00000047414	AABR07058479.1	up	2.804912	0.009994885	NA	3.98706227440459	0.0819667957979415	NA	3.65243908023321	0.147979386059705	NA	4.36208951114289	0.0221313086699521	NA	4.53488468288601	5.32785428353631e-16	NA	3.50704552903423	0.196690131020053	NA	3.70399600923812	0.216893087393121	2	IL67B,IL68B,NL70B,NL71B
ENSRNOG00000046683	Lilrb3	up	2.023304	0.01455021	NA	2.47925255176517	0.192731894974699	NA	2.66978355143014	0.157648687350685	NA	3.01315688029196	0.0210491274317657	NA	3.19247297093844	8.8195238600506e-17	NA	2.21749586620781	0.227684809770515	NA	2.5482281698224	0.216893087393121	2	IL67B,IL68B,NL70B,NL71B
ENSRNOG00000005580	Itgb4	up	1.318134	0.0299501	NA	1.89131931563217	0.233000259782982	NA	2.1249394459589	0.116882170105367	NA	1.85995648465117	0.198235955045362	NA	2.15189218418813	0.00119264920777674	NA	2.28709421054726	0.000586714572378172	NA	1.22217741337175	0.1971724750153	2	IL67B,IL68B,IL69B,NL71B
ENSRNOG00000034190	Ighm	up	1.976841	0.0299501	NA	5.1735447996571	0.210287559701813	NA	4.98740608055259	0.00574264090809247	NA	4.89204003133322	0.262766666115262	NA	5.56491539571061	3.97334268265209e-24	NA	5.22404430836807	0.133731608448452	NA	3.58527168433701	0.0720352796438296	2	IL67B,IL69B,NL70B,NL71B
ENSRNOG00000067729	ENSRNOG00000067729	up	1.834402	0.03464855	NA	5.40946755191679	0.34879396174839	NA	5.58999841657418	0.26737033119275	NA	7.31830316432673	0.0381368021709175	NA	6.56719784193222	0.00201381249958644	NA	5.88991078580825	0.232277240431419	NA	5.82899399042222	0.39785416707946	2	IL67B,IL68B,NL70B,NL71B
ENSRNOG00000008837	Ass1	up	2.255609	0.0143167	NA	3.25463281488903	0.0630097273918639	NA	3.05655358701998	0.146696320818597	NA	3.00439349935066	0.109043754437797	NA	3.61618921765685	1.35258151881815e-25	NA	2.4145628384203	0.274733317228506	NA	3.02236625174547	0.189777739805871	1	IL67B,IL68B,IL69B,NL70B,NL71B
ENSRNOG00000000777	RT1-S3	up	1.307695	0.01819349	NA	1.59164891256936	0.215247638224883	NA	1.63125419671776	0.234827086057609	NA	1.81016361083225	0.051032401141393	NA	2.01195486488868	1.03650196094794e-15	NA	1.44461322009536	0.203979860766642	NA	1.51170350281572	0.34553475306982	1	IL67B,IL68B,IL69B,NL70B,NL71B
ENSRNOG00000051235	Cfb	up	0.8594063	0.0319294	NA	1.25655010356979	0.286541508965224	NA	1.25851988450604	0.337774487023719	NA	1.3549503807458	0.132202908060681	NA	1.55767258769216	4.55139302262798e-14	NA	1.11278853212775	0.265556791200499	NA	1.16717425937058	0.45831137351801	1	IL67B,IL68B,IL69B,NL70B,NL71B
