label	reference	target	true_split	nl_together	genes_with_padj	padj05	padj05_up	padj05_down	padj05_absLFC1_ashr	padj05_absLFC1_mle	padj05_fc1.5_mle
split_IL69B_NL70B_NL71B	IL67B,IL68B,IL66B	IL69B,NL70B,NL71B	FALSE	TRUE	16006	2752	1308	1444	NA	1288	2448
split_IL66B_NL70B_NL71B	IL67B,IL68B,IL69B	IL66B,NL70B,NL71B	TRUE	TRUE	17345	38	15	23	NA	36	38
split_IL68B_NL70B_NL71B	IL67B,IL69B,IL66B	IL68B,NL70B,NL71B	FALSE	TRUE	17014	25	23	2	NA	25	25
split_IL68B_IL66B_NL71B	IL67B,IL69B,NL70B	IL68B,IL66B,NL71B	FALSE	FALSE	15288	16	5	11	NA	16	16
split_IL68B_IL69B_NL70B	IL67B,IL66B,NL71B	IL68B,IL69B,NL70B	FALSE	FALSE	15965	15	5	10	NA	14	15
split_IL68B_IL69B_NL71B	IL67B,IL66B,NL70B	IL68B,IL69B,NL71B	FALSE	FALSE	17310	9	5	4	NA	9	9
split_IL68B_IL69B_IL66B	IL67B,NL70B,NL71B	IL68B,IL69B,IL66B	FALSE	TRUE	15996	7	0	7	NA	7	7
split_IL68B_IL66B_NL70B	IL67B,IL69B,NL71B	IL68B,IL66B,NL70B	FALSE	FALSE	17309	5	2	3	NA	5	5
split_IL69B_IL66B_NL71B	IL67B,IL68B,NL70B	IL69B,IL66B,NL71B	FALSE	FALSE	17319	2	1	1	NA	2	2
split_IL69B_IL66B_NL70B	IL67B,IL68B,NL71B	IL69B,IL66B,NL70B	FALSE	FALSE	17303	0	0	0	NA	0	0
