gene_id	gene_name	human_gene	direction	rat_IL67B	rat_IL68B	rat_IL69B	rat_IL66B	rat_NL70B	rat_NL71B	human_IL67B	human_IL68B	human_IL69B	human_IL66B	human_NL70B	human_NL71B	human_ge_rat_any	max_human_over_rat
ENSRNOG00000000167	Alas2	ALAS2	down	47	50	39	7	11	13	0	0	0	0	0	0	FALSE	0
ENSRNOG00000000777	RT1-S3	NA	up	964	775	724	2072	4741	6599	NA	NA	NA	NA	NA	NA	NA	NA
ENSRNOG00000003786	Tspan6	TSPAN6	down	883	833	599	773	504	740	1292	1410	2490	730	1032	896	TRUE	4.15692821368948
ENSRNOG00000005580	Itgb4	ITGB4	up	300	306	161	1144	654	3540	9282.999	6309.002	15162	10443.001	7380.002	8294	TRUE	94.1739130434783
ENSRNOG00000005679	Fap	FAP	down	392	284	318	197	64	243	27	31	54	19	18	8	FALSE	0.28125
ENSRNOG00000005695	Mgp	MGP	down	17060	13869	16978	7533	3018	14015	139	174	291	98	46	31	FALSE	0.0171398280127223
ENSRNOG00000008478	Mmp13	MMP13	down	571	245	180	14	5	17	0	1	0	0	7	3	TRUE	1.4
ENSRNOG00000008837	Ass1	ASS1	up	148	87	59	156	1939	1820	1272	2174.999	1966	904.979	917	778	TRUE	33.3220338983051
ENSRNOG00000010635	Igfbp4	IGFBP4	down	2368	1897	1803	1154	863	2156	85	62	325	75	176	66	FALSE	0.203939745075319
ENSRNOG00000016164	Fcrl2	FCRL2	down	13788	15695	13341	10758	7308	13668	0	0	0	0	0	7	FALSE	0.000512145156570091
ENSRNOG00000016980	Qprt	QPRT	down	117	87	85	66	46	65	4	17.999	9	9	13	4	FALSE	0.282608695652174
ENSRNOG00000017054	Kcne3	NA	down	135	96	99	67	46	106	NA	NA	NA	NA	NA	NA	NA	NA
ENSRNOG00000019110	Ocstamp	OCSTAMP	up	13	12	6	81	183	609	0	0	0	0	0	0	FALSE	0
ENSRNOG00000019138	Clec11a	CLEC11A	down	522	511	400	246	66	300	0	0	1	0	0	0	FALSE	0.0025
ENSRNOG00000021018	Batf2	BATF2	up	12	4	6	20	388	298	39	23	16	23	24	5	TRUE	5.75
ENSRNOG00000022256	Cxcl10	CXCL10	up	96	99	82	268	4028	1853	63	23	23	68	76	34	FALSE	0.65625
ENSRNOG00000022910	Emcn	EMCN	down	398	231	250	256	183	269	0	0	3	0	2	0	FALSE	0.012
ENSRNOG00000024824	Col22a1	NA	up	13	3	1	23	235	313	NA	NA	NA	NA	NA	NA	NA	NA
ENSRNOG00000029886	Hba-a1	NA	down	2039.681	1072	929	559.001	948.001	761	NA	NA	NA	NA	NA	NA	NA	NA
ENSRNOG00000034190	Ighm	IGHM	up	38	23	14	66	732	4244.889	0	0	0	0	0	0	FALSE	0
ENSRNOG00000038286	Slamf6	SLAMF6	up	9	12	10	168	35	462	0	0	0	0	0	0	FALSE	0
ENSRNOG00000046222	Ceacam4	NA	down	614.661	711.522	232.65	132.463	116.549	56.427	NA	NA	NA	NA	NA	NA	NA	NA
ENSRNOG00000046683	Lilrb3	NA	up	166	180	195	406	2694	3086	NA	NA	NA	NA	NA	NA	NA	NA
ENSRNOG00000047098	Hbb	NA	down	1022	667.999	519	339.001	425	531	NA	NA	NA	NA	NA	NA	NA	NA
ENSRNOG00000047414	AABR07058479.1	NA	up	13	7	15	14	309	414	NA	NA	NA	NA	NA	NA	NA	NA
ENSRNOG00000047647	Il2ra	IL2RA	up	6	11	4	19	230	424	0	0	0	0	0	0	FALSE	0
ENSRNOG00000048191	Serpina3a	NA	down	282	383	293	74	176	126	NA	NA	NA	NA	NA	NA	NA	NA
ENSRNOG00000051235	Cfb	C2	up	4877	3687	3076	9189.999	16163	22659.001	0	0	2	3	11	0	FALSE	0.000680566726474046
ENSRNOG00000052564	Gpx3	NA	down	1342	1532	922	879	721	1488	NA	NA	NA	NA	NA	NA	NA	NA
ENSRNOG00000054019	LOC120093944	NA	up	0	0	0	32	35	52	NA	NA	NA	NA	NA	NA	NA	NA
ENSRNOG00000055672	Gpx2	GPX2	down	96	123	97	40	5	7	0	0	5	2	0	0	FALSE	0.0515463917525773
ENSRNOG00000058556	LOC120095384	NA	down	14	10	18	0	0	0	NA	NA	NA	NA	NA	NA	NA	NA
ENSRNOG00000059500	Cdkn1c	CDKN1C	down	2628	2504	1579	804	1254	526	64	59	137	46	21	40.999	FALSE	0.0867637745408486
ENSRNOG00000060237	Inhbb	INHBB	down	450	334	295	324	265	394	38	15	25	17	14	26	FALSE	0.0847457627118644
ENSRNOG00000064743	LOC120093067	NA	down	2643905.486	5110469.063	2076948.405	785137.939	657626.236	2690727.302	NA	NA	NA	NA	NA	NA	NA	NA
ENSRNOG00000067729	ENSRNOG00000067729	NA	up	0	0	1	14	45	70	NA	NA	NA	NA	NA	NA	NA	NA
ENSRNOG00000067948	Metazoa_SRP	NA	down	1487.928	1176.951	1350.586	1192.147	802.885	1202.29	NA	NA	NA	NA	NA	NA	NA	NA
ENSRNOG00000068415	Lrrc15	LRRC15	down	299	252	243	126	63	251	178	116	185	83	65	84	TRUE	1.03174603174603
