Rank,Drug,NES,FDR,IntegratedScore,BBB_Score,BBB_Prediction,Max_Phase,MW,LogP,PSA,HBA,HBD,Lipinski_Violations,Pathway_Hits,Clinical_Trials,ChEMBL_ID,Source,Targets,ChEMBL_ID_search,Max_Phase_search,chembl_match,chembl_pref_name,BBB_Martins,BBB_Martins_drugbank_approved_percentile,absNES,IntegratedScore_ADMETAI,Rank_ADMETAI,BOILED_Egg,TPSA,WLOGP,B3DB_logBB,B3DB_class,phase,score_bbb,score_nobbb,both_agree,tier,rank_bbb,rank_nobbb
1,ciclopirox,-2.261,1.66e-05,3.4,1.0,HIGH BBB Penetration,4.0,207.27,2.44,42.23,3.0,1.0,0.0,0,0,CHEMBL1413,ChEMBL API,,CHEMBL1413,4.0,pref_name,CICLOPIROX,0.9614235758781432,78.94532764637457,2.261,3.268628861500917,2,in,42.2,2.44,,,4.0,3.2686288615009165,3.3997802253969303,True,A  both predictors agree,1,2
11,pentetrazol,-1.946,0.0245,2.24,0.825,HIGH BBB Penetration,2.0,138.17,0.4,43.6,4.0,0.0,0.0,0,0,CHEMBL116943,ChEMBL API,,CHEMBL116943,2.0,synonym,PENTYLENETETRAZOL,0.9932425141334532,93.91236913532376,1.946,2.696308336343197,5,out,43.6,0.4,,,2.0,2.696308336343197,2.714652562668011,False,B  predictors disagree,2,7
22,nilutamide,-1.884,0.00687,1.94,0.75,HIGH BBB Penetration,4.0,317.22,2.45,92.55,4.0,1.0,0.0,0,0,CHEMBL1274,ChEMBL API,,CHEMBL1274,4.0,pref_name,NILUTAMIDE,0.952480399608612,76.77394338891042,1.884,2.4630736326361613,6,out,92.6,2.45,,,4.0,2.463073632636161,2.5859572896705,False,B  predictors disagree,3,11
14,primidone,-1.866,0.0327,2.104,0.825,HIGH BBB Penetration,4.0,218.26,0.54,58.2,2.0,2.0,0.0,0,0,CHEMBL856,ChEMBL API,,CHEMBL856,4.0,pref_name,PRIMIDONE,0.9590764522552492,78.51880573865839,1.866,2.4446725001100007,7,out,58.2,0.54,-0.07,,4.0,2.4446725001100007,2.5489860525314767,False,B  predictors disagree,4,14
8,pyrantel,-1.792,0.0394,2.399,1.0,HIGH BBB Penetration,4.0,206.31,2.5,15.6,3.0,0.0,0.0,0,0,CHEMBL1626223,ChEMBL API,,CHEMBL1626223,2.0,pref_name,PYRANTEL,0.9802049279212952,86.00232648313299,1.792,2.3513857912931275,9,in,15.6,2.5,,,4.0,2.3513857912931275,2.3988716280785014,True,A  both predictors agree,5,19
10,ifosfamide,-1.728,0.0751,2.272,1.0,HIGH BBB Penetration,4.0,261.09,1.88,41.57,2.0,1.0,0.0,0,0,CHEMBL1024,ChEMBL API,,CHEMBL1024,4.0,pref_name,IFOSFAMIDE,0.9795618057250975,85.57580457541683,1.728,2.225089325811531,10,in,41.6,1.88,,,4.0,2.2250893258115307,2.271514990485425,True,A  both predictors agree,6,23
13,progesterone,-1.877,0.0362,2.121,0.825,HIGH BBB Penetration,4.0,314.47,4.72,34.14,2.0,0.0,0.0,0,0,CHEMBL103,ChEMBL API,,CHEMBL103,4.0,pref_name,PROGESTERONE,0.8482754468917847,61.26405583559519,1.877,2.181389938117769,12,in,34.1,4.72,-0.1,-0.1,4.0,2.181389938117769,2.571558502737202,True,A  both predictors agree,7,12
31,diazepam,-1.65,0.122,1.749,0.825,HIGH BBB Penetration,4.0,284.75,3.15,32.67,2.0,0.0,0.0,0,0,CHEMBL12,ChEMBL API,,CHEMBL12,4.0,pref_name,DIAZEPAM,0.9984174489974976,98.37146180690188,1.65,2.116109216590113,14,in,32.7,3.15,0.5,,4.0,2.1161092165901136,2.119463375479746,True,A  both predictors agree,8,32
49,trimipramine,-1.645,0.125,1.477,0.7,HIGH BBB Penetration,4.0,410.51,4.12,6.48,2.0,0.0,0.0,0,0,CHEMBL644,ChEMBL API,,CHEMBL1200948,4.0,pref_name,TRIMIPRAMINE,0.9978636384010316,97.94493989918573,1.645,2.1053293789440675,15,in,6.5,4.12,0.99,,4.0,2.105329378944068,2.1098367531636186,True,A  both predictors agree,9,33
54,thioridazine,-1.584,0.0334,1.395,0.7,HIGH BBB Penetration,4.0,407.05,5.89,6.48,4.0,0.0,1.0,0,0,CHEMBL479,ChEMBL API,,CHEMBL1200916,4.0,pref_name,THIORIDAZINE,0.9985259294509888,98.52656068243505,1.584,1.9906371871414397,21,out,6.5,5.89,0.2,,4.0,1.9906371871414397,1.9935758586018242,False,B  predictors disagree,10,41
25,malathion,-1.662,0.131,1.875,0.875,HIGH BBB Penetration,4.0,330.36,2.12,71.06,8.0,0.0,0.0,0,0,CHEMBL1200468,ChEMBL API,,CHEMBL1200468,4.0,pref_name,MALATHION,0.9257918119430542,71.26793330748352,1.662,1.983626331053705,22,in,71.1,2.12,,,4.0,1.983626331053705,2.142626782246502,True,A  both predictors agree,11,30
61,paroxetine,-1.581,0.197,1.143,0.575,MODERATE BBB Penetration,4.0,749.68,3.33,39.72,4.0,1.0,0.0,0,0,CHEMBL490,ChEMBL API,,CHEMBL6067650,4.0,pref_name,PAROXETINE,0.9880037188529968,90.18999612252811,1.581,1.964067386366476,23,in,39.7,3.33,,,4.0,1.964067386366476,1.987914973282308,True,A  both predictors agree,12,42
89,deferoxamine,-2.387,2.4e-05,0.277,0.075,LOW BBB Penetration,4.0,544.69,0.82,194.4,8.0,6.0,2.0,0,0,CHEMBL556,ChEMBL API,,CHEMBL4635234,,pref_name,DEFEROXAMINE,0.5290003299713135,32.570763861962,2.387,1.9508980356675327,24,out,205.8,0.92,,,4.0,1.9508980356675332,3.6878956876516993,False,B  predictors disagree,13,1
38,oxygen,-1.558,0.000818,1.605,0.825,HIGH BBB Penetration,4.0,32.0,0.07,34.14,2.0,0.0,0.0,0,0,CHEMBL1234886,ChEMBL API,,CHEMBL1234886,4.0,pref_name,OXYGEN,0.9966875791549684,96.93679720822024,1.558,1.9382519343744555,25,out,34.1,0.07,,,4.0,1.9382519343744553,1.9446935779191539,False,B  predictors disagree,14,48
60,nitrofural,-1.602,0.115,1.166,0.575,MODERATE BBB Penetration,4.0,198.14,0.19,123.76,5.0,2.0,0.0,0,0,CHEMBL869,ChEMBL API,,CHEMBL869,4.0,synonym,NITROFURAZONE,0.9514049768447876,76.580069794494,1.602,1.9291197466289796,27,out,123.8,0.19,,,4.0,1.9291197466289793,2.0276536213071505,False,B  predictors disagree,15,38
84,MAGNESIUM,-1.688,0.0989,0.548,0.25,LOW BBB Penetration,3.0,40.3,,,,,,0,0,CHEMBL1201230,ChEMBL API,,CHEMBL1200572,4.0,pref_name,MAGNESIUM,0.8777800083160401,64.63745637844126,1.688,1.9250603492608505,28,out,0.0,-0.38,,,3.0,1.9250603492608502,2.1931011540738377,False,B  predictors disagree,16,27
71,L-citrulline,-1.634,0.122,0.94,0.45,LOW BBB Penetration,3.0,175.19,-1.15,118.44,3.0,4.0,0.0,0,0,CHEMBL444814,ChEMBL API,,CHEMBL444814,3.0,pref_name,L-CITRULLINE,0.9052002787590028,68.28227995347034,1.634,1.8907005795282068,29,out,118.4,-1.15,,,3.0,1.890700579528207,2.088709674416241,False,B  predictors disagree,17,34
23,Lysergide,-1.538,0.221,1.907,1.0,HIGH BBB Penetration,2.0,323.44,2.91,39.34,2.0,1.0,0.0,0,0,CHEMBL263881,ChEMBL API,,CHEMBL4764888,,pref_name,LYSERGIDE,0.9857961297035216,89.06552927491275,1.538,1.880276040018092,30,in,39.3,2.91,,,2.0,1.8802760400180913,1.907368048384999,True,A  both predictors agree,18,51
41,OZONE,-1.518,0.198,1.544,0.825,HIGH BBB Penetration,3.0,48.0,-1.12,51.43,2.0,0.0,0.0,0,0,CHEMBL2447938,ChEMBL API,,CHEMBL2447938,3.0,pref_name,OZONE,0.9987489104270936,99.0306320279178,1.518,1.8679445320853665,31,out,51.4,-1.12,,,3.0,1.8679445320853665,1.8702844254283892,False,B  predictors disagree,19,55
12,Toluidine Blue O,-1.711,0.094,2.238,1.0,HIGH BBB Penetration,2.0,319.86,2.63,41.92,3.0,1.0,0.0,0,0,CHEMBL1622638,ChEMBL API,,CHEMBL5275610,,override,TOLONIUM,0.8333838224411011,59.32531989143079,1.711,1.865177122927188,32,in,42.2,3.69,,,2.0,1.8651771229271876,2.238076949302682,True,A  both predictors agree,20,24
56,Escitalopram oxalate,-1.528,0.23,1.323,0.7,HIGH BBB Penetration,4.0,414.43,3.81,36.26,3.0,0.0,0.0,0,0,CHEMBL1508,ChEMBL API,,CHEMBL1200322,4.0,pref_name,ESCITALOPRAM,0.9831465482711792,87.74718883288097,1.528,1.8569631695110216,34,in,36.3,3.81,,,4.0,1.8569631695110216,1.888795900037905,True,A  both predictors agree,21,54
67,Vandetanib,-1.499,0.167,1.055,0.575,MODERATE BBB Penetration,4.0,459.36,5.3,50.28,5.0,1.0,1.0,0,0,CHEMBL24828,ChEMBL API,,CHEMBL6054362,,pref_name,VANDETANIB,0.9674632310867308,81.23303606048856,1.499,1.775566398611144,38,in,62.7,4.43,,,4.0,1.7755663986111438,1.8352804960005435,True,A  both predictors agree,22,57
48,mefloquine,-1.483,0.109,1.491,0.825,HIGH BBB Penetration,4.0,378.32,4.45,45.15,3.0,2.0,0.0,0,0,CHEMBL416956,ChEMBL API,,CHEMBL172,,pref_name,MEFLOQUINE,0.9703986644744872,82.16362931368748,1.483,1.7525156975474363,40,in,45.2,4.45,0.63,,4.0,1.7525156975474363,1.8059749685419233,True,A  both predictors agree,23,62
68,dacarbazine,-1.493,0.25,1.049,0.575,MODERATE BBB Penetration,4.0,182.19,0.07,99.73,4.0,2.0,0.0,0,0,CHEMBL476,ChEMBL API,,CHEMBL476,4.0,pref_name,DACARBAZINE,0.9457796454429628,75.14540519581233,1.493,1.7253597989525848,41,out,99.7,0.07,,,4.0,1.725359798952585,1.8242725007520122,False,B  predictors disagree,24,58
63,astemizole,-1.565,0.101,1.126,0.575,MODERATE BBB Penetration,4.0,458.58,5.35,42.32,5.0,1.0,1.0,0,0,CHEMBL296419,ChEMBL API,,CHEMBL296419,4.0,pref_name,ASTEMIZOLE,0.8600088477134704,62.46607212097712,1.565,1.6837376842508716,42,in,42.3,5.35,1.1,1.1,4.0,1.6837376842508716,1.9578143745002996,True,A  both predictors agree,25,44
55,dexverapamil,-1.778,0.108,1.363,0.575,MODERATE BBB Penetration,2.0,454.61,5.09,63.95,6.0,0.0,1.0,0,0,CHEMBL197,ChEMBL API,,CHEMBL197,2.0,pref_name,DEXVERAPAMIL,0.6735443949699402,44.280728964715,1.778,1.5968490393848038,43,in,64.0,5.09,-0.7,-0.7,2.0,1.5968490393848038,2.3708148287034145,True,A  both predictors agree,26,22
18,metoprolol,-1.908,0.0235,1.977,0.75,HIGH BBB Penetration,4.0,652.83,1.61,50.72,4.0,2.0,0.0,0,0,CHEMBL13,ChEMBL API,,CHEMBL2356097,4.0,pref_name,METOPROLOL,0.6027289807796479,38.1155486622722,1.908,1.5885088163262475,45,in,50.7,1.61,1.15,,4.0,1.5885088163262475,2.6355275206303572,True,A  both predictors agree,27,9
95,Vincristine,-1.542,0.191,0.144,0.075,LOW BBB Penetration,4.0,824.97,3.52,171.17,12.0,3.0,2.0,0,0,CHEMBL90555,ChEMBL API,,CHEMBL90555,4.0,pref_name,VINCRISTINE,0.812219250202179,57.115160915083365,1.542,1.5552486711882545,47,out,171.2,3.52,-1.03,,4.0,1.5552486711882545,1.9148138520493319,False,B  predictors disagree,28,50
64,Paricalcitol,-1.561,0.177,1.121,0.575,MODERATE BBB Penetration,4.0,416.65,5.56,60.69,3.0,3.0,1.0,0,0,CHEMBL1200622,ChEMBL API,,CHEMBL1200622,4.0,pref_name,PARICALCITOL,0.7965063333511353,55.253974408685536,1.561,1.5534367959917146,48,out,60.7,5.56,,,4.0,1.5534367959917146,1.9503131751080387,False,B  predictors disagree,29,46
66,amiodarone,-1.51,0.225,1.067,0.575,MODERATE BBB Penetration,4.0,681.78,6.94,42.68,4.0,0.0,2.0,0,0,CHEMBL633,ChEMBL API,,CHEMBL1083993,4.0,pref_name,AMIODARONE,0.8124472975730896,57.115160915083365,1.51,1.5075114498279525,50,out,42.7,6.94,-1.08,-1.08,4.0,1.5075114498279523,1.8555190648441207,False,B  predictors disagree,30,56
15,Metformin,-2.058,0.00833,2.066,0.7,HIGH BBB Penetration,4.0,129.17,-1.03,88.99,2.0,4.0,0.0,0,0,CHEMBL1431,ChEMBL API,,CHEMBL1431,4.0,pref_name,METFORMIN,0.5102557122707367,31.446297014346644,2.058,1.5064541943855136,51,out,89.0,-1.03,,,4.0,1.5064541943855136,2.952351454688279,False,B  predictors disagree,31,3
73,ganciclovir,-1.848,0.0254,0.816,0.325,LOW BBB Penetration,4.0,277.22,-1.97,139.28,8.0,4.0,0.0,0,0,CHEMBL182,ChEMBL API,,CHEMBL1200850,4.0,pref_name,GANCICLOVIR,0.5946128845214844,37.02985653354013,1.848,1.493782151379073,52,out,139.3,-1.97,,,4.0,1.493782151379073,2.512192705984157,False,B  predictors disagree,32,15
19,tolbutamide,-1.572,0.219,1.97,1.0,HIGH BBB Penetration,4.0,270.35,1.78,75.27,3.0,2.0,0.0,0,0,CHEMBL782,ChEMBL API,,CHEMBL782,4.0,pref_name,TOLBUTAMIDE,0.7402382135391236,50.096936797208215,1.572,1.458983275683887,53,out,75.3,1.78,,,4.0,1.458983275683887,1.9709645476263646,False,B  predictors disagree,33,43
26,atovaquone,-1.707,0.0929,1.84,0.825,HIGH BBB Penetration,4.0,366.84,5.51,54.37,3.0,1.0,1.0,0,0,CHEMBL1450,ChEMBL API,,CHEMBL1450,4.0,pref_name,ATOVAQUONE,0.6184789299964905,39.47266382318728,1.707,1.3793522593486232,54,in,54.4,5.51,,,4.0,1.3793522593486232,2.2302332261447457,True,A  both predictors agree,34,25
30,ethaverine,-1.66,0.116,1.765,0.825,HIGH BBB Penetration,2.0,395.5,5.42,49.81,5.0,0.0,1.0,0,0,CHEMBL1555736,ChEMBL API,,CHEMBL1555736,2.0,pref_name,ETHAVERINE,0.6424625039100647,41.29507561070182,1.66,1.3740733545469856,55,in,49.8,5.42,,,2.0,1.3740733545469856,2.1387603886363706,True,A  both predictors agree,35,31
37,Axitinib,-1.559,0.199,1.605,0.825,HIGH BBB Penetration,4.0,386.48,4.64,70.67,4.0,2.0,0.0,0,0,CHEMBL1289926,ChEMBL API,,CHEMBL1289926,4.0,pref_name,AXITINIB,0.695048725605011,46.2582396277627,1.559,1.3529583401939795,56,in,70.7,4.64,,,4.0,1.3529583401939795,1.9465661763731537,True,A  both predictors agree,36,47
6,oxolinic acid,-1.898,0.0319,2.616,1.0,HIGH BBB Penetration,2.0,261.23,1.45,77.76,5.0,1.0,0.0,0,0,CHEMBL416755,ChEMBL API,,CHEMBL416755,2.0,pref_name,OXOLINIC ACID,0.5043112635612488,30.78712679333075,1.898,1.318690811781868,58,out,77.8,1.45,,,2.0,1.318690811781868,2.6148351366768803,False,B  predictors disagree,37,10
28,nicotinic acid,-1.679,0.151,1.795,0.825,HIGH BBB Penetration,4.0,123.11,0.78,50.19,2.0,1.0,0.0,0,0,CHEMBL573,ChEMBL API,,CHEMBL573,4.0,synonym,NIACIN,0.5815303564071655,36.25436215587437,1.679,1.265168686600766,60,in,50.2,0.78,,,4.0,1.265168686600766,2.1755849418030087,True,A  both predictors agree,38,28
35,taurine,-1.564,0.176,1.614,0.825,HIGH BBB Penetration,3.0,125.15,-1.17,80.39,3.0,2.0,0.0,0,0,CHEMBL239243,ChEMBL API,,CHEMBL239243,3.0,pref_name,TAURINE,0.6458082497119904,41.56649864288484,1.564,1.2631610092718926,61,out,80.4,-1.17,,,3.0,1.2631610092718926,1.955938174892039,False,B  predictors disagree,39,45
51,propantheline bromide,-1.629,0.177,1.455,0.7,HIGH BBB Penetration,4.0,448.4,4.73,35.53,3.0,0.0,0.0,0,0,CHEMBL1180725,ChEMBL API,,CHEMBL1240,4.0,pref_name,PROPANTHELINE,0.5874234139919281,36.37068631252424,1.629,1.22132959076104,62,in,35.5,4.73,,,4.0,1.22132959076104,2.079129911525492,True,A  both predictors agree,40,35
69,terfenadine,-1.487,0.239,1.042,0.575,MODERATE BBB Penetration,4.0,471.69,6.45,43.7,3.0,2.0,1.0,0,0,CHEMBL17157,ChEMBL API,,CHEMBL17157,4.0,pref_name,TERFENADINE,0.6382229506969452,41.10120201628538,1.487,1.1572811259409312,64,out,43.7,6.45,,,4.0,1.1572811259409312,1.8132866025534962,False,B  predictors disagree,41,59
79,Bortezomib,-1.786,0.063,0.597,0.25,LOW BBB Penetration,4.0,384.25,,,,,,0,0,CHEMBL325041,ChEMBL API,,CHEMBL325041,3.0,pref_name,BORTEZOMIB,0.4841886758804321,29.662659945715397,1.786,1.1556779039824177,65,out,124.4,0.36,,,4.0,1.1556779039824177,2.3868338140725256,False,B  predictors disagree,42,21
65,ketoconazole,-1.788,0.0794,1.076,0.45,LOW BBB Penetration,4.0,531.44,4.21,69.06,7.0,0.0,1.0,0,0,CHEMBL157101,ChEMBL API,,CHEMBL295698,4.0,pref_name,KETOCONAZOLE,0.4788275122642517,29.27491275688251,1.788,1.1448019688139794,66,in,69.1,4.21,-0.28,,4.0,1.1448019688139794,2.3908441755999075,False,B  predictors disagree,43,20
53,estropipate,-1.588,0.155,1.401,0.7,HIGH BBB Penetration,4.0,436.57,3.29,80.67,4.0,1.0,0.0,0,0,CHEMBL494753,ChEMBL API,,CHEMBL1200980,4.0,pref_name,ESTRONE SULFURIC ACID,0.5695679783821106,35.168670027142305,1.588,1.1397807348368956,67,out,80.7,3.29,,,4.0,1.1397807348368956,2.001132047617048,False,B  predictors disagree,44,40
46,econazole,-1.484,0.221,1.492,0.825,HIGH BBB Penetration,4.0,381.69,5.8,27.05,3.0,0.0,1.0,0,0,CHEMBL808,ChEMBL API,,CHEMBL808,4.0,pref_name,ECONAZOLE,0.5892313420772552,36.487010469174095,1.484,1.0652135714208784,69,in,27.1,5.8,,,4.0,1.0652135714208784,1.8078019537548906,True,A  both predictors agree,45,60
78,Ademetionine,-1.529,0.229,0.615,0.325,LOW BBB Penetration,3.0,398.45,-3.26,185.46,11.0,4.0,1.0,0,0,CHEMBL1088977,ChEMBL API,,CHEMBL1088977,3.0,pref_name,ADEMETIONINE,0.552869337797165,33.85032958511051,1.529,1.0452826279252725,70,out,185.5,-3.26,,,3.0,1.0452826279252723,1.8906503878295424,False,B  predictors disagree,46,53
75,CHLOROGENIC ACID,-1.802,0.0437,0.786,0.325,LOW BBB Penetration,2.0,354.31,-0.65,164.75,8.0,6.0,1.0,0,0,CHEMBL284616,ChEMBL API,,CHEMBL284616,2.0,pref_name,CHLOROGENIC ACID,0.4079566866159439,24.932144241954244,1.802,0.9868388438154154,71,out,164.8,-0.65,,,2.0,0.9868388438154154,2.418979455886304,False,B  predictors disagree,47,18
85,bromocriptine,-1.816,0.0287,0.489,0.2,LOW BBB Penetration,4.0,691.07,3.19,118.21,6.0,3.0,1.0,0,0,CHEMBL493,ChEMBL API,,CHEMBL1255752,,pref_name,BROMOCRIPTINE,0.4010767787694931,24.58317177200465,1.816,0.9815248163478176,72,out,118.2,3.19,-0.59,,4.0,0.9815248163478177,2.447224243096656,False,B  predictors disagree,48,17
21,mesalazine,-1.975,0.00719,1.942,0.7,HIGH BBB Penetration,4.0,153.14,0.67,83.55,3.0,3.0,0.0,0,0,CHEMBL704,ChEMBL API,,CHEMBL704,4.0,synonym,MESALAMINE,0.3388364017009735,20.434276851492825,1.975,0.94046082789225,75,out,83.5,0.67,,,4.0,0.94046082789225,2.7755601912046513,False,B  predictors disagree,49,5
40,6-Thioguanine,-1.695,0.161,1.545,0.7,HIGH BBB Penetration,4.0,167.2,0.6,83.38,4.0,3.0,0.0,0,0,CHEMBL727,ChEMBL API,,CHEMBL727,4.0,override,THIOGUANINE,0.3727987870573997,22.60566110895696,1.695,0.8226764104675098,76,out,83.4,0.6,,,4.0,0.8226764104675097,2.2067572079864157,False,B  predictors disagree,50,26
52,benzethonium chloride,-1.589,0.198,1.402,0.7,HIGH BBB Penetration,2.0,448.09,6.07,18.46,2.0,0.0,1.0,0,0,CHEMBL1182210,ChEMBL API,,CHEMBL221753,2.0,pref_name,BENZETHONIUM,0.3952518016099929,24.19542458317177,1.589,0.791698284694127,77,out,18.5,6.07,,,2.0,0.7916982846941268,2.0030225832476276,False,B  predictors disagree,51,39
74,635-65-4,-1.671,0.0187,0.81,0.375,LOW BBB Penetration,1.0,455.95,2.64,126.88,4.0,4.0,0.0,0,0,CHEMBL501680,ChEMBL API,,CHEMBL5796501,,override,BILIRUBIN,0.3067550450563431,18.84451337727801,1.671,0.6626075634971403,80,out,164.4,4.53,,,1.0,0.6626075634971403,2.1600543305667106,False,B  predictors disagree,52,29
62,succinylsulfathiazole,-1.484,0.226,1.13,0.625,MODERATE BBB Penetration,2.0,355.4,1.75,125.46,6.0,3.0,0.0,0,0,CHEMBL1484857,ChEMBL API,,CHEMBL1484857,2.0,pref_name,SUCCINYLSULFATHIAZOLE,0.3475712299346923,20.860798759209,1.484,0.6283399485449271,81,out,125.5,1.75,,,2.0,0.628339948544927,1.8078019537548906,False,B  predictors disagree,53,60
43,betulinic acid,-1.922,0.019,1.532,0.575,MODERATE BBB Penetration,1.0,456.71,7.09,57.53,2.0,2.0,1.0,0,0,CHEMBL269277,ChEMBL API,,CHEMBL269277,1.0,pref_name,BETULINIC ACID,0.1960885383188724,12.330360604885614,1.922,0.5224951749087046,82,out,57.5,7.09,,,1.0,0.5224951749087043,2.664588044707849,False,B  predictors disagree,54,8
92,cefotiam,-1.826,0.0212,0.185,0.075,LOW BBB Penetration,4.0,598.56,-0.65,172.46,13.0,3.0,2.0,0,0,CHEMBL1296,ChEMBL API,,CHEMBL4303232,4.0,pref_name,CEFOTIAM,0.185873395204544,11.903838697169444,1.826,0.458636264698455,83,out,172.5,-0.65,,,4.0,0.45863626469845475,2.467465901689424,False,B  predictors disagree,55,16
76,Carfilzomib,-1.979,0.0437,0.696,0.25,LOW BBB Penetration,4.0,719.92,2.58,158.47,8.0,4.0,1.0,0,0,CHEMBL451887,ChEMBL API,,CHEMBL451887,4.0,pref_name,CARFILZOMIB,0.1341812118887901,8.607987592089957,1.979,0.3735600297342523,85,out,158.5,2.58,,,4.0,0.3735600297342523,2.783996540766529,False,B  predictors disagree,56,4
72,benserazide,-1.966,0.00815,0.896,0.325,LOW BBB Penetration,3.0,257.25,-1.76,148.07,7.0,7.0,1.0,0,0,CHEMBL1096979,ChEMBL API,,CHEMBL1096979,3.0,pref_name,BENSERAZIDE,0.1135975487530231,7.173322993408298,1.966,0.3131440977392785,88,out,148.1,-1.76,,,3.0,0.31314409773927837,2.7566096379429568,False,B  predictors disagree,57,6
29,salbutamol,-1.608,0.207,1.784,0.875,HIGH BBB Penetration,4.0,239.31,1.31,72.72,4.0,4.0,0.0,0,0,CHEMBL714,ChEMBL API,,CHEMBL714,4.0,synonym,ALBUTEROL,0.1499424129724502,9.654905001938737,1.608,0.3057409158234886,90,out,72.7,1.31,-1.3,,4.0,0.30574091582348856,2.0390555931607164,False,B  predictors disagree,58,37
93,doxorubicin,-1.626,0.109,0.155,0.075,LOW BBB Penetration,4.0,543.53,0.0,206.07,12.0,6.0,3.0,0,0,CHEMBL53463,ChEMBL API,,CHEMBL53463,4.0,pref_name,DOXORUBICIN,0.063719467818737,3.5672741372625048,1.626,0.1321152502790447,91,out,206.1,0.0,-0.83,,4.0,0.13211525027904464,2.073389103858704,False,B  predictors disagree,59,36
91,sisomicin,-1.869,0.0325,0.192,0.075,LOW BBB Penetration,3.0,1385.46,-3.85,213.72,12.0,8.0,2.0,0,0,CHEMBL221886,ChEMBL API,,CHEMBL3989471,-1.0,pref_name,SISOMICIN,0.044400630891323,2.093834819697557,1.869,0.113449632432301,92,out,213.7,-3.85,,,3.0,0.11344963243230086,2.5551355950320915,False,B  predictors disagree,60,13
96,amphotericin b,-1.533,0.188,0.142,0.075,LOW BBB Penetration,4.0,924.09,0.71,319.61,17.0,12.0,3.0,0,0,CHEMBL267345,ChEMBL API,,CHEMBL267345,4.0,pref_name,AMPHOTERICIN B,0.0511172333732247,2.5979061651803024,1.533,0.0970243121866038,93,out,319.6,0.71,,,4.0,0.09702431218660382,1.8980744023878515,False,B  predictors disagree,61,52
94,gossypol,-1.557,0.131,0.146,0.075,LOW BBB Penetration,3.0,518.56,6.38,155.52,8.0,6.0,3.0,0,0,CHEMBL51483,ChEMBL API,,CHEMBL51483,3.0,pref_name,GOSSYPOL,0.0477668944746255,2.404032570763862,1.557,0.0928025534106981,94,out,155.5,6.38,,,3.0,0.09280255341069794,1.94282158033104,False,B  predictors disagree,62,49
