section,endpoint,method,assumptions,primary_mean,primary_sd,recurrent_mean,recurrent_sd,diff_rec_minus_pri,cohens_d,hedges_g,welch_p_observed,n_unit,n_estimate,n_conservative,reference
a_targeted_endpoint,CIBERSORT MES fraction (neftel4_confident),Welch t-test sample size,"Welch t, two-sided alpha 0.05, power 0.80, equal n per group; SDs = observed group SDs (unequal allowed); noncentral t with Welch-Satterthwaite df; d = diff / sqrt((s1^2+s2^2)/2); normal approx n = 2(z.975+z.80)^2/d^2 = 15.70/d^2. n_estimate at observed d; n_conservative at d/2. Hedges g = 0.8 d (df 4); n at g = 12. Source: ANALYSIS/cibersort/results/v104/fractions_v104_neftel4_confident.tsv",0.5142,0.0548,0.3898,0.1021,-0.1244,-1.518,-1.214,0.1580,animals per group,9,29,Welch 1947 Biometrika 34:28 doi:10.1093/biomet/34.1-2.28; Hedges 1981 J Educ Stat 6:107 doi:10.3102/10769986006002107
a_targeted_endpoint,CIBERSORT AC fraction (neftel4_confident),Welch t-test sample size,"Welch t, two-sided alpha 0.05, power 0.80, equal n per group; SDs = observed group SDs (unequal allowed); noncentral t with Welch-Satterthwaite df; d = diff / sqrt((s1^2+s2^2)/2); normal approx n = 2(z.975+z.80)^2/d^2 = 15.70/d^2. n_estimate at observed d; n_conservative at d/2. Hedges g = 0.8 d (df 4); n at g = 16. Source: ANALYSIS/cibersort/results/v104/fractions_v104_neftel4_confident.tsv",0.2206,0.0300,0.2708,0.0443,0.0502,1.326,1.061,0.1893,animals per group,11,37,Welch 1947 Biometrika 34:28 doi:10.1093/biomet/34.1-2.28; Hedges 1981 J Educ Stat 6:107 doi:10.3102/10769986006002107
a_targeted_endpoint,GSVA Neftel_AC,Welch t-test sample size,"Welch t, two-sided alpha 0.05, power 0.80, equal n per group; SDs = observed group SDs (unequal allowed); noncentral t with Welch-Satterthwaite df; d = diff / sqrt((s1^2+s2^2)/2); normal approx n = 2(z.975+z.80)^2/d^2 = 15.70/d^2. n_estimate at observed d; n_conservative at d/2. Hedges g = 0.8 d (df 4); n at g = 3. Source: subtypes/subtype_rerun_scores_per_sample.csv (GSVA across the six tumours; scores are relative to this sample set)",0.2609,0.1200,-0.2692,0.1390,-0.5302,-4.083,-3.267,0.0079,animals per group,3,5,Welch 1947 Biometrika 34:28 doi:10.1093/biomet/34.1-2.28; Hedges 1981 J Educ Stat 6:107 doi:10.3102/10769986006002107
a_targeted_endpoint,GSVA Neftel_MES1,Welch t-test sample size,"Welch t, two-sided alpha 0.05, power 0.80, equal n per group; SDs = observed group SDs (unequal allowed); noncentral t with Welch-Satterthwaite df; d = diff / sqrt((s1^2+s2^2)/2); normal approx n = 2(z.975+z.80)^2/d^2 = 15.70/d^2. n_estimate at observed d; n_conservative at d/2. Hedges g = 0.8 d (df 4); n at g = 9. Source: subtypes/subtype_rerun_scores_per_sample.csv (GSVA across the six tumours; scores are relative to this sample set)",0.2395,0.2572,-0.2359,0.2646,-0.4754,-1.822,-1.458,0.0895,animals per group,6,20,Welch 1947 Biometrika 34:28 doi:10.1093/biomet/34.1-2.28; Hedges 1981 J Educ Stat 6:107 doi:10.3102/10769986006002107
a_targeted_endpoint,"Translation initiation set score, all 80 members (mean centred rlog)",Welch t-test sample size,"Welch t, two-sided alpha 0.05, power 0.80, equal n per group; SDs = observed group SDs (unequal allowed); noncentral t with Welch-Satterthwaite df; d = diff / sqrt((s1^2+s2^2)/2); normal approx n = 2(z.975+z.80)^2/d^2 = 15.70/d^2. n_estimate at observed d; n_conservative at d/2. Hedges g = 0.8 d (df 4); n at g = 17. Source: results_therapy_v3 all.rlog.tsv; members from the GSEA report KEGG_MEDICUS_REFERENCE_TRANSLATION_INITIATION.tsv; per-sample score = mean over genes of rlog centred across the six",0.1279,0.2802,-0.1279,0.0294,-0.2558,-1.284,-1.027,0.2537,animals per group,12,40,Welch 1947 Biometrika 34:28 doi:10.1093/biomet/34.1-2.28; Hedges 1981 J Educ Stat 6:107 doi:10.3102/10769986006002107
a_targeted_endpoint,"Translation initiation set score, 77 core-enrichment genes (mean centred rlog)",Welch t-test sample size,"Welch t, two-sided alpha 0.05, power 0.80, equal n per group; SDs = observed group SDs (unequal allowed); noncentral t with Welch-Satterthwaite df; d = diff / sqrt((s1^2+s2^2)/2); normal approx n = 2(z.975+z.80)^2/d^2 = 15.70/d^2. n_estimate at observed d; n_conservative at d/2. Hedges g = 0.8 d (df 4); n at g = 17. Source: results_therapy_v3 all.rlog.tsv; members from the GSEA report KEGG_MEDICUS_REFERENCE_TRANSLATION_INITIATION.tsv; per-sample score = mean over genes of rlog centred across the six",0.1294,0.2821,-0.1294,0.0330,-0.2588,-1.289,-1.031,0.2520,animals per group,12,40,Welch 1947 Biometrika 34:28 doi:10.1093/biomet/34.1-2.28; Hedges 1981 J Educ Stat 6:107 doi:10.3102/10769986006002107
b_genome_wide_DE,"per-gene 1.5-fold change at FDR 0.05, power 0.80",Hart 2013 formula n = 2(z_{1-a/2}+z_{.80})^2 (1/depth + CV^2)/(ln 1.5)^2 with Jung 2005 per-test alpha,"pi0 0.99 (1% of genes DE); Jung alpha* = r1 f/(m0 (1-f)) = 4.25e-04 with m = 15928 genes, r1 = 0.8 m1, f = 0.05; depth 20 reads/gene; CV = our median tagwise BCV 0.20",,,,,,,,,animals per group,21,,Hart et al. 2013 J Comput Biol 20:970 doi:10.1089/cmb.2012.0283 (RNASeqPower 1.50.0); Jung 2005 Bioinformatics 21:3097 doi:10.1093/bioinformatics/bti456
b_genome_wide_DE,"per-gene 1.5-fold change at FDR 0.05, power 0.80",Hart 2013 formula n = 2(z_{1-a/2}+z_{.80})^2 (1/depth + CV^2)/(ln 1.5)^2 with Jung 2005 per-test alpha,"pi0 0.99 (1% of genes DE); Jung alpha* = r1 f/(m0 (1-f)) = 4.25e-04 with m = 15928 genes, r1 = 0.8 m1, f = 0.05; depth 20 reads/gene; CV = our common BCV 0.27",,,,,,,,,animals per group,29,,Hart et al. 2013 J Comput Biol 20:970 doi:10.1089/cmb.2012.0283 (RNASeqPower 1.50.0); Jung 2005 Bioinformatics 21:3097 doi:10.1093/bioinformatics/bti456
b_genome_wide_DE,"per-gene 1.5-fold change at FDR 0.05, power 0.80",Hart 2013 formula n = 2(z_{1-a/2}+z_{.80})^2 (1/depth + CV^2)/(ln 1.5)^2 with Jung 2005 per-test alpha,"pi0 0.99 (1% of genes DE); Jung alpha* = r1 f/(m0 (1-f)) = 4.25e-04 with m = 15928 genes, r1 = 0.8 m1, f = 0.05; depth 20 reads/gene; CV = edgeR guide 'human' BCV 0.4",,,,,,,,,animals per group,49,,Hart et al. 2013 J Comput Biol 20:970 doi:10.1089/cmb.2012.0283 (RNASeqPower 1.50.0); Jung 2005 Bioinformatics 21:3097 doi:10.1093/bioinformatics/bti456
b_genome_wide_DE,"per-gene 1.5-fold change at FDR 0.05, power 0.80",Hart 2013 formula n = 2(z_{1-a/2}+z_{.80})^2 (1/depth + CV^2)/(ln 1.5)^2 with Jung 2005 per-test alpha,"pi0 0.99 (1% of genes DE); Jung alpha* = r1 f/(m0 (1-f)) = 4.25e-04 with m = 15928 genes, r1 = 0.8 m1, f = 0.05; depth 20 reads/gene; CV = edgeR guide 'genetically identical' BCV 0.1",,,,,,,,,animals per group,14,,Hart et al. 2013 J Comput Biol 20:970 doi:10.1089/cmb.2012.0283 (RNASeqPower 1.50.0); Jung 2005 Bioinformatics 21:3097 doi:10.1093/bioinformatics/bti456
b_genome_wide_DE,"per-gene 1.5-fold change at FDR 0.05, power 0.80",Hart 2013 formula n = 2(z_{1-a/2}+z_{.80})^2 (1/depth + CV^2)/(ln 1.5)^2 with Jung 2005 per-test alpha,"pi0 0.99 (1% of genes DE); Jung alpha* = r1 f/(m0 (1-f)) = 4.25e-04 with m = 15928 genes, r1 = 0.8 m1, f = 0.05; depth 463 reads/gene; CV = our median tagwise BCV 0.20",,,,,,,,,animals per group,10,,Hart et al. 2013 J Comput Biol 20:970 doi:10.1089/cmb.2012.0283 (RNASeqPower 1.50.0); Jung 2005 Bioinformatics 21:3097 doi:10.1093/bioinformatics/bti456
b_genome_wide_DE,"per-gene 1.5-fold change at FDR 0.05, power 0.80",Hart 2013 formula n = 2(z_{1-a/2}+z_{.80})^2 (1/depth + CV^2)/(ln 1.5)^2 with Jung 2005 per-test alpha,"pi0 0.99 (1% of genes DE); Jung alpha* = r1 f/(m0 (1-f)) = 4.25e-04 with m = 15928 genes, r1 = 0.8 m1, f = 0.05; depth 463 reads/gene; CV = our common BCV 0.27",,,,,,,,,animals per group,18,,Hart et al. 2013 J Comput Biol 20:970 doi:10.1089/cmb.2012.0283 (RNASeqPower 1.50.0); Jung 2005 Bioinformatics 21:3097 doi:10.1093/bioinformatics/bti456
b_genome_wide_DE,"per-gene 1.5-fold change at FDR 0.05, power 0.80",Hart 2013 formula n = 2(z_{1-a/2}+z_{.80})^2 (1/depth + CV^2)/(ln 1.5)^2 with Jung 2005 per-test alpha,"pi0 0.99 (1% of genes DE); Jung alpha* = r1 f/(m0 (1-f)) = 4.25e-04 with m = 15928 genes, r1 = 0.8 m1, f = 0.05; depth 463 reads/gene; CV = edgeR guide 'human' BCV 0.4",,,,,,,,,animals per group,38,,Hart et al. 2013 J Comput Biol 20:970 doi:10.1089/cmb.2012.0283 (RNASeqPower 1.50.0); Jung 2005 Bioinformatics 21:3097 doi:10.1093/bioinformatics/bti456
b_genome_wide_DE,"per-gene 1.5-fold change at FDR 0.05, power 0.80",Hart 2013 formula n = 2(z_{1-a/2}+z_{.80})^2 (1/depth + CV^2)/(ln 1.5)^2 with Jung 2005 per-test alpha,"pi0 0.99 (1% of genes DE); Jung alpha* = r1 f/(m0 (1-f)) = 4.25e-04 with m = 15928 genes, r1 = 0.8 m1, f = 0.05; depth 463 reads/gene; CV = edgeR guide 'genetically identical' BCV 0.1",,,,,,,,,animals per group,3,,Hart et al. 2013 J Comput Biol 20:970 doi:10.1089/cmb.2012.0283 (RNASeqPower 1.50.0); Jung 2005 Bioinformatics 21:3097 doi:10.1093/bioinformatics/bti456
b_genome_wide_DE,"per-gene 1.5-fold change at FDR 0.05, power 0.80",Hart 2013 formula n = 2(z_{1-a/2}+z_{.80})^2 (1/depth + CV^2)/(ln 1.5)^2 with Jung 2005 per-test alpha,"pi0 0.95 (5% DE); Jung alpha* = r1 f/(m0 (1-f)) = 2.21e-03 with m = 15928 genes, r1 = 0.8 m1, f = 0.05; depth 20 reads/gene; CV = our median tagwise BCV 0.20",,,,,,,,,animals per group,17,,Hart et al. 2013 J Comput Biol 20:970 doi:10.1089/cmb.2012.0283 (RNASeqPower 1.50.0); Jung 2005 Bioinformatics 21:3097 doi:10.1093/bioinformatics/bti456
b_genome_wide_DE,"per-gene 1.5-fold change at FDR 0.05, power 0.80",Hart 2013 formula n = 2(z_{1-a/2}+z_{.80})^2 (1/depth + CV^2)/(ln 1.5)^2 with Jung 2005 per-test alpha,"pi0 0.95 (5% DE); Jung alpha* = r1 f/(m0 (1-f)) = 2.21e-03 with m = 15928 genes, r1 = 0.8 m1, f = 0.05; depth 20 reads/gene; CV = our common BCV 0.27",,,,,,,,,animals per group,23,,Hart et al. 2013 J Comput Biol 20:970 doi:10.1089/cmb.2012.0283 (RNASeqPower 1.50.0); Jung 2005 Bioinformatics 21:3097 doi:10.1093/bioinformatics/bti456
b_genome_wide_DE,"per-gene 1.5-fold change at FDR 0.05, power 0.80",Hart 2013 formula n = 2(z_{1-a/2}+z_{.80})^2 (1/depth + CV^2)/(ln 1.5)^2 with Jung 2005 per-test alpha,"pi0 0.95 (5% DE); Jung alpha* = r1 f/(m0 (1-f)) = 2.21e-03 with m = 15928 genes, r1 = 0.8 m1, f = 0.05; depth 20 reads/gene; CV = edgeR guide 'human' BCV 0.4",,,,,,,,,animals per group,39,,Hart et al. 2013 J Comput Biol 20:970 doi:10.1089/cmb.2012.0283 (RNASeqPower 1.50.0); Jung 2005 Bioinformatics 21:3097 doi:10.1093/bioinformatics/bti456
b_genome_wide_DE,"per-gene 1.5-fold change at FDR 0.05, power 0.80",Hart 2013 formula n = 2(z_{1-a/2}+z_{.80})^2 (1/depth + CV^2)/(ln 1.5)^2 with Jung 2005 per-test alpha,"pi0 0.95 (5% DE); Jung alpha* = r1 f/(m0 (1-f)) = 2.21e-03 with m = 15928 genes, r1 = 0.8 m1, f = 0.05; depth 20 reads/gene; CV = edgeR guide 'genetically identical' BCV 0.1",,,,,,,,,animals per group,12,,Hart et al. 2013 J Comput Biol 20:970 doi:10.1089/cmb.2012.0283 (RNASeqPower 1.50.0); Jung 2005 Bioinformatics 21:3097 doi:10.1093/bioinformatics/bti456
b_genome_wide_DE,"per-gene 1.5-fold change at FDR 0.05, power 0.80",Hart 2013 formula n = 2(z_{1-a/2}+z_{.80})^2 (1/depth + CV^2)/(ln 1.5)^2 with Jung 2005 per-test alpha,"pi0 0.95 (5% DE); Jung alpha* = r1 f/(m0 (1-f)) = 2.21e-03 with m = 15928 genes, r1 = 0.8 m1, f = 0.05; depth 463 reads/gene; CV = our median tagwise BCV 0.20",,,,,,,,,animals per group,8,,Hart et al. 2013 J Comput Biol 20:970 doi:10.1089/cmb.2012.0283 (RNASeqPower 1.50.0); Jung 2005 Bioinformatics 21:3097 doi:10.1093/bioinformatics/bti456
b_genome_wide_DE,"per-gene 1.5-fold change at FDR 0.05, power 0.80",Hart 2013 formula n = 2(z_{1-a/2}+z_{.80})^2 (1/depth + CV^2)/(ln 1.5)^2 with Jung 2005 per-test alpha,"pi0 0.95 (5% DE); Jung alpha* = r1 f/(m0 (1-f)) = 2.21e-03 with m = 15928 genes, r1 = 0.8 m1, f = 0.05; depth 463 reads/gene; CV = our common BCV 0.27",,,,,,,,,animals per group,14,,Hart et al. 2013 J Comput Biol 20:970 doi:10.1089/cmb.2012.0283 (RNASeqPower 1.50.0); Jung 2005 Bioinformatics 21:3097 doi:10.1093/bioinformatics/bti456
b_genome_wide_DE,"per-gene 1.5-fold change at FDR 0.05, power 0.80",Hart 2013 formula n = 2(z_{1-a/2}+z_{.80})^2 (1/depth + CV^2)/(ln 1.5)^2 with Jung 2005 per-test alpha,"pi0 0.95 (5% DE); Jung alpha* = r1 f/(m0 (1-f)) = 2.21e-03 with m = 15928 genes, r1 = 0.8 m1, f = 0.05; depth 463 reads/gene; CV = edgeR guide 'human' BCV 0.4",,,,,,,,,animals per group,31,,Hart et al. 2013 J Comput Biol 20:970 doi:10.1089/cmb.2012.0283 (RNASeqPower 1.50.0); Jung 2005 Bioinformatics 21:3097 doi:10.1093/bioinformatics/bti456
b_genome_wide_DE,"per-gene 1.5-fold change at FDR 0.05, power 0.80",Hart 2013 formula n = 2(z_{1-a/2}+z_{.80})^2 (1/depth + CV^2)/(ln 1.5)^2 with Jung 2005 per-test alpha,"pi0 0.95 (5% DE); Jung alpha* = r1 f/(m0 (1-f)) = 2.21e-03 with m = 15928 genes, r1 = 0.8 m1, f = 0.05; depth 463 reads/gene; CV = edgeR guide 'genetically identical' BCV 0.1",,,,,,,,,animals per group,3,,Hart et al. 2013 J Comput Biol 20:970 doi:10.1089/cmb.2012.0283 (RNASeqPower 1.50.0); Jung 2005 Bioinformatics 21:3097 doi:10.1093/bioinformatics/bti456
b_genome_wide_DE,"average power 0.80 over DE genes at FDR 0.05, 1.5-fold","ssizeRNA_vary (voom-type, FDR-controlled sample size)","gene-wise (mean, dispersion) pairs resampled from our 15928 filtered genes; pi0 0.99; 1.5-fold, half up/half down; FDR 0.05; dispersion from the six tumours' human-stream counts (edgeR 4.8.2 estimateDisp, robust; 15928 genes after filterByExpr): common BCV 0.269 (dispersion 0.0725); tagwise BCV median 0.200, IQR 0.158-0.366, 90th pct 0.529; median normalised mean count 463 at ~25 M human-stream reads/library",,,,,,,,,animals per group,21,,"Bi & Liu 2016 BMC Bioinformatics 17:146 doi:10.1186/s12859-016-0994-9 (ssizeRNA 1.3.3); ssizeRNA power at n=3/group 0.00, n=6/group 0.06"
b_genome_wide_DE,"average power 0.80 over DE genes at FDR 0.05, 1.5-fold","ssizeRNA_vary (voom-type, FDR-controlled sample size)","gene-wise (mean, dispersion) pairs resampled from our 15928 filtered genes; pi0 0.95; 1.5-fold, half up/half down; FDR 0.05; dispersion from the six tumours' human-stream counts (edgeR 4.8.2 estimateDisp, robust; 15928 genes after filterByExpr): common BCV 0.269 (dispersion 0.0725); tagwise BCV median 0.200, IQR 0.158-0.366, 90th pct 0.529; median normalised mean count 463 at ~25 M human-stream reads/library",,,,,,,,,animals per group,18,,"Bi & Liu 2016 BMC Bioinformatics 17:146 doi:10.1186/s12859-016-0994-9 (ssizeRNA 1.3.3); ssizeRNA power at n=3/group 0.00, n=6/group 0.19"
b_genome_wide_DE,"average power 0.80 over DE genes at FDR 0.05, 1.5-fold","ssizeRNA_vary (voom-type, FDR-controlled sample size)","gene-wise (mean, dispersion) pairs resampled from our 15928 filtered genes; pi0 0.9; 1.5-fold, half up/half down; FDR 0.05; dispersion from the six tumours' human-stream counts (edgeR 4.8.2 estimateDisp, robust; 15928 genes after filterByExpr): common BCV 0.269 (dispersion 0.0725); tagwise BCV median 0.200, IQR 0.158-0.366, 90th pct 0.529; median normalised mean count 463 at ~25 M human-stream reads/library",,,,,,,,,animals per group,14,,"Bi & Liu 2016 BMC Bioinformatics 17:146 doi:10.1186/s12859-016-0994-9 (ssizeRNA 1.3.3); ssizeRNA power at n=3/group 0.00, n=6/group 0.34"
b_genome_wide_DE,"average power 0.80 over DE genes at FDR 0.05, 1.5-fold","ssizeRNA_single (voom-type, FDR-controlled sample size)",single mean 463 counts and common dispersion 0.0725 for every gene; pi0 0.95; 1.5-fold; FDR 0.05,,,,,,,,,animals per group,17,,"Bi & Liu 2016 BMC Bioinformatics 17:146 doi:10.1186/s12859-016-0994-9 (ssizeRNA 1.3.3); ssizeRNA power at n=3/group 0.00, n=6/group 0.00"
b_genome_wide_DE,"marginal power over all simulated 1.5-fold DE genes with mean count >10, FDR 0.05",PROPER simulation (5 simulations x ~796 DE genes; negative binomial; edgeR exact test; BH FDR),"p.DE 0.05; lfc +/-log(1.5); baseline means and dispersions = our gene-wise pairs; dispersion from the six tumours' human-stream counts (edgeR 4.8.2 estimateDisp, robust; 15928 genes after filterByExpr): common BCV 0.269 (dispersion 0.0725); tagwise BCV median 0.200, IQR 0.158-0.366, 90th pct 0.529; median normalised mean count 463 at ~25 M human-stream reads/library; marginal power by n per group n=3: 0.11; n=5: 0.37; n=8: 0.57; n=10: 0.65; n=12: 0.70; n=15: 0.75; n=20: 0.80; n=25: 0.84; actual FDR at nominal 0.05 by n n=3: 0.221; n=5: 0.084; n=8: 0.062; n=10: 0.061; n=12: 0.062; n=15: 0.056; n=20: 0.056; n=25: 0.054; by-expression power in proper_quick.json",,,,,,,,,animals per group,25,,"Wu, Wang & Wu 2015 Bioinformatics 31:233 doi:10.1093/bioinformatics/btu640 (PROPER 1.42.0; edgeR exact test)"
c_CIBERSORTx,"group-mode GEP purification, signature Neftel four-state (neftel4_confident; the run in question), c = 4 cell types",Eq. 2 NNLS must be overdetermined (k > c); 'largest gains ... at least 4-5 fold more mixture samples than cell types',"k = mixture samples in ONE group-mode run. To contrast primary vs recurrent, the protocol runs group mode on each class separately, so k applies per group.",,,,,,,,,mixture samples per run (per group if run per class),5,16-20,"Newman et al. 2019 Nat Biotechnol 37:773 doi:10.1038/s41587-019-0114-2 (PMC6610714); Steen et al. 2020 Methods Mol Biol 2117:135 doi:10.1007/978-1-0716-0301-7_7 (PMC7695353), Note 12 and 3.2.1"
c_CIBERSORTx,"high-resolution (sample-level) purification, signature Neftel four-state (neftel4_confident; the run in question), c = 4",sliding window w bounded c < w <= k/2; authors set w to 4-5 fold c; docker hires default window = 4 x cell types,"n_estimate = smallest k allowed (w = c+1 -> k >= 2(c+1)); n_conservative = k at the authors' w = 4c-5c (k >= 8c-10c). Across both groups if run once on the whole set, per group if run per class.",,,,,,,,,mixture samples per run,10,32-40,"Newman et al. 2019 Nat Biotechnol 37:773 doi:10.1038/s41587-019-0114-2 (PMC6610714) Methods 'Pseudocode for high-resolution expression purification'; window default from the CIBERSORTx hires docker usage text as mirrored at https://open.bioqueue.org/home/knowledge/showKnowledge/sig/cibersortx-hires (third-party mirror, not the official page)"
c_CIBERSORTx,"group-mode GEP purification, signature Varn 2022 GLASS tumour 3-state, c = 3 cell types",Eq. 2 NNLS must be overdetermined (k > c); 'largest gains ... at least 4-5 fold more mixture samples than cell types',"k = mixture samples in ONE group-mode run. To contrast primary vs recurrent, the protocol runs group mode on each class separately, so k applies per group.",,,,,,,,,mixture samples per run (per group if run per class),4,12-15,"Newman et al. 2019 Nat Biotechnol 37:773 doi:10.1038/s41587-019-0114-2 (PMC6610714); Steen et al. 2020 Methods Mol Biol 2117:135 doi:10.1007/978-1-0716-0301-7_7 (PMC7695353), Note 12 and 3.2.1"
c_CIBERSORTx,"high-resolution (sample-level) purification, signature Varn 2022 GLASS tumour 3-state, c = 3",sliding window w bounded c < w <= k/2; authors set w to 4-5 fold c; docker hires default window = 4 x cell types,"n_estimate = smallest k allowed (w = c+1 -> k >= 2(c+1)); n_conservative = k at the authors' w = 4c-5c (k >= 8c-10c). Across both groups if run once on the whole set, per group if run per class.",,,,,,,,,mixture samples per run,8,24-30,"Newman et al. 2019 Nat Biotechnol 37:773 doi:10.1038/s41587-019-0114-2 (PMC6610714) Methods 'Pseudocode for high-resolution expression purification'; window default from the CIBERSORTx hires docker usage text as mirrored at https://open.bioqueue.org/home/knowledge/showKnowledge/sig/cibersortx-hires (third-party mirror, not the official page)"
c_CIBERSORTx,"group-mode GEP purification, signature IvyGAP anatomic 4, c = 4 cell types",Eq. 2 NNLS must be overdetermined (k > c); 'largest gains ... at least 4-5 fold more mixture samples than cell types',"k = mixture samples in ONE group-mode run. To contrast primary vs recurrent, the protocol runs group mode on each class separately, so k applies per group.",,,,,,,,,mixture samples per run (per group if run per class),5,16-20,"Newman et al. 2019 Nat Biotechnol 37:773 doi:10.1038/s41587-019-0114-2 (PMC6610714); Steen et al. 2020 Methods Mol Biol 2117:135 doi:10.1007/978-1-0716-0301-7_7 (PMC7695353), Note 12 and 3.2.1"
c_CIBERSORTx,"high-resolution (sample-level) purification, signature IvyGAP anatomic 4, c = 4",sliding window w bounded c < w <= k/2; authors set w to 4-5 fold c; docker hires default window = 4 x cell types,"n_estimate = smallest k allowed (w = c+1 -> k >= 2(c+1)); n_conservative = k at the authors' w = 4c-5c (k >= 8c-10c). Across both groups if run once on the whole set, per group if run per class.",,,,,,,,,mixture samples per run,10,32-40,"Newman et al. 2019 Nat Biotechnol 37:773 doi:10.1038/s41587-019-0114-2 (PMC6610714) Methods 'Pseudocode for high-resolution expression purification'; window default from the CIBERSORTx hires docker usage text as mirrored at https://open.bioqueue.org/home/knowledge/showKnowledge/sig/cibersortx-hires (third-party mirror, not the official page)"
c_CIBERSORTx,"group-mode GEP purification, signature BayesPrism GBM 6 cell types, c = 6 cell types",Eq. 2 NNLS must be overdetermined (k > c); 'largest gains ... at least 4-5 fold more mixture samples than cell types',"k = mixture samples in ONE group-mode run. To contrast primary vs recurrent, the protocol runs group mode on each class separately, so k applies per group.",,,,,,,,,mixture samples per run (per group if run per class),7,24-30,"Newman et al. 2019 Nat Biotechnol 37:773 doi:10.1038/s41587-019-0114-2 (PMC6610714); Steen et al. 2020 Methods Mol Biol 2117:135 doi:10.1007/978-1-0716-0301-7_7 (PMC7695353), Note 12 and 3.2.1"
c_CIBERSORTx,"high-resolution (sample-level) purification, signature BayesPrism GBM 6 cell types, c = 6",sliding window w bounded c < w <= k/2; authors set w to 4-5 fold c; docker hires default window = 4 x cell types,"n_estimate = smallest k allowed (w = c+1 -> k >= 2(c+1)); n_conservative = k at the authors' w = 4c-5c (k >= 8c-10c). Across both groups if run once on the whole set, per group if run per class.",,,,,,,,,mixture samples per run,14,48-60,"Newman et al. 2019 Nat Biotechnol 37:773 doi:10.1038/s41587-019-0114-2 (PMC6610714) Methods 'Pseudocode for high-resolution expression purification'; window default from the CIBERSORTx hires docker usage text as mirrored at https://open.bioqueue.org/home/knowledge/showKnowledge/sig/cibersortx-hires (third-party mirror, not the official page)"
c_CIBERSORTx,"group-mode GEP purification, signature Neftel 4 + 3 non-malignant, c = 7 cell types",Eq. 2 NNLS must be overdetermined (k > c); 'largest gains ... at least 4-5 fold more mixture samples than cell types',"k = mixture samples in ONE group-mode run. To contrast primary vs recurrent, the protocol runs group mode on each class separately, so k applies per group.",,,,,,,,,mixture samples per run (per group if run per class),8,28-35,"Newman et al. 2019 Nat Biotechnol 37:773 doi:10.1038/s41587-019-0114-2 (PMC6610714); Steen et al. 2020 Methods Mol Biol 2117:135 doi:10.1007/978-1-0716-0301-7_7 (PMC7695353), Note 12 and 3.2.1"
c_CIBERSORTx,"high-resolution (sample-level) purification, signature Neftel 4 + 3 non-malignant, c = 7",sliding window w bounded c < w <= k/2; authors set w to 4-5 fold c; docker hires default window = 4 x cell types,"n_estimate = smallest k allowed (w = c+1 -> k >= 2(c+1)); n_conservative = k at the authors' w = 4c-5c (k >= 8c-10c). Across both groups if run once on the whole set, per group if run per class.",,,,,,,,,mixture samples per run,16,56-70,"Newman et al. 2019 Nat Biotechnol 37:773 doi:10.1038/s41587-019-0114-2 (PMC6610714) Methods 'Pseudocode for high-resolution expression purification'; window default from the CIBERSORTx hires docker usage text as mirrored at https://open.bioqueue.org/home/knowledge/showKnowledge/sig/cibersortx-hires (third-party mirror, not the official page)"
c_CIBERSORTx,"group-mode GEP purification, signature Mehani 2022 glioma 8, c = 8 cell types",Eq. 2 NNLS must be overdetermined (k > c); 'largest gains ... at least 4-5 fold more mixture samples than cell types',"k = mixture samples in ONE group-mode run. To contrast primary vs recurrent, the protocol runs group mode on each class separately, so k applies per group.",,,,,,,,,mixture samples per run (per group if run per class),9,32-40,"Newman et al. 2019 Nat Biotechnol 37:773 doi:10.1038/s41587-019-0114-2 (PMC6610714); Steen et al. 2020 Methods Mol Biol 2117:135 doi:10.1007/978-1-0716-0301-7_7 (PMC7695353), Note 12 and 3.2.1"
c_CIBERSORTx,"high-resolution (sample-level) purification, signature Mehani 2022 glioma 8, c = 8",sliding window w bounded c < w <= k/2; authors set w to 4-5 fold c; docker hires default window = 4 x cell types,"n_estimate = smallest k allowed (w = c+1 -> k >= 2(c+1)); n_conservative = k at the authors' w = 4c-5c (k >= 8c-10c). Across both groups if run once on the whole set, per group if run per class.",,,,,,,,,mixture samples per run,18,64-80,"Newman et al. 2019 Nat Biotechnol 37:773 doi:10.1038/s41587-019-0114-2 (PMC6610714) Methods 'Pseudocode for high-resolution expression purification'; window default from the CIBERSORTx hires docker usage text as mirrored at https://open.bioqueue.org/home/knowledge/showKnowledge/sig/cibersortx-hires (third-party mirror, not the official page)"
c_CIBERSORTx,"group-mode GEP purification, signature Varn 2022 GLASS 12-class, c = 12 cell types",Eq. 2 NNLS must be overdetermined (k > c); 'largest gains ... at least 4-5 fold more mixture samples than cell types',"k = mixture samples in ONE group-mode run. To contrast primary vs recurrent, the protocol runs group mode on each class separately, so k applies per group.",,,,,,,,,mixture samples per run (per group if run per class),13,48-60,"Newman et al. 2019 Nat Biotechnol 37:773 doi:10.1038/s41587-019-0114-2 (PMC6610714); Steen et al. 2020 Methods Mol Biol 2117:135 doi:10.1007/978-1-0716-0301-7_7 (PMC7695353), Note 12 and 3.2.1"
c_CIBERSORTx,"high-resolution (sample-level) purification, signature Varn 2022 GLASS 12-class, c = 12",sliding window w bounded c < w <= k/2; authors set w to 4-5 fold c; docker hires default window = 4 x cell types,"n_estimate = smallest k allowed (w = c+1 -> k >= 2(c+1)); n_conservative = k at the authors' w = 4c-5c (k >= 8c-10c). Across both groups if run once on the whole set, per group if run per class.",,,,,,,,,mixture samples per run,26,96-120,"Newman et al. 2019 Nat Biotechnol 37:773 doi:10.1038/s41587-019-0114-2 (PMC6610714) Methods 'Pseudocode for high-resolution expression purification'; window default from the CIBERSORTx hires docker usage text as mirrored at https://open.bioqueue.org/home/knowledge/showKnowledge/sig/cibersortx-hires (third-party mirror, not the official page)"
c_CIBERSORTx,"group-mode GEP purification, signature LM22, c = 22 cell types",Eq. 2 NNLS must be overdetermined (k > c); 'largest gains ... at least 4-5 fold more mixture samples than cell types',"k = mixture samples in ONE group-mode run. To contrast primary vs recurrent, the protocol runs group mode on each class separately, so k applies per group.",,,,,,,,,mixture samples per run (per group if run per class),23,88-110,"Newman et al. 2019 Nat Biotechnol 37:773 doi:10.1038/s41587-019-0114-2 (PMC6610714); Steen et al. 2020 Methods Mol Biol 2117:135 doi:10.1007/978-1-0716-0301-7_7 (PMC7695353), Note 12 and 3.2.1"
c_CIBERSORTx,"high-resolution (sample-level) purification, signature LM22, c = 22",sliding window w bounded c < w <= k/2; authors set w to 4-5 fold c; docker hires default window = 4 x cell types,"n_estimate = smallest k allowed (w = c+1 -> k >= 2(c+1)); n_conservative = k at the authors' w = 4c-5c (k >= 8c-10c). Across both groups if run once on the whole set, per group if run per class.",,,,,,,,,mixture samples per run,46,176-220,"Newman et al. 2019 Nat Biotechnol 37:773 doi:10.1038/s41587-019-0114-2 (PMC6610714) Methods 'Pseudocode for high-resolution expression purification'; window default from the CIBERSORTx hires docker usage text as mirrored at https://open.bioqueue.org/home/knowledge/showKnowledge/sig/cibersortx-hires (third-party mirror, not the official page)"
c_CIBERSORTx,B-mode or S-mode batch correction (fractions or GEP),ComBat-type correction of mixtures (B-mode) or of the signature (S-mode),B-mode: bulk-sorted or plate-based non-UMI (Smart-seq2) signatures; S-mode: droplet/UMI (10x) signatures; S-mode needs the single-cell reference matrix used to build the signature,,,,,,,,,mixture samples,3,10,"Newman et al. 2019 Nat Biotechnol 37:773 doi:10.1038/s41587-019-0114-2 (PMC6610714) Methods 'B-mode'; Steen et al. 2020 Methods Mol Biol 2117:135 doi:10.1007/978-1-0716-0301-7_7 (PMC7695353), Note 12 and 3.2.1 3.2.1 and Table 2"
c_CIBERSORTx,general sample-size caveat,Discussion,"'Although further developments are needed to better accommodate smaller sample sizes (e.g., <15) ...'",,,,,,,,,mixture samples,15,,Newman et al. 2019 Nat Biotechnol 37:773 doi:10.1038/s41587-019-0114-2 (PMC6610714)
