drug,match,chembl_id,pref_name,max_phase,first_approval,molecule_type,n_parents,candidates,old_chembl_id,old_pref_name,old_max_phase,old_phase_today,old_parent,id_changed,phase_changed,override_reason,smiles
0297417-0002B,unresolved,,,,,,0,,NA,,NA,,,False,False,,
"1,6,7,8,9,11a,12,13,14,14a-Decahydro-1,13-dihydroxy-6-methyl-4H-cyclopent [f]oxacyclotridecin-4-one",override,CHEMBL19980,BREFELDIN A,,,Small molecule,0,,CHEMBL2402356,,NA,,CHEMBL2402356,True,False,"This is the CAS index name of brefeldin A (C16H24O4), given without stereodescriptors. PubChem resolves it to Brefeldin A (CID 5287620) and to CID 5351204, which carries this name as its title plus the synonym 'BFA' and brefeldin NSC numbers. DSigDB has no separate 'Brefeldin A' entry, so this CTD set is brefeldin A. ChEMBL CHEMBL19980 BREFELDIN A matches InChIKey KQNZDYYTLMIZCT-KQPMLPITSA-N and is its own parent. The old first hit, CHEMBL2402356 (C17H24O5, an acetyl analogue), was wrong. CHEMBL1734306 is the epimer from PubChem's title record. Both have a null phase, so the choice does not ch [https://www.ebi.ac.uk/chembl/api/data/molecule/CHEMBL19980.json]",C[C@H]1CCC/C=C/[C@@H]2C[C@H](O)C[C@H]2[C@H](O)/C=C/C(=O)O1
1-METHYLPHENANTHRENE,override,CHEMBL3561957,,,,Small molecule,0,,CHEMBL403878,,NA,,CHEMBL403878,True,False,"This is a PAH pollutant with no ChEMBL pref_name. PubChem CID 13257 has InChIKey DOWJXOHBNXRUOD-UHFFFAOYSA-N, and it matches exactly one ChEMBL record: CHEMBL3561957 (SMILES Cc1cccc2c1ccc1ccccc12, methyl at C1). It is its own parent and has a null phase. The old first hit, CHEMBL403878 (C18H18O3, a trimethoxy-methylphenanthrene), was wrong. The search hit CHEMBL1797288 is 2-methylphenanthrene, not this compound. [https://www.ebi.ac.uk/chembl/api/data/molecule.json?molecule_structures__standard_inchi_key=DOWJXOHBNXRUOD-UHFFFAOYSA-N]",Cc1cccc2c1ccc1ccccc12
1-Naphthyl isothiocyanate,override,CHEMBL1381098,1-NAPHTHYLISOTHIOCYANATE,,,Small molecule,0,,CHEMBL1381098,1-NAPHTHYLISOTHIOCYANATE,NA,,CHEMBL1381098,False,False,"The exact rule missed this only because of a space ('Naphthyl isothiocyanate' vs 'NAPHTHYLISOTHIOCYANATE'). PubChem CID 11080 has InChIKey JBDOSUUXMYMWQH-UHFFFAOYSA-N, which matches only CHEMBL1381098. It is its own parent and has a null phase. The old first hit was correct. [https://www.ebi.ac.uk/chembl/api/data/molecule/CHEMBL1381098.json]",S=C=Nc1cccc2ccccc12
"2,2',3,4,4',5,5'-HEPTACHLOROBIPHENYL",override,CHEMBL375479,,,,Small molecule,0,,NA,,NA,,,True,False,"This is PCB 180 (PubChem CID 37036, InChIKey WBHQEUPUMONIKF-UHFFFAOYSA-N). The InChIKey and a SMILES flexmatch both return only CHEMBL375479. Its SMILES has chlorines at 2,3,4,5 on one ring and 2',4',5' on the other. It has no pref_name, is its own parent and has a null phase. [https://www.ebi.ac.uk/chembl/api/data/molecule.json?molecule_structures__standard_inchi_key=WBHQEUPUMONIKF-UHFFFAOYSA-N]",Clc1cc(Cl)c(-c2cc(Cl)c(Cl)c(Cl)c2Cl)cc1Cl
"2E,4E,6E,8E",override,CHEMBL104049,,,,Small molecule,0,,NA,,NA,,,True,False,"'2E,4E,6E,8E' is a parsing fragment. The only DSigDB term containing it is '(2E,4E,6E,8E)-3,7-DIMETHYL-9-(2,6,6-TRIMETHYL-3-OXO-1-CYCLOHEXENYL)NONA-2,4,6,8-TETRAENOIC ACID CTD 00000070'. PubChem resolves that full name to 4-oxoretinoic acid (CID 6437063, InChIKey GGCUJPCCTQNTJF-FRCNGJHJSA-N), which matches only ChEMBL CHEMBL104049. It is its own parent and has a null phase. This is medium, not high, confidence because it depends on decoding the fragment through the DSigDB source row. The fragment alone names no substance. Ranking pipelines should check that this row's gene set is that CTD term [https://www.ebi.ac.uk/chembl/api/data/molecule.json?molecule_structures__standard_inchi_key=GGCUJPCCTQNTJF-FRCNGJHJSA-N]",CC1=C(/C=C/C(C)=C/C=C/C(C)=C/C(=O)O)C(C)(C)CCC1=O
"3-amino-1,2,4-triazole",override,CHEMBL232801,AMITROLE,,,Small molecule,0,,CHEMBL15571,"1,2,4-TRIAZOLE",NA,,CHEMBL15571,True,False,"3-Amino-1,2,4-triazole is amitrole (PubChem CID 1639, InChIKey KLSJWNVTNUYHDU-UHFFFAOYSA-N). That key matches only CHEMBL232801 AMITROLE (SMILES Nc1nc[nH]n1). It is its own parent and has a null phase. The old first hit, CHEMBL15571 (1,2,4-triazole, which lacks the amino group), was wrong. [https://www.ebi.ac.uk/chembl/api/data/molecule/CHEMBL232801.json]",Nc1nc[nH]n1
3-METHOXYCATECHOL,pref_name,CHEMBL1518159,3-METHOXYCATECHOL,,,Small molecule,1,CHEMBL1518159|3-METHOXYCATECHOL|None,CHEMBL1518159,3-METHOXYCATECHOL,NA,,CHEMBL1518159,False,False,,COc1cccc(O)c1O
4-Oxoretinol,unresolved,,,,,,0,,CHEMBL2108676,ELOSULFASE ALFA,4,4.0,CHEMBL2108676,False,True,,
5-Aminosalicylic acid,override,CHEMBL704,MESALAMINE,4.0,1987,Small molecule,0,,CHEMBL704,MESALAMINE,4,4.0,CHEMBL704,False,False,"5-Aminosalicylic acid is mesalamine. CHEMBL704 MESALAMINE (SMILES Nc1ccc(O)c(C(=O)O)c1) is its own parent and is phase 4. Do not confuse it with CHEMBL1169 AMINOSALICYLIC ACID, which is 4-aminosalicylic acid (PAS). The old first hit was correct. The exact rule missed it because ChEMBL does not list this spelling as a synonym. [https://www.ebi.ac.uk/chembl/api/data/molecule/CHEMBL704.json]",Nc1ccc(O)c(C(=O)O)c1
5109870,override,CHEMBL3350760,,,,Small molecule,0,,NA,,NA,,,True,False,"The second reviewer is right. The bare code is not a ChEMBL name or synonym, and free-text search returns 0. But the identity does not come from a similar name. PubChem's substance index maps source ChemBridge, id 5109870, to SID 442840067 and then to CID 135409239, which is C13H13N3O2, 2-methoxy-6-[(pyridin-2-ylhydrazinylidene)methyl]phenol. Sci Rep 6:38343 (PMC5141479, a Connectivity Map iron-chelator study) names 'The ChemBridge compound 5109870 (2-hydroxy-3-methoxybenzaldehyde 2-pyridinylhydrazone)'. ChEMBL has exactly one record with this connectivity (InChIKey prefix FFZWBZJRENXDNU, tota [https://www.ebi.ac.uk/chembl/api/data/compound_record.json?molecule_chembl_id=CHEMBL3350760]",COc1cccc(/C=N/Nc2ccccn2)c1O
6-Thioguanine,override,CHEMBL727,THIOGUANINE,4.0,1966,Small molecule,0,,CHEMBL727,THIOGUANINE,4,4.0,CHEMBL727,False,False,6-Thioguanine is thioguanine. CHEMBL727 THIOGUANINE (SMILES Nc1nc2[nH]cnc2c(=S)[nH]1) is its own parent and is phase 4. The old first hit was correct. The exact rule missed it because the '6-' spelling is not a ChEMBL synonym. [https://www.ebi.ac.uk/chembl/api/data/molecule/CHEMBL727.json],Nc1nc2[nH]cnc2c(=S)[nH]1
635-65-4,override,CHEMBL501680,BILIRUBIN,1.0,,Small molecule,0,,CHEMBL5796501,,NA,,CHEMBL5796501,True,True,"635-65-4 is the CAS number of bilirubin. PubChem resolves it to Bilirubin (CID 5280352, InChIKey BPYKTIZUTYGOLE-IFADSCNNSA-N), and that key matches only CHEMBL501680 BILIRUBIN. It is its own parent and has max_phase 1.0, so it now passes the phase 1-4 filter. The old first hit, CHEMBL5796501 (an unnamed nitrile peptidomimetic), was wrong. [https://www.ebi.ac.uk/chembl/api/data/molecule.json?molecule_structures__standard_inchi_key=BPYKTIZUTYGOLE-IFADSCNNSA-N]",C=CC1=C(C)/C(=C/c2[nH]c(Cc3[nH]c(/C=C4\NC(=O)C(C)=C4C=C)c(C)c3CCC(=O)O)c(CCC(=O)O)c2C)NC1=O
7-aminocephalosporanic acid,override,CHEMBL1615585,,,,Small molecule,0,,CHEMBL1615585,,NA,,CHEMBL1615585,False,False,"The rule left this unresolved, but ChEMBL does have the exact substance. CHEMBL1615585 has an unnamed pref_name, and its standard InChIKey HSHGZXNAXBPPDL-HZGVNTEJSA-N matches PubChem CID 441328, (6R,7R)-7-ACA. Its compound records are named '7-aminocephalosporanic acid' and '7-ACA', and it is its own parent. The other stereo records (CHEMBL1474278, and CHEMBL1161449 with no stereo) are not the natural isomer. Phase is null, so it drops out of the 1-4 filter either way. [https://www.ebi.ac.uk/chembl/api/data/molecule/CHEMBL1615585.json]",CC(=O)OCC1=C(C(=O)O)N2C(=O)[C@@H](N)[C@H]2SC1
7-DIETHYLAMINO-4-METHYLCOUMARIN,override,CHEMBL315348,,,,Small molecule,0,,CHEMBL3416552,,NA,,CHEMBL3416552,True,False,"The old first hit, CHEMBL3416552, is CPM (the N-[4-(7-diethylamino-4-methylcoumarin-3-yl)phenyl]maleimide derivative), a different compound. CHEMBL315348 has the exact InChIKey AFYCEAFSNDLKSX-UHFFFAOYSA-N (PubChem CID 7050, Coumarin 1), and its compound records name it 7-diethylamino-4-methylcoumarin. It is its own parent and has no phase. [https://www.ebi.ac.uk/chembl/api/data/molecule/CHEMBL315348.json]",CCN(CC)c1ccc2c(C)cc(=O)oc2c1
Ademetionine,pref_name,CHEMBL1088977,ADEMETIONINE,3.0,,Small molecule,1,CHEMBL1088977|ADEMETIONINE|3.0,CHEMBL1088977,ADEMETIONINE,3,3.0,CHEMBL1088977,False,False,,C[S+](CC[C@H](N)C(=O)[O-])C[C@H]1O[C@@H](n2cnc3c(N)ncnc32)[C@H](O)[C@@H]1O
Alitretinoin,pref_name,CHEMBL705,ALITRETINOIN,4.0,1999,Small molecule,1,CHEMBL705|ALITRETINOIN|4.0,CHEMBL705,ALITRETINOIN,4,4.0,CHEMBL705,False,False,,CC1=C(/C=C/C(C)=C\C=C\C(C)=C\C(=O)O)C(C)(C)CCC1
alsterpaullone,pref_name,CHEMBL50894,ALSTERPAULLONE,,,Small molecule,1,CHEMBL50894|ALSTERPAULLONE|None,CHEMBL50894,ALSTERPAULLONE,NA,,CHEMBL50894,False,False,,O=C1Cc2c([nH]c3ccc([N+](=O)[O-])cc23)-c2ccccc2N1
amiodarone,pref_name,CHEMBL633,AMIODARONE,4.0,1985,Small molecule,1,CHEMBL633|AMIODARONE|4.0,CHEMBL1083993,AMIODARONE HYDROCHLORIDE,4,4.0,CHEMBL633,False,False,,CCCCc1oc2ccccc2c1C(=O)c1cc(I)c(OCCN(CC)CC)c(I)c1
amphotericin b,pref_name,CHEMBL267345,AMPHOTERICIN B,4.0,1964,Small molecule,1,CHEMBL267345|AMPHOTERICIN B|4.0,CHEMBL267345,AMPHOTERICIN B,4,4.0,CHEMBL267345,False,False,,C[C@@H]1[C@H](O)[C@@H](C)/C=C/C=C/C=C/C=C/C=C/C=C/C=C/[C@H](O[C@@H]2O[C@H](C)[C@@H](O)[C@H](N)[C@@H]2O)C[C@@H]2O[C@](O)(C[C@@H](O)C[C@@H](O)[C@H](O)CC[C@@H](O)C[C@@H](O)CC(=O)O[C@H]1C)C[C@H](O)[C@H]2C(=O)O
amprolium,pref_name,CHEMBL1179735,AMPROLIUM ION,2.0,,Small molecule,1,CHEMBL1179735|AMPROLIUM ION|2.0,CHEMBL1179735,AMPROLIUM ION,2,2.0,CHEMBL1179735,False,False,,CCCc1ncc(C[n+]2ccccc2C)c(N)n1
ANTHRACENE,pref_name,CHEMBL333179,ANTHRACENE,,,Small molecule,1,CHEMBL333179|ANTHRACENE|None,CHEMBL333179,ANTHRACENE,NA,,CHEMBL333179,False,False,,c1ccc2cc3ccccc3cc2c1
astemizole,pref_name,CHEMBL296419,ASTEMIZOLE,4.0,1988,Small molecule,1,CHEMBL296419|ASTEMIZOLE|4.0,CHEMBL296419,ASTEMIZOLE,4,4.0,CHEMBL296419,False,False,,COc1ccc(CCN2CCC(Nc3nc4ccccc4n3Cc3ccc(F)cc3)CC2)cc1
atovaquone,pref_name,CHEMBL1450,ATOVAQUONE,4.0,1992,Small molecule,1,CHEMBL1450|ATOVAQUONE|4.0,CHEMBL1450,ATOVAQUONE,4,4.0,CHEMBL1450,False,False,,O=C1C(O)=C([C@H]2CC[C@H](c3ccc(Cl)cc3)CC2)C(=O)c2ccccc21
Axitinib,pref_name,CHEMBL1289926,AXITINIB,4.0,2012,Small molecule,1,CHEMBL1289926|AXITINIB|4.0,CHEMBL1289926,AXITINIB,4,4.0,CHEMBL1289926,False,False,,CNC(=O)c1ccccc1Sc1ccc2c(/C=C/c3ccccn3)n[nH]c2c1
benserazide,pref_name,CHEMBL1096979,BENSERAZIDE,3.0,,Small molecule,1,CHEMBL1096979|BENSERAZIDE|3.0,CHEMBL1096979,BENSERAZIDE,3,3.0,CHEMBL1096979,False,False,,NC(CO)C(=O)NNCc1ccc(O)c(O)c1O
benzethonium chloride,pref_name,CHEMBL1182210,BENZETHONIUM,2.0,,Small molecule,1,CHEMBL1182210|BENZETHONIUM|2.0,CHEMBL221753,BENZETHONIUM CHLORIDE,2,2.0,CHEMBL1182210,False,False,,CC(C)(C)CC(C)(C)c1ccc(OCCOCC[N+](C)(C)Cc2ccccc2)cc1
Benzyl butyl phthalate,override,CHEMBL1450327,,,,Small molecule,0,,CHEMBL4071043,,NA,,CHEMBL4071043,True,False,"The old first hit, CHEMBL4071043, is butyl isobutyl phthalate, which is the wrong compound. CHEMBL1450327 (unnamed, its own parent, phase null) has the exact InChIKey IRIAEXORFWYRCZ-UHFFFAOYSA-N of benzyl butyl phthalate (PubChem CID 2347). [https://www.ebi.ac.uk/chembl/api/data/molecule/CHEMBL1450327.json]",CCCCOC(=O)c1ccccc1C(=O)OCc1ccccc1
betulinic acid,pref_name,CHEMBL269277,BETULINIC ACID,1.0,,Small molecule,1,CHEMBL269277|BETULINIC ACID|1.0,CHEMBL269277,BETULINIC ACID,1,1.0,CHEMBL269277,False,False,,C=C(C)[C@@H]1CC[C@]2(C(=O)O)CC[C@]3(C)[C@H](CC[C@@H]4[C@@]5(C)CC[C@H](O)C(C)(C)[C@@H]5CC[C@]43C)[C@@H]12
bisindolylmaleimide IX,pref_name,CHEMBL6291,BISINDOLYLMALEIMIDE IX,,,Small molecule,1,CHEMBL6291|BISINDOLYLMALEIMIDE IX|None,CHEMBL1591531,,NA,,CHEMBL6291,False,False,,Cn1cc(C2=C(c3cn(CCCSC(=N)N)c4ccccc34)C(=O)NC2=O)c2ccccc21
Bortezomib,pref_name,CHEMBL325041,BORTEZOMIB,4.0,,Small molecule,1,CHEMBL325041|BORTEZOMIB|4.0,CHEMBL325041,BORTEZOMIB,3,4.0,CHEMBL325041,False,True,,CC(C)C[C@H](NC(=O)[C@H](Cc1ccccc1)NC(=O)c1cnccn1)B(O)O
bromocriptine,pref_name,CHEMBL493,BROMOCRIPTINE,4.0,1978,Small molecule,1,CHEMBL493|BROMOCRIPTINE|4.0,CHEMBL1255752,,NA,,CHEMBL493,False,True,,CC(C)C[C@H]1C(=O)N2CCC[C@H]2[C@]2(O)O[C@](NC(=O)[C@@H]3C=C4c5cccc6[nH]c(Br)c(c56)C[C@H]4N(C)C3)(C(C)C)C(=O)N12
caffeic acid,pref_name,CHEMBL145,CAFFEIC ACID,3.0,,Small molecule,1,CHEMBL145|CAFFEIC ACID|3.0,CHEMBL145,CAFFEIC ACID,3,3.0,CHEMBL145,False,False,,O=C(O)/C=C/c1ccc(O)c(O)c1
Calcium,pref_name,CHEMBL1200496,CALCIUM,4.0,1982,Small molecule,1,CHEMBL1200496|CALCIUM|4.0,CHEMBL1744447,ROSUVASTATIN CALCIUM,4,4.0,CHEMBL1496,True,False,,[Ca]
camptothecin,pref_name,CHEMBL65,CAMPTOTHECIN,-1.0,,Small molecule,1,CHEMBL65|CAMPTOTHECIN|-1.0,CHEMBL65,CAMPTOTHECIN,-1,-1.0,CHEMBL65,False,False,,CC[C@@]1(O)C(=O)OCc2c1cc1n(c2=O)Cc2cc3ccccc3nc2-1
Carfilzomib,pref_name,CHEMBL451887,CARFILZOMIB,4.0,2009,Protein,1,CHEMBL451887|CARFILZOMIB|4.0,CHEMBL451887,CARFILZOMIB,4,4.0,CHEMBL451887,False,False,,CC(C)C[C@H](NC(=O)[C@H](CCc1ccccc1)NC(=O)CN1CCOCC1)C(=O)N[C@@H](Cc1ccccc1)C(=O)N[C@@H](CC(C)C)C(=O)[C@@]1(C)CO1
cefotiam,pref_name,CHEMBL1296,CEFOTIAM,4.0,1988,Small molecule,1,CHEMBL1296|CEFOTIAM|4.0,CHEMBL4303232,CEFOTIAM HYDROCHLORIDE,4,4.0,CHEMBL1296,False,False,,CN(C)CCn1nnnc1SCC1=C(C(=O)O)N2C(=O)[C@@H](NC(=O)Cc3csc(N)n3)[C@H]2SC1
chloramphenicol,pref_name,CHEMBL130,CHLORAMPHENICOL,4.0,1950,Small molecule,1,CHEMBL130|CHLORAMPHENICOL|4.0,CHEMBL1200729,CHLORAMPHENICOL SODIUM SUCCINATE,4,4.0,CHEMBL1201281,True,False,,O=C(N[C@H](CO)[C@H](O)c1ccc([N+](=O)[O-])cc1)C(Cl)Cl
Chloranil,pref_name,CHEMBL192627,CHLORANIL,,,Small molecule,1,CHEMBL192627|CHLORANIL|None,CHEMBL192627,CHLORANIL,NA,,CHEMBL192627,False,False,,O=C1C(Cl)=C(Cl)C(=O)C(Cl)=C1Cl
Chlorhexidine diacetate,pref_name,CHEMBL790,CHLORHEXIDINE,4.0,1976,Small molecule,1,CHEMBL790|CHLORHEXIDINE|4.0,CHEMBL486819,CHLORHEXIDINE DIACETATE,3,3.0,CHEMBL790,False,True,,N=C(NCCCCCCNC(=N)NC(=N)Nc1ccc(Cl)cc1)NC(=N)Nc1ccc(Cl)cc1
CHLOROGENIC ACID,pref_name,CHEMBL284616,CHLOROGENIC ACID,2.0,,Small molecule,1,CHEMBL284616|CHLOROGENIC ACID|2.0,CHEMBL284616,CHLOROGENIC ACID,2,2.0,CHEMBL284616,False,False,,O=C(/C=C/c1ccc(O)c(O)c1)O[C@@H]1C[C@](O)(C(=O)O)C[C@@H](O)[C@H]1O
Chlorophenothane,pref_name,CHEMBL416898,CHLOROPHENOTHANE,2.0,,Small molecule,1,CHEMBL416898|CHLOROPHENOTHANE|2.0,CHEMBL416898,CHLOROPHENOTHANE,2,2.0,CHEMBL416898,False,False,,Clc1ccc(C(c2ccc(Cl)cc2)C(Cl)(Cl)Cl)cc1
chlorpyrifos,pref_name,CHEMBL463210,CHLORPYRIFOS,-1.0,,Small molecule,1,CHEMBL463210|CHLORPYRIFOS|-1.0,CHEMBL463210,CHLORPYRIFOS,-1,-1.0,CHEMBL463210,False,False,,CCOP(=S)(OCC)Oc1nc(Cl)c(Cl)cc1Cl
ciclopirox,pref_name,CHEMBL1413,CICLOPIROX,4.0,1982,Small molecule,1,CHEMBL1413|CICLOPIROX|4.0,CHEMBL1413,CICLOPIROX,4,4.0,CHEMBL1413,False,False,,Cc1cc(C2CCCCC2)n(O)c(=O)c1
Cobalt,unresolved,,,,,,0,,CHEMBL1909055,COBALTOUS CHLORIDE,4,4.0,CHEMBL1909055,False,True,,
CP-690334-01,unresolved,,,,,,0,,CHEMBL4303229,,NA,,CHEMBL4303229,False,False,,
creatine,pref_name,CHEMBL283800,CREATINE,3.0,,Small molecule,1,CHEMBL283800|CREATINE|3.0,CHEMBL283800,CREATINE,3,3.0,CHEMBL283800,False,False,,CN(CC(=O)O)C(=N)N
CUMENE HYDROPEROXIDE,pref_name,CHEMBL1518369,CUMENE HYDROPEROXIDE,,,Small molecule,1,CHEMBL1518369|CUMENE HYDROPEROXIDE|None,CHEMBL1518369,CUMENE HYDROPEROXIDE,NA,,CHEMBL1518369,False,False,,CC(C)(OO)c1ccccc1
curcumin II,override,CHEMBL179512,DEMETHOXYCURCUMIN,,,Small molecule,0,,CHEMBL1087807,,NA,,CHEMBL1087807,True,False,"Curcumin II is demethoxycurcumin: PubChem resolves 'curcumin II' to CID 5469424. CHEMBL179512 (pref_name DEMETHOXYCURCUMIN, its own parent, phase null) has compound records literally named 'curcumin II' (CHEMBL1158668, CHEMBL1177744, CHEMBL2146378). CHEMBL105360 is an unnamed keto-tautomer duplicate with the PubChem InChIKey. The old pick, CHEMBL1087807, is a di-O-prenyl curcumin analogue and is wrong. [https://www.ebi.ac.uk/chembl/api/data/molecule/CHEMBL179512.json]",COc1cc(/C=C/C(O)=C/C(=O)/C=C/c2ccc(O)cc2)ccc1O
Cyperquat chloride,override,CHEMBL311617,,,,Small molecule,0,,CHEMBL69710,CHLOROLITHIUM,NA,,CHEMBL69710,True,False,"Cyperquat chloride is 1-methyl-4-phenylpyridinium chloride (MPP+ chloride, PubChem CID 94497). ChEMBL's chloride salt, CHEMBL577901, has the exact InChIKey LMGBDZJLZIPJPZ-UHFFFAOYSA-M and molecule_hierarchy parent CHEMBL311617. That parent is the unnamed MPP+ cation, whose compound records are named 1-methyl-4-phenylpyridinium / MPP+. The old pick, CHLOROLITHIUM, is wrong. Phase is null. [https://www.ebi.ac.uk/chembl/api/data/molecule/CHEMBL577901.json]",C[n+]1ccc(-c2ccccc2)cc1
cytarabine,pref_name,CHEMBL803,CYTARABINE,4.0,1969,Small molecule,1,CHEMBL803|CYTARABINE|4.0,CHEMBL2447907,,NA,,CHEMBL2447907,True,True,,Nc1ccn([C@@H]2O[C@H](CO)[C@@H](O)[C@@H]2O)c(=O)n1
D-Penicillamine,override,CHEMBL1430,PENICILLAMINE,4.0,1970,Small molecule,0,,CHEMBL1430,PENICILLAMINE,4,4.0,CHEMBL1430,False,False,"The rule found nothing, because 'D-Penicillamine' is not an exact pref_name or synonym. The drug penicillamine is the D-enantiomer, and CHEMBL1430 lists 'D penicillamine' and 'D-3-mercaptovaline' among its synonyms. It is its own parent at phase 4. The old pick happened to be correct. [https://www.ebi.ac.uk/chembl/api/data/molecule/CHEMBL1430.json]",CC(C)(S)[C@@H](N)C(=O)O
dacarbazine,pref_name,CHEMBL476,DACARBAZINE,4.0,1975,Small molecule,1,CHEMBL476|DACARBAZINE|4.0,CHEMBL476,DACARBAZINE,4,4.0,CHEMBL476,False,False,,CN(C)/N=N/c1[nH]cnc1C(N)=O
Decabromodiphenyl oxide,override,CHEMBL229975,,,,Small molecule,0,,CHEMBL477683,PHENYLARSINE OXIDE,NA,,CHEMBL477683,True,False,"Decabromodiphenyl oxide is decaBDE (BDE-209, PubChem CID 14410, C12Br10O, InChIKey WHHGLZMJPXIBIX-UHFFFAOYSA-N). ChEMBL has this exact structure as an unnamed record, CHEMBL229975, which is its own parent and has no phase. The name lookup failed only because the record carries no name. The old pick, phenylarsine oxide, was a wrong free-text hit. The null phase excludes it from the phase 1-4 ranking. [https://www.ebi.ac.uk/chembl/api/data/molecule/CHEMBL229975.json]",Brc1c(Br)c(Br)c(Oc2c(Br)c(Br)c(Br)c(Br)c2Br)c(Br)c1Br
deferoxamine,pref_name,CHEMBL556,DEFEROXAMINE,4.0,1968,Small molecule,1,CHEMBL556|DEFEROXAMINE|4.0,CHEMBL4635234,,NA,,CHEMBL4635234,True,True,,CC(=O)N(O)CCCCCNC(=O)CCC(=O)N(O)CCCCCNC(=O)CCC(=O)N(O)CCCCCN
dexverapamil,pref_name,CHEMBL197,DEXVERAPAMIL,2.0,,Small molecule,1,CHEMBL197|DEXVERAPAMIL|2.0,CHEMBL197,DEXVERAPAMIL,2,2.0,CHEMBL197,False,False,,COc1ccc(CCN(C)CCC[C@](C#N)(c2ccc(OC)c(OC)c2)C(C)C)cc1OC
diazepam,pref_name,CHEMBL12,DIAZEPAM,4.0,1963,Small molecule,1,CHEMBL12|DIAZEPAM|4.0,CHEMBL12,DIAZEPAM,4,4.0,CHEMBL12,False,False,,CN1C(=O)CN=C(c2ccccc2)c2cc(Cl)ccc21
dimethyloxalylglycine,override,CHEMBL92309,,,,Small molecule,0,,CHEMBL92309,,NA,,CHEMBL92309,False,False,"DMOG (PubChem CID 560326, C6H9NO5, InChIKey BNJOZDZCRHCODO-UHFFFAOYSA-N) matches CHEMBL92309 exactly: an unnamed record, its own parent, with no phase. The rule missed it because the record has no name. The old first hit was correct. The null phase excludes it from the phase 1-4 ranking. [https://www.ebi.ac.uk/chembl/api/data/molecule/CHEMBL92309.json]",COC(=O)CNC(=O)C(=O)OC
docetaxel,pref_name,CHEMBL92,DOCETAXEL ANHYDROUS,4.0,1995,Small molecule,1,CHEMBL92|DOCETAXEL ANHYDROUS|4.0,CHEMBL92,DOCETAXEL ANHYDROUS,4,4.0,CHEMBL92,False,False,,CC(=O)O[C@@]12CO[C@@H]1C[C@H](O)[C@@]1(C)C(=O)[C@H](O)C3=C(C)[C@@H](OC(=O)[C@H](O)[C@@H](NC(=O)OC(C)(C)C)c4ccccc4)C[C@@](O)([C@@H](OC(=O)c4ccccc4)[C@H]21)C3(C)C
doxorubicin,pref_name,CHEMBL53463,DOXORUBICIN,4.0,1974,Small molecule,1,CHEMBL53463|DOXORUBICIN|4.0,CHEMBL53463,DOXORUBICIN,4,4.0,CHEMBL53463,False,False,,COc1cccc2c1C(=O)c1c(O)c3c(c(O)c1C2=O)C[C@@](O)(C(=O)CO)C[C@@H]3O[C@H]1C[C@H](N)[C@H](O)[C@H](C)O1
econazole,pref_name,CHEMBL808,ECONAZOLE,4.0,1982,Small molecule,1,CHEMBL808|ECONAZOLE|4.0,CHEMBL808,ECONAZOLE,4,4.0,CHEMBL808,False,False,,Clc1ccc(COC(Cn2ccnc2)c2ccc(Cl)cc2Cl)cc1
Electrocorundum,override,CHEMBL4594252,ALUMINIUM OXIDE,-1.0,,Small molecule,0,,NA,,NA,,,True,True,"Electrocorundum is fused alumina, Al2O3. PubChem resolves the name to CID 14769, Corundum (InChIKey TWNQGVIAIRXVLR-UHFFFAOYSA-N). ChEMBL has that exact substance as ALUMINIUM OXIDE (synonym 'Alumina'), CHEMBL4594252, which is its own parent and matched by InChIKey. Its max_phase is -1 (unknown), so it still drops out of the phase 1-4 filter. This is medium confidence because the name refers to a manufactured grade of the same oxide. [https://www.ebi.ac.uk/chembl/api/data/molecule/CHEMBL4594252.json]",O=[Al]O[Al]=O
endosulfan,pref_name,CHEMBL194399,ENDOSULFAN,,,Small molecule,1,CHEMBL194399|ENDOSULFAN|None,CHEMBL194399,ENDOSULFAN,NA,,CHEMBL194399,False,False,,O=S1OCC2C(CO1)C1(Cl)C(Cl)=C(Cl)C2(Cl)C1(Cl)Cl
Escitalopram oxalate,pref_name,CHEMBL1508,ESCITALOPRAM,4.0,2002,Small molecule,1,CHEMBL1508|ESCITALOPRAM|4.0,CHEMBL1200322,ESCITALOPRAM OXALATE,4,4.0,CHEMBL1508,False,False,,CN(C)CCC[C@@]1(c2ccc(F)cc2)OCc2cc(C#N)ccc21
estropipate,pref_name,CHEMBL494753,ESTRONE SULFURIC ACID,4.0,1977,Small molecule,1,CHEMBL494753|ESTRONE SULFURIC ACID|4.0,CHEMBL1200980,ESTROPIPATE,4,4.0,CHEMBL494753,False,False,,C[C@]12CC[C@@H]3c4ccc(OS(=O)(=O)O)cc4CC[C@H]3[C@@H]1CCC2=O
ethanol,synonym,CHEMBL545,ALCOHOL,4.0,1982,Small molecule,1,CHEMBL545|ALCOHOL|4.0,CHEMBL545,ALCOHOL,4,4.0,CHEMBL545,False,False,,CCO
ethaverine,pref_name,CHEMBL1555736,ETHAVERINE,2.0,,Small molecule,1,CHEMBL1555736|ETHAVERINE|2.0,CHEMBL1555736,ETHAVERINE,2,2.0,CHEMBL1555736,False,False,,CCOc1ccc(Cc2nccc3cc(OCC)c(OCC)cc23)cc1OCC
Ethylene dimethacrylate,override,CHEMBL1709582,,,,Small molecule,0,,CHEMBL457299,ETHYLENE GLYCOL,NA,,CHEMBL457299,True,False,"Ethylene dimethacrylate is ethylene glycol dimethacrylate (EGDMA, PubChem CID 7355, C10H14O4, InChIKey STVZJERGLQHEKB-UHFFFAOYSA-N). ChEMBL has it as an unnamed record, CHEMBL1709582, matched by exact structure; it is its own parent with no phase. The old pick, ETHYLENE GLYCOL, is a different compound. The null phase excludes it from the ranking. [https://www.ebi.ac.uk/chembl/api/data/molecule/CHEMBL1709582.json]",C=C(C)C(=O)OCCOC(=O)C(=C)C
Fenbuconazole,pref_name,CHEMBL1879687,FENBUCONAZOLE,,,Small molecule,1,CHEMBL1879687|FENBUCONAZOLE|None,CHEMBL1879687,FENBUCONAZOLE,NA,,CHEMBL1879687,False,False,,N#CC(CCc1ccc(Cl)cc1)(Cn1cncn1)c1ccccc1
fenvalerate,pref_name,CHEMBL492491,FENVALERATE,-1.0,,Small molecule,1,CHEMBL492491|FENVALERATE|-1.0,CHEMBL492491,FENVALERATE,-1,-1.0,CHEMBL492491,False,False,,CC(C)C(C(=O)OC(C#N)c1cccc(Oc2ccccc2)c1)c1ccc(Cl)cc1
FERRIC AMMONIUM,unresolved,,,,,,0,,CHEMBL4301175,FERRIC AMMONIUM CITRATE,4,4.0,CHEMBL4301175,False,True,,
FERROUS,override,CHEMBL6068766,FERROUS CATION,-1.0,,Small molecule,0,,CHEMBL1200640,FERROUS FUMARATE,4,4.0,CHEMBL1200640,True,True,"PubChem resolves 'FERROUS' to CID 27284, Ferrous cation (Fe+2). ChEMBL has that exact ion as FERROUS CATION, CHEMBL6068766 (synonyms 'Ferrous ion', 'Iron(ii) ion'). It has no hierarchy block, so it is its own parent, and it has no structure. Its stored formula field reads Fe2O8S2, which looks inconsistent with the ion; hence medium confidence. Its max_phase is -1, so it is excluded from the phase 1-4 ranking either way. The old pick, FERROUS FUMARATE, is a different salt and is wrong. [https://www.ebi.ac.uk/chembl/api/data/molecule/CHEMBL6068766.json]",
flecainide,pref_name,CHEMBL652,FLECAINIDE,4.0,1985,Small molecule,1,CHEMBL652|FLECAINIDE|4.0,CHEMBL1200822,FLECAINIDE ACETATE,4,4.0,CHEMBL652,False,False,,O=C(NCC1CCCCN1)c1cc(OCC(F)(F)F)ccc1OCC(F)(F)F
FLUORANTHENE,pref_name,CHEMBL355014,FLUORANTHENE,,,Small molecule,1,CHEMBL355014|FLUORANTHENE|None,CHEMBL355014,FLUORANTHENE,NA,,CHEMBL355014,False,False,,c1ccc2c(c1)-c1cccc3cccc-2c13
folic acid,pref_name,CHEMBL1622,FOLIC ACID,4.0,1982,Small molecule,1,CHEMBL1622|FOLIC ACID|4.0,CHEMBL1622,FOLIC ACID,4,4.0,CHEMBL1622,False,False,,Nc1nc(=O)c2nc(CNc3ccc(C(=O)N[C@@H](CCC(=O)O)C(=O)O)cc3)cnc2[nH]1
gabexate,pref_name,CHEMBL87563,GABEXATE,3.0,,Small molecule,1,CHEMBL87563|GABEXATE|3.0,CHEMBL87563,GABEXATE,3,3.0,CHEMBL87563,False,False,,CCOC(=O)c1ccc(OC(=O)CCCCCNC(=N)N)cc1
GADOLINIUM,pref_name,CHEMBL1232993,GADOLINIUM,2.0,,Small molecule,1,CHEMBL1232993|GADOLINIUM|2.0,CHEMBL3544910,MOTEXAFIN GADOLINIUM,3,3.0,CHEMBL3544910,True,True,,
ganciclovir,pref_name,CHEMBL182,GANCICLOVIR,4.0,1989,Small molecule,1,CHEMBL182|GANCICLOVIR|4.0,CHEMBL1200850,GANCICLOVIR SODIUM,4,4.0,CHEMBL182,False,False,,Nc1nc2c(ncn2COC(CO)CO)c(=O)[nH]1
gemfibrozil,pref_name,CHEMBL457,GEMFIBROZIL,4.0,1981,Small molecule,1,CHEMBL457|GEMFIBROZIL|4.0,CHEMBL457,GEMFIBROZIL,4,4.0,CHEMBL457,False,False,,Cc1ccc(C)c(OCCCC(C)(C)C(=O)O)c1
gentamicin,pref_name,CHEMBL6067485,GENTAMICIN,4.0,1970,Small molecule,1,CHEMBL6067485|GENTAMICIN|4.0,CHEMBL3039597,,NA,,CHEMBL3039597,True,True,,
Geranylgeranyl pyrophosphate,override,CHEMBL1229266,,,,Small molecule,0,,CHEMBL1229266,,NA,,CHEMBL1229266,False,False,"The rule left this unresolved. CHEMBL1229266 is all-trans (2E,6E,10E) GGPP; its InChIKey OINNEUNVOZHBOX-QIRCYJPOSA-N matches PubChem CID 447277 'Geranylgeranyl pyrophosphate', and PubChem lists CHEMBL1229266. The old first hit was correct. CHEMBL1160059 and CHEMBL1160061 are Z-isomers, not GGPP. No pref_name; research compound, phase null. [https://www.ebi.ac.uk/chembl/api/data/molecule.json?molecule_structures__standard_inchi_key=OINNEUNVOZHBOX-QIRCYJPOSA-N]",CC(C)=CCC/C(C)=C/CC/C(C)=C/CC/C(C)=C/COP(=O)(O)OP(=O)(O)O
Gly-His-Lys,override,CHEMBL1814493,,,,Protein,0,,CHEMBL178093,,NA,,CHEMBL178093,True,False,"GHK tripeptide (glycyl-L-histidyl-L-lysine, PubChem CID 73587). CHEMBL1814493 has the exact InChIKey MVORZMQFXBLMHM-QWRGUYRKSA-N, and PubChem lists this ChEMBL id. The old pick, CHEMBL178093, is a different nonapeptide (Gly-Gly-Thr-Val-His-Phe-Lys-Gly-Gly), so it was wrong. ChEMBL has no PREZATIDE record. Phase null. [https://www.ebi.ac.uk/chembl/api/data/molecule/CHEMBL1814493.json]",NCCCC[C@H](NC(=O)[C@H](Cc1cnc[nH]1)NC(=O)CN)C(=O)O
GNF-PF-3832,override,CHEMBL261693,,,,Small molecule,0,,CHEMBL261693,,NA,,CHEMBL261693,False,False,"The rule left this unresolved. In PubChem, GNF-PF-3832 is CID 2767330, 3-(4-methylphenyl)indeno[1,2-c]pyridazin-5-one, and that record lists CHEMBL261693 as a synonym. The InChIKey ITHVHASAWMAMQC-UHFFFAOYSA-N matches exactly, so the old first hit was correct. Research compound, phase null. [https://www.ebi.ac.uk/chembl/api/data/molecule.json?molecule_structures__standard_inchi_key=ITHVHASAWMAMQC-UHFFFAOYSA-N]",Cc1ccc(-c2cc3c(nn2)-c2ccccc2C3=O)cc1
gossypol,pref_name,CHEMBL51483,GOSSYPOL,3.0,,Small molecule,1,CHEMBL51483|GOSSYPOL|3.0,CHEMBL51483,GOSSYPOL,3,3.0,CHEMBL51483,False,False,,Cc1cc2c(C(C)C)c(O)c(O)c(C=O)c2c(O)c1-c1c(C)cc2c(C(C)C)c(O)c(O)c(C=O)c2c1O
GW-8510,override,CHEMBL1276446,,,,Small molecule,0,,CHEMBL4303385,,NA,,CHEMBL4303385,True,False,"GW8510 is the CDK2 inhibitor 4-{[(Z)-(7-oxo-thiazolo[5,4-e]indol-8-ylidene)methyl]amino}-N-(2-pyridyl)benzenesulfonamide (PubChem CID 3536, whose synonyms list CHEMBL1276446 and CHEMBL1973540). CHEMBL1276446 is the Z isomer as GW8510 is defined. CHEMBL1973540 is the same structure with the geometry unspecified. The old pick, CHEMBL4303385, is an unrelated Boc-piperidine carbamate, so it was wrong. Phase null. [https://www.ebi.ac.uk/chembl/api/data/molecule/CHEMBL1276446.json]",O=C1Nc2ccc3ncsc3c2/C1=C/Nc1ccc(S(=O)(=O)Nc2ccccn2)cc1
H-7,override,CHEMBL323556,,,,Small molecule,0,,CHEMBL3907065,,NA,,CHEMBL3907065,True,False,"H-7 is 1-(5-isoquinolinesulfonyl)-2-methylpiperazine (PubChem CID 3542, whose synonyms list CHEMBL323556). CHEMBL323556 has no stereocentre assigned and matches the InChIKey BDVFVCGFMNCYPV-UHFFFAOYSA-N. It is also the parent of the dihydrochloride CHEMBL540848. The old pick, CHEMBL3907065, is an unrelated indazole kinase inhibitor, so it was wrong. Phase null. [https://www.ebi.ac.uk/chembl/api/data/molecule/CHEMBL540848.json]",CC1CNCCN1S(=O)(=O)c1cccc2cnccc12
Healon,override,CHEMBL5314376,HYALURONIC ACID,4.0,,Unknown,0,,NA,,NA,,,True,True,"Healon is a brand of sodium hyaluronate (PubChem titles the sodium hyaluronate record 'Healon'). ChEMBL has HYALURONATE SODIUM (CHEMBL4594244, synonym 'Sodium hyaluronate'), whose parent is HYALURONIC ACID, CHEMBL5314376, phase 4. 'Healon' itself is not a ChEMBL synonym. The parent is a polymer with no structure record (smiles null), so no BBB prediction can be made from it. [https://www.ebi.ac.uk/chembl/api/data/molecule/CHEMBL4594244.json]",
heptachlor,pref_name,CHEMBL194400,HEPTACHLOR,,,Small molecule,1,CHEMBL194400|HEPTACHLOR|None,CHEMBL1903207,HEPTACHLOR EPOXIDE,NA,,CHEMBL1903207,True,False,,ClC1=C(Cl)C2(Cl)C3C(Cl)C=CC3C1(Cl)C2(Cl)Cl
hyoscyamine,pref_name,CHEMBL1331216,HYOSCYAMINE,-1.0,,Small molecule,1,CHEMBL1331216|HYOSCYAMINE|-1.0,CHEMBL1331216,HYOSCYAMINE,-1,-1.0,CHEMBL1331216,False,False,,CN1[C@@H]2CC[C@H]1C[C@@H](OC(=O)[C@H](CO)c1ccccc1)C2
HYPOCHLOROUS ACID,pref_name,CHEMBL1616046,HYPOCHLOROUS ACID,4.0,,Small molecule,1,CHEMBL1616046|HYPOCHLOROUS ACID|4.0,CHEMBL1616046,HYPOCHLOROUS ACID,4,4.0,CHEMBL1616046,False,False,,OCl
IBMX,override,CHEMBL275084,ISOBUTYLMETHYLXANTHINE,,,Small molecule,0,,CHEMBL4782887,,NA,,CHEMBL4782887,True,False,"IBMX is 3-isobutyl-1-methylxanthine (PubChem CID 3758). CHEMBL275084, pref_name ISOBUTYLMETHYLXANTHINE, has the exact InChIKey APIXJSLKIYYUKG-UHFFFAOYSA-N. The old pick, CHEMBL4782887, is a non-aromatic 4,5-dihydro analogue, so it was wrong. Research compound, phase null. [https://www.ebi.ac.uk/chembl/api/data/molecule.json?molecule_structures__standard_inchi_key=APIXJSLKIYYUKG-UHFFFAOYSA-N]",CC(C)Cn1c(=O)n(C)c(=O)c2nc[nH]c21
ifosfamide,pref_name,CHEMBL1024,IFOSFAMIDE,4.0,1988,Small molecule,1,CHEMBL1024|IFOSFAMIDE|4.0,CHEMBL1024,IFOSFAMIDE,4,4.0,CHEMBL1024,False,False,,O=P1(NCCCl)OCCCN1CCCl
ionomycin,pref_name,CHEMBL501617,IONOMYCIN,,,Small molecule,1,CHEMBL501617|IONOMYCIN|None,CHEMBL501617,IONOMYCIN,NA,,CHEMBL501617,False,False,,C[C@H](CCC(=O)O)C[C@H](C)C[C@H](C)C(=O)/C=C(\O)[C@H](C)C[C@H](C)C/C=C/[C@@H](C)[C@@H](O)[C@@H](C)[C@@H](O)C[C@@H]1CC[C@@](C)([C@H]2CC[C@@](C)([C@@H](C)O)O2)O1
IRON,unresolved,,,,,,0,,CHEMBL1200823,IRON SUCROSE,4,4.0,CHEMBL1200823,False,True,,
ketoconazole,pref_name,CHEMBL157101,KETOCONAZOLE,4.0,1981,Small molecule,1,CHEMBL157101|KETOCONAZOLE|4.0,CHEMBL295698,LEVOKETOCONAZOLE,4,4.0,CHEMBL295698,True,False,,CC(=O)N1CCN(c2ccc(OCC3COC(Cn4ccnc4)(c4ccc(Cl)cc4Cl)O3)cc2)CC1
L-citrulline,pref_name,CHEMBL444814,L-CITRULLINE,3.0,,Small molecule,1,CHEMBL444814|L-CITRULLINE|3.0,CHEMBL444814,L-CITRULLINE,3,3.0,CHEMBL444814,False,False,,NC(=O)NCCC[C@H](N)C(=O)O
leflunomide,pref_name,CHEMBL960,LEFLUNOMIDE,4.0,1998,Small molecule,1,CHEMBL960|LEFLUNOMIDE|4.0,CHEMBL960,LEFLUNOMIDE,4,4.0,CHEMBL960,False,False,,Cc1oncc1C(=O)Nc1ccc(C(F)(F)F)cc1
letrozole,pref_name,CHEMBL1444,LETROZOLE,4.0,1997,Small molecule,1,CHEMBL1444|LETROZOLE|4.0,CHEMBL1444,LETROZOLE,4,4.0,CHEMBL1444,False,False,,N#Cc1ccc(C(c2ccc(C#N)cc2)n2cncn2)cc1
LY-294002,pref_name,CHEMBL98350,LY-294002,-1.0,,Small molecule,1,CHEMBL98350|LY-294002|-1.0,CHEMBL98350,LY-294002,-1,-1.0,CHEMBL98350,False,False,,O=c1cc(N2CCOCC2)oc2c(-c3ccccc3)cccc12
lynestrenol,pref_name,CHEMBL2107431,LYNESTRENOL,4.0,,Small molecule,1,CHEMBL2107431|LYNESTRENOL|4.0,CHEMBL2107431,LYNESTRENOL,4,4.0,CHEMBL2107431,False,False,,C#C[C@]1(O)CC[C@H]2[C@@H]3CCC4=CCCC[C@@H]4[C@H]3CC[C@@]21C
Lysergide,pref_name,CHEMBL263881,LYSERGIDE,2.0,,Small molecule,1,CHEMBL263881|LYSERGIDE|2.0,CHEMBL4764888,,NA,,CHEMBL4764888,True,True,,CCN(CC)C(=O)[C@@H]1C=C2c3cccc4[nH]cc(c34)C[C@H]2N(C)C1
MAGNESIUM,pref_name,CHEMBL1201230,MAGNESIUM,3.0,,Small molecule,1,CHEMBL1201230|MAGNESIUM|3.0,CHEMBL1200572,MAGNESIUM OXIDE,4,4.0,CHEMBL1200572,True,True,,[Mg]
malathion,pref_name,CHEMBL1200468,MALATHION,4.0,1982,Small molecule,1,CHEMBL1200468|MALATHION|4.0,CHEMBL1200468,MALATHION,4,4.0,CHEMBL1200468,False,False,,CCOC(=O)CC(SP(=S)(OC)OC)C(=O)OCC
MALEIC HYDRAZIDE,pref_name,CHEMBL500580,MALEIC HYDRAZIDE,,,Small molecule,1,CHEMBL500580|MALEIC HYDRAZIDE|None,CHEMBL500580,MALEIC HYDRAZIDE,NA,,CHEMBL500580,False,False,,NNC(=O)/C=C\C(=O)NN
mefloquine,pref_name,CHEMBL416956,MEFLOQUINE,4.0,1989,Small molecule,1,CHEMBL416956|MEFLOQUINE|4.0,CHEMBL172,"(S,R)-MEFLOQUINE",NA,,CHEMBL172,True,True,,OC(c1cc(C(F)(F)F)nc2c(C(F)(F)F)cccc12)C1CCCCN1
Menadione bisulfite,override,CHEMBL1159684,MENADIONE SULFUROUS ACID,2.0,,Small molecule,0,,CHEMBL2358118,MENADIONE SODIUM BISULPHITE,NA,,CHEMBL1159684,False,True,"The name means the menadione bisulfite adduct (menadione sodium bisulfite). ChEMBL has CHEMBL2107211 MENADIONE SODIUM BISULFITE (phase 2) and CHEMBL2358118 MENADIONE SODIUM BISULPHITE, and both list CHEMBL1159684 (the adduct's sulfonic acid) as parent, which is phase 2. The adduct is a separate covalent compound, not menadione itself (CHEMBL590), so this uses ChEMBL's parent. The rule left it unresolved only because the bare name has no exact record. [https://www.ebi.ac.uk/chembl/api/data/molecule/CHEMBL2107211.json]",CC1(S(=O)(=O)O)CC(=O)c2ccccc2C1=O
mesalazine,synonym,CHEMBL704,MESALAMINE,4.0,1987,Small molecule,1,CHEMBL704|MESALAMINE|4.0,CHEMBL704,MESALAMINE,4,4.0,CHEMBL704,False,False,,Nc1ccc(O)c(C(=O)O)c1
Metformin,pref_name,CHEMBL1431,METFORMIN,4.0,1995,Small molecule,1,CHEMBL1431|METFORMIN|4.0,CHEMBL1431,METFORMIN,4,4.0,CHEMBL1431,False,False,,CN(C)C(=N)NC(=N)N
methylergometrine,synonym,CHEMBL1201356,METHYLERGONOVINE,4.0,1946,Small molecule,1,CHEMBL1201356|METHYLERGONOVINE|4.0,CHEMBL1201356,METHYLERGONOVINE,4,4.0,CHEMBL1201356,False,False,,CC[C@@H](CO)NC(=O)[C@@H]1C=C2c3cccc4[nH]cc(c34)C[C@H]2N(C)C1
metoprolol,pref_name,CHEMBL13,METOPROLOL,4.0,1978,Small molecule,1,CHEMBL13|METOPROLOL|4.0,CHEMBL2356097,METOPROLOL SUCCINATE,4,4.0,CHEMBL13,False,False,,COCCc1ccc(OCC(O)CNC(C)C)cc1
nicotinic acid,synonym,CHEMBL573,NIACIN,4.0,1982,Small molecule,1,CHEMBL573|NIACIN|4.0,CHEMBL573,NIACIN,4,4.0,CHEMBL573,False,False,,O=C(O)c1cccnc1
nilutamide,pref_name,CHEMBL1274,NILUTAMIDE,4.0,1996,Small molecule,1,CHEMBL1274|NILUTAMIDE|4.0,CHEMBL1274,NILUTAMIDE,4,4.0,CHEMBL1274,False,False,,CC1(C)NC(=O)N(c2ccc([N+](=O)[O-])c(C(F)(F)F)c2)C1=O
nitrofural,synonym,CHEMBL869,NITROFURAZONE,4.0,1945,Small molecule,1,CHEMBL869|NITROFURAZONE|4.0,CHEMBL869,NITROFURAZONE,4,4.0,CHEMBL869,False,False,,NC(=O)N/N=C/c1ccc([N+](=O)[O-])o1
olanzapine,pref_name,CHEMBL715,OLANZAPINE,4.0,1996,Small molecule,1,CHEMBL715|OLANZAPINE|4.0,CHEMBL3989694,OLANZAPINE PAMOATE,4,4.0,CHEMBL715,False,False,,Cc1cc2c(s1)Nc1ccccc1N=C2N1CCN(C)CC1
Osajin,pref_name,CHEMBL238188,OSAJIN,,,Small molecule,1,CHEMBL238188|OSAJIN|None,CHEMBL238188,OSAJIN,NA,,CHEMBL238188,False,False,,CC(C)=CCc1c2c(c3occ(-c4ccc(O)cc4)c(=O)c3c1O)C=CC(C)(C)O2
oxolinic acid,pref_name,CHEMBL416755,OXOLINIC ACID,2.0,,Small molecule,1,CHEMBL416755|OXOLINIC ACID|2.0,CHEMBL416755,OXOLINIC ACID,2,2.0,CHEMBL416755,False,False,,CCn1cc(C(=O)O)c(=O)c2cc3c(cc21)OCO3
oxygen,pref_name,CHEMBL1234886,OXYGEN,4.0,2006,Small molecule,1,CHEMBL1234886|OXYGEN|4.0,CHEMBL1234886,OXYGEN,4,4.0,CHEMBL1234886,False,False,,O=O
OZONE,pref_name,CHEMBL2447938,OZONE,3.0,,Small molecule,1,CHEMBL2447938|OZONE|3.0,CHEMBL2447938,OZONE,3,3.0,CHEMBL2447938,False,False,,O=[O+][O-]
pamidronate,synonym,CHEMBL834,PAMIDRONIC ACID,4.0,1991,Small molecule,1,CHEMBL834|PAMIDRONIC ACID|4.0,CHEMBL3989401,PAMIDRONATE DISODIUM,4,4.0,CHEMBL834,False,False,,NCCC(O)(P(=O)(O)O)P(=O)(O)O
Paricalcitol,pref_name,CHEMBL1200622,PARICALCITOL,4.0,1998,Small molecule,1,CHEMBL1200622|PARICALCITOL|4.0,CHEMBL1200622,PARICALCITOL,4,4.0,CHEMBL1200622,False,False,,C[C@H](/C=C/[C@H](C)C(C)(C)O)[C@H]1CC[C@H]2/C(=C/C=C3C[C@@H](O)C[C@H](O)C3)CCC[C@]12C
paroxetine,pref_name,CHEMBL490,PAROXETINE,4.0,1992,Small molecule,1,CHEMBL490|PAROXETINE|4.0,CHEMBL6067650,PAROXETINE HYDROCHLORIDE,4,4.0,CHEMBL490,False,False,,Fc1ccc([C@@H]2CCNC[C@H]2COc2ccc3c(c2)OCO3)cc1
pentamidine,pref_name,CHEMBL55,PENTAMIDINE,4.0,1984,Small molecule,1,CHEMBL55|PENTAMIDINE|4.0,CHEMBL4519671,,NA,,CHEMBL4519671,True,True,,N=C(N)c1ccc(OCCCCCOc2ccc(C(=N)N)cc2)cc1
pentetrazol,synonym,CHEMBL116943,PENTYLENETETRAZOL,2.0,,Small molecule,1,CHEMBL116943|PENTYLENETETRAZOL|2.0,CHEMBL116943,PENTYLENETETRAZOL,2,2.0,CHEMBL116943,False,False,,C1CCc2nnnn2CC1
PERHEXILINE,pref_name,CHEMBL75880,PERHEXILINE,4.0,1974,Small molecule,1,CHEMBL75880|PERHEXILINE|4.0,CHEMBL1334033,PERHEXILINE MALEATE,4,4.0,CHEMBL75880,False,False,,C1CCC(C(CC2CCCCN2)C2CCCCC2)CC1
PHOSPHINE,pref_name,CHEMBL2227836,PHOSPHINE,,,Small molecule,1,CHEMBL2227836|PHOSPHINE|None,CHEMBL2227836,PHOSPHINE,NA,,CHEMBL2227836,False,False,,P
pomiferin,pref_name,CHEMBL393136,POMIFERIN,,,Small molecule,1,CHEMBL393136|POMIFERIN|None,CHEMBL4436688,,NA,,CHEMBL4436688,True,False,,CC(C)=CCc1c2c(c3occ(-c4ccc(O)c(O)c4)c(=O)c3c1O)C=CC(C)(C)O2
primidone,pref_name,CHEMBL856,PRIMIDONE,4.0,1954,Small molecule,1,CHEMBL856|PRIMIDONE|4.0,CHEMBL856,PRIMIDONE,4,4.0,CHEMBL856,False,False,,CCC1(c2ccccc2)C(=O)NCNC1=O
progesterone,pref_name,CHEMBL103,PROGESTERONE,4.0,1976,Small molecule,1,CHEMBL103|PROGESTERONE|4.0,CHEMBL103,PROGESTERONE,4,4.0,CHEMBL103,False,False,,CC(=O)[C@H]1CC[C@H]2[C@@H]3CCC4=CC(=O)CC[C@]4(C)[C@H]3CC[C@]12C
propantheline bromide,pref_name,CHEMBL1180725,PROPANTHELINE,4.0,1953,Small molecule,1,CHEMBL1180725|PROPANTHELINE|4.0,CHEMBL1240,PROPANTHELINE BROMIDE,4,4.0,CHEMBL1180725,False,False,,CC(C)[N+](C)(CCOC(=O)C1c2ccccc2Oc2ccccc21)C(C)C
pyrantel,pref_name,CHEMBL1626223,PYRANTEL,4.0,,Small molecule,1,CHEMBL1626223|PYRANTEL|4.0,CHEMBL1626223,PYRANTEL,2,4.0,CHEMBL1626223,False,True,,CN1CCCN=C1/C=C/c1cccs1
pyrogallol,pref_name,CHEMBL307145,PYROGALLOL,-1.0,,Small molecule,1,CHEMBL307145|PYROGALLOL|-1.0,CHEMBL307145,PYROGALLOL,-1,-1.0,CHEMBL307145,False,False,,Oc1cccc(O)c1O
pyrvinium,pref_name,CHEMBL1201303,PYRVINIUM,4.0,1982,Small molecule,1,CHEMBL1201303|PYRVINIUM|4.0,CHEMBL4303307,,NA,,CHEMBL1201303,False,True,,Cc1cc(/C=C/c2ccc3cc(N(C)C)ccc3[n+]2C)c(C)n1-c1ccccc1
raloxifene,pref_name,CHEMBL81,RALOXIFENE,4.0,1997,Small molecule,1,CHEMBL81|RALOXIFENE|4.0,CHEMBL1116,RALOXIFENE HYDROCHLORIDE,4,4.0,CHEMBL81,False,False,,O=C(c1ccc(OCCN2CCCCC2)cc1)c1c(-c2ccc(O)cc2)sc2cc(O)ccc12
ribavirin,pref_name,CHEMBL1643,RIBAVIRIN,4.0,1985,Small molecule,1,CHEMBL1643|RIBAVIRIN|4.0,CHEMBL1643,RIBAVIRIN,4,4.0,CHEMBL1643,False,False,,NC(=O)c1ncn([C@@H]2O[C@H](CO)[C@@H](O)[C@H]2O)n1
rofecoxib,pref_name,CHEMBL122,ROFECOXIB,4.0,1999,Small molecule,1,CHEMBL122|ROFECOXIB|4.0,CHEMBL122,ROFECOXIB,4,4.0,CHEMBL122,False,False,,CS(=O)(=O)c1ccc(C2=C(c3ccccc3)C(=O)OC2)cc1
rosavin,pref_name,CHEMBL1083511,ROSAVIN,,,Small molecule,1,CHEMBL1083511|ROSAVIN|None,CHEMBL1083511,ROSAVIN,NA,,CHEMBL1083511,False,False,,O[C@@H]1[C@@H](O)[C@@H](OC/C=C/c2ccccc2)O[C@H](CO[C@@H]2OC[C@H](O)[C@H](O)[C@H]2O)[C@H]1O
"S-1,2-Dichlorovinyl-N-acetylcysteine",override,CHEMBL2075003,,,,Small molecule,0,,NA,,NA,,,True,False,"PubChem resolves the name to CID 6438163, N-acetyl-S-[(E)-1,2-dichlorovinyl]-L-cysteine (C7H9Cl2NO3S, InChIKey LPPJGTSPIBSYQO-YLNOTJRMSA-N). A ChEMBL InChIKey lookup returns exactly CHEMBL2075003 (compound record 'diCl-vinyl-NAC'). It has no pref_name, so the name rule could not find it, and its max_phase is null. It is its own parent. CHEMBL1697700 is the non-acetylated DCVC and is not this compound. [https://www.ebi.ac.uk/chembl/api/data/molecule.json?molecule_structures__standard_inchi_key=LPPJGTSPIBSYQO-YLNOTJRMSA-N]",CC(=O)N[C@@H](CS/C(Cl)=C\Cl)C(=O)O
salbutamol,synonym,CHEMBL714,ALBUTEROL,4.0,1981,Small molecule,1,CHEMBL714|ALBUTEROL|4.0,CHEMBL714,ALBUTEROL,4,4.0,CHEMBL714,False,False,,CC(C)(C)NCC(O)c1ccc(O)c(CO)c1
sisomicin,pref_name,CHEMBL221886,SISOMICIN,3.0,,Small molecule,1,CHEMBL221886|SISOMICIN|3.0,CHEMBL3989471,SISOMICIN SULFATE,-1,-1.0,CHEMBL221886,False,True,,CN[C@@H]1[C@@H](O)[C@@H](O[C@@H]2[C@@H](O)[C@H](O[C@H]3OC(CN)=CC[C@H]3N)[C@@H](N)C[C@H]2N)OC[C@]1(C)O
Sodium dichromate,override,CHEMBL3991158,,,,Small molecule,0,,CHEMBL1374101,POTASSIUM DICHROMATE,3,3.0,CHEMBL1374101,True,True,"The second reviewer is right. Exact pref_name and synonym searches for 'Sodium dichromate' do return 0, but ChEMBL does hold the exact substance under no name. A formula query for Cr2Na2O7 returns one record, CHEMBL3991158: small molecule, structure_type NONE, no synonyms, max_phase null. Separately, CHEMBL1477585 (H4Cr2Na2O9) has Tox21/NCGC compound records SID17388732, SID17388733, SID144204729 and SID144209734. PubChem gives all four as 'Sodium dichromate dihydrate', CAS 7789-12-0. Its molecule_hierarchy parent_chembl_id is CHEMBL3991158. So the named hydrate is parented to the anhydrous Na [https://www.ebi.ac.uk/chembl/api/data/molecule.json?molecule_properties__full_molformula=Cr2Na2O7]",
SODIUM HYDROXIDE,pref_name,CHEMBL2105794,SODIUM HYDROXIDE,-1.0,,Small molecule,1,CHEMBL2105794|SODIUM HYDROXIDE|-1.0,CHEMBL2105794,SODIUM HYDROXIDE,-1,-1.0,CHEMBL2105794,False,False,,[Na+].[OH-]
Stannic fluoride,unresolved,,,,,,0,,CHEMBL5314609,STANNIC PROTOPORFIN,2,2.0,CHEMBL5314609,False,True,,
succinylsulfathiazole,pref_name,CHEMBL1484857,SUCCINYLSULFATHIAZOLE,2.0,,Small molecule,1,CHEMBL1484857|SUCCINYLSULFATHIAZOLE|2.0,CHEMBL1484857,SUCCINYLSULFATHIAZOLE,2,2.0,CHEMBL1484857,False,False,,O=C(O)CCC(=O)Nc1ccc(S(=O)(=O)Nc2nccs2)cc1
tamoxifen,pref_name,CHEMBL83,TAMOXIFEN,4.0,1977,Small molecule,1,CHEMBL83|TAMOXIFEN|4.0,CHEMBL83,TAMOXIFEN,4,4.0,CHEMBL83,False,False,,CC/C(=C(\c1ccccc1)c1ccc(OCCN(C)C)cc1)c1ccccc1
taurine,pref_name,CHEMBL239243,TAURINE,3.0,,Small molecule,1,CHEMBL239243|TAURINE|3.0,CHEMBL239243,TAURINE,3,3.0,CHEMBL239243,False,False,,NCCS(=O)(=O)O
terfenadine,pref_name,CHEMBL17157,TERFENADINE,4.0,1985,Small molecule,1,CHEMBL17157|TERFENADINE|4.0,CHEMBL17157,TERFENADINE,4,4.0,CHEMBL17157,False,False,,CC(C)(C)c1ccc(C(O)CCCN2CCC(C(O)(c3ccccc3)c3ccccc3)CC2)cc1
TETRACHLOROETHYLENE,pref_name,CHEMBL114062,TETRACHLOROETHYLENE,-1.0,,Small molecule,1,CHEMBL114062|TETRACHLOROETHYLENE|-1.0,CHEMBL114062,TETRACHLOROETHYLENE,-1,-1.0,CHEMBL114062,False,False,,ClC(Cl)=C(Cl)Cl
tetracycline,pref_name,CHEMBL1440,TETRACYCLINE,4.0,1953,Small molecule,1,CHEMBL1440|TETRACYCLINE|4.0,CHEMBL454950,TETRACYCLINE HYDROCHLORIDE,4,4.0,CHEMBL1440,False,False,,CN(C)[C@@H]1C(O)=C(C(N)=O)C(=O)[C@@]2(O)C(O)=C3C(=O)c4c(O)cccc4[C@@](C)(O)[C@H]3C[C@@H]12
thioridazine,pref_name,CHEMBL479,THIORIDAZINE,4.0,1962,Small molecule,1,CHEMBL479|THIORIDAZINE|4.0,CHEMBL1200916,THIORIDAZINE HYDROCHLORIDE,4,4.0,CHEMBL479,False,False,,CSc1ccc2c(c1)N(CCC1CCCCN1C)c1ccccc1S2
tolbutamide,pref_name,CHEMBL782,TOLBUTAMIDE,4.0,1961,Small molecule,1,CHEMBL782|TOLBUTAMIDE|4.0,CHEMBL782,TOLBUTAMIDE,4,4.0,CHEMBL782,False,False,,CCCCNC(=O)NS(=O)(=O)c1ccc(C)cc1
Toluidine Blue O,override,CHEMBL1622638,TOLONIUM,2.0,,Small molecule,0,,CHEMBL5275610,,NA,,CHEMBL5315813,True,True,"Toluidine Blue O is tolonium chloride, C15H16ClN3S (PubChem CID 7083). ChEMBL CHEMBL1790006 TOLONIUM CHLORIDE (phase 2; synonyms Basic blue 17, CI 52040) has the same formula, and its parent is CHEMBL1622638 TOLONIUM (the cation, phase 2). The name rule missed it because 'toluidine blue' is not a listed ChEMBL synonym. The old pick CHEMBL5275610 is an unnamed C16 dimethyl analogue (parent CHEMBL5315813), not toluidine blue O. [https://www.ebi.ac.uk/chembl/api/data/molecule/CHEMBL1790006.json]",Cc1cc2nc3ccc(N(C)C)cc3[s+]c2cc1N
Tributyltin,override,CHEMBL1236208,TRIBUTYLSTANNANYL,,,Small molecule,0,,CHEMBL511667,tributyltin-oxide,NA,,CHEMBL511667,True,False,"CHEMBL1236208 TRIBUTYLSTANNANYL (C12H28Sn) has a literature compound record keyed and named 'Tributyltin'. Its formula matches PubChem's 'Tributyltin' (CID 5948, tributylstannane, C12H28Sn). ChEMBL stores no structure for it, so an InChIKey check was not possible. max_phase is null and it is its own parent. The old pick CHEMBL511667 tributyltin-oxide (bis(tributyltin) oxide, C24H54OSn2) is a different compound. [https://www.ebi.ac.uk/chembl/api/data/compound_record.json?molecule_chembl_id=CHEMBL1236208]",
trimipramine,pref_name,CHEMBL644,TRIMIPRAMINE,4.0,1979,Small molecule,1,CHEMBL644|TRIMIPRAMINE|4.0,CHEMBL1200948,TRIMIPRAMINE MALEATE,4,4.0,CHEMBL644,False,False,,CC(CN(C)C)CN1c2ccccc2CCc2ccccc21
trolox,pref_name,CHEMBL153,TROLOX,,,Small molecule,1,CHEMBL153|TROLOX|None,CHEMBL153,TROLOX,NA,,CHEMBL153,False,False,,Cc1c(C)c2c(c(C)c1O)CCC(C)(C(=O)O)O2
VANADIUM,unresolved,,,,,,0,,CHEMBL2447948,VANADIUM PENTOXIDE,NA,,CHEMBL2447948,False,False,,
VANADIUM PENTOXIDE,pref_name,CHEMBL2447948,VANADIUM PENTOXIDE,,,Small molecule,1,CHEMBL2447948|VANADIUM PENTOXIDE|None,CHEMBL2447948,VANADIUM PENTOXIDE,NA,,CHEMBL2447948,False,False,,
Vandetanib,pref_name,CHEMBL24828,VANDETANIB,4.0,2011,Small molecule,1,CHEMBL24828|VANDETANIB|4.0,CHEMBL6054362,,NA,,CHEMBL6054362,True,True,,COc1cc2/c(=N/c3ccc(Br)cc3F)nc[nH]c2cc1OCC1CCN(C)CC1
vinblastine,pref_name,CHEMBL159,VINBLASTINE,4.0,1965,Small molecule,1,CHEMBL159|VINBLASTINE|4.0,CHEMBL159,VINBLASTINE,4,4.0,CHEMBL159,False,False,,CC[C@]1(O)C[C@@H]2CN(CCc3c([nH]c4ccccc34)[C@@](C(=O)OC)(c3cc4c(cc3OC)N(C)[C@H]3[C@@](O)(C(=O)OC)[C@H](OC(C)=O)[C@]5(CC)C=CCN6CC[C@]43[C@@H]65)C2)C1
Vincristine,pref_name,CHEMBL90555,VINCRISTINE,4.0,1963,Small molecule,1,CHEMBL90555|VINCRISTINE|4.0,CHEMBL90555,VINCRISTINE,4,4.0,CHEMBL90555,False,False,,CC[C@]1(O)C[C@H]2CN(CCc3c([nH]c4ccccc34)[C@@](C(=O)OC)(c3cc4c(cc3OC)N(C=O)[C@H]3[C@@](O)(C(=O)OC)[C@H](OC(C)=O)[C@]5(CC)C=CCN6CC[C@]43[C@@H]65)C2)C1
wortmannin,pref_name,CHEMBL428496,WORTMANNIN,,,Small molecule,1,CHEMBL428496|WORTMANNIN|None,CHEMBL4174555,,NA,,CHEMBL4174555,True,False,,COC[C@H]1OC(=O)c2coc3c2[C@@]1(C)C1=C(C3=O)[C@@H]2CCC(=O)[C@@]2(C)C[C@H]1OC(C)=O
ZERANOL,pref_name,CHEMBL450613,ZERANOL,2.0,,Small molecule,1,CHEMBL450613|ZERANOL|2.0,CHEMBL450613,ZERANOL,2,2.0,CHEMBL450613,False,False,,C[C@H]1CCC[C@H](O)CCCCCc2cc(O)cc(O)c2C(=O)O1
ZINC SULFIDE,unresolved,,,,,,0,,CHEMBL3988900,ZINC OXIDE,4,4.0,CHEMBL3988900,False,True,,
