drug	chembl_id	reason
1,6,7,8,9,11a,12,13,14,14a-Decahydro-1,13-dihydroxy-6-methyl-4H-cyclopent [f]oxacyclotridecin-4-one	CHEMBL19980	This is the CAS index name of brefeldin A (C16H24O4), given without stereodescriptors. PubChem resolves it to Brefeldin A (CID 5287620) and to CID 5351204, which carries this name as its title plus the synonym 'BFA' and brefeldin NSC numbers. DSigDB has no separate 'Brefeldin A' entry, so this CTD set is brefeldin A. ChEMBL CHEMBL19980 BREFELDIN A matches InChIKey KQNZDYYTLMIZCT-KQPMLPITSA-N and is its own parent. The old first hit, CHEMBL2402356 (C17H24O5, an acetyl analogue), was wrong. CHEMBL1734306 is the epimer from PubChem's title record. Both have a null phase, so the choice does not ch [https://www.ebi.ac.uk/chembl/api/data/molecule/CHEMBL19980.json]
1-METHYLPHENANTHRENE	CHEMBL3561957	This is a PAH pollutant with no ChEMBL pref_name. PubChem CID 13257 has InChIKey DOWJXOHBNXRUOD-UHFFFAOYSA-N, and it matches exactly one ChEMBL record: CHEMBL3561957 (SMILES Cc1cccc2c1ccc1ccccc12, methyl at C1). It is its own parent and has a null phase. The old first hit, CHEMBL403878 (C18H18O3, a trimethoxy-methylphenanthrene), was wrong. The search hit CHEMBL1797288 is 2-methylphenanthrene, not this compound. [https://www.ebi.ac.uk/chembl/api/data/molecule.json?molecule_structures__standard_inchi_key=DOWJXOHBNXRUOD-UHFFFAOYSA-N]
1-Naphthyl isothiocyanate	CHEMBL1381098	The exact rule missed this only because of a space ('Naphthyl isothiocyanate' vs 'NAPHTHYLISOTHIOCYANATE'). PubChem CID 11080 has InChIKey JBDOSUUXMYMWQH-UHFFFAOYSA-N, which matches only CHEMBL1381098. It is its own parent and has a null phase. The old first hit was correct. [https://www.ebi.ac.uk/chembl/api/data/molecule/CHEMBL1381098.json]
2,2',3,4,4',5,5'-HEPTACHLOROBIPHENYL	CHEMBL375479	This is PCB 180 (PubChem CID 37036, InChIKey WBHQEUPUMONIKF-UHFFFAOYSA-N). The InChIKey and a SMILES flexmatch both return only CHEMBL375479. Its SMILES has chlorines at 2,3,4,5 on one ring and 2',4',5' on the other. It has no pref_name, is its own parent and has a null phase. [https://www.ebi.ac.uk/chembl/api/data/molecule.json?molecule_structures__standard_inchi_key=WBHQEUPUMONIKF-UHFFFAOYSA-N]
2E,4E,6E,8E	CHEMBL104049	'2E,4E,6E,8E' is a parsing fragment. The only DSigDB term containing it is '(2E,4E,6E,8E)-3,7-DIMETHYL-9-(2,6,6-TRIMETHYL-3-OXO-1-CYCLOHEXENYL)NONA-2,4,6,8-TETRAENOIC ACID CTD 00000070'. PubChem resolves that full name to 4-oxoretinoic acid (CID 6437063, InChIKey GGCUJPCCTQNTJF-FRCNGJHJSA-N), which matches only ChEMBL CHEMBL104049. It is its own parent and has a null phase. This is medium, not high, confidence because it depends on decoding the fragment through the DSigDB source row. The fragment alone names no substance. Ranking pipelines should check that this row's gene set is that CTD term [https://www.ebi.ac.uk/chembl/api/data/molecule.json?molecule_structures__standard_inchi_key=GGCUJPCCTQNTJF-FRCNGJHJSA-N]
3-amino-1,2,4-triazole	CHEMBL232801	3-Amino-1,2,4-triazole is amitrole (PubChem CID 1639, InChIKey KLSJWNVTNUYHDU-UHFFFAOYSA-N). That key matches only CHEMBL232801 AMITROLE (SMILES Nc1nc[nH]n1). It is its own parent and has a null phase. The old first hit, CHEMBL15571 (1,2,4-triazole, which lacks the amino group), was wrong. [https://www.ebi.ac.uk/chembl/api/data/molecule/CHEMBL232801.json]
5-Aminosalicylic acid	CHEMBL704	5-Aminosalicylic acid is mesalamine. CHEMBL704 MESALAMINE (SMILES Nc1ccc(O)c(C(=O)O)c1) is its own parent and is phase 4. Do not confuse it with CHEMBL1169 AMINOSALICYLIC ACID, which is 4-aminosalicylic acid (PAS). The old first hit was correct. The exact rule missed it because ChEMBL does not list this spelling as a synonym. [https://www.ebi.ac.uk/chembl/api/data/molecule/CHEMBL704.json]
6-Thioguanine	CHEMBL727	6-Thioguanine is thioguanine. CHEMBL727 THIOGUANINE (SMILES Nc1nc2[nH]cnc2c(=S)[nH]1) is its own parent and is phase 4. The old first hit was correct. The exact rule missed it because the '6-' spelling is not a ChEMBL synonym. [https://www.ebi.ac.uk/chembl/api/data/molecule/CHEMBL727.json]
635-65-4	CHEMBL501680	635-65-4 is the CAS number of bilirubin. PubChem resolves it to Bilirubin (CID 5280352, InChIKey BPYKTIZUTYGOLE-IFADSCNNSA-N), and that key matches only CHEMBL501680 BILIRUBIN. It is its own parent and has max_phase 1.0, so it now passes the phase 1-4 filter. The old first hit, CHEMBL5796501 (an unnamed nitrile peptidomimetic), was wrong. [https://www.ebi.ac.uk/chembl/api/data/molecule.json?molecule_structures__standard_inchi_key=BPYKTIZUTYGOLE-IFADSCNNSA-N]
7-aminocephalosporanic acid	CHEMBL1615585	The rule left this unresolved, but ChEMBL does have the exact substance. CHEMBL1615585 has an unnamed pref_name, and its standard InChIKey HSHGZXNAXBPPDL-HZGVNTEJSA-N matches PubChem CID 441328, (6R,7R)-7-ACA. Its compound records are named '7-aminocephalosporanic acid' and '7-ACA', and it is its own parent. The other stereo records (CHEMBL1474278, and CHEMBL1161449 with no stereo) are not the natural isomer. Phase is null, so it drops out of the 1-4 filter either way. [https://www.ebi.ac.uk/chembl/api/data/molecule/CHEMBL1615585.json]
7-DIETHYLAMINO-4-METHYLCOUMARIN	CHEMBL315348	The old first hit, CHEMBL3416552, is CPM (the N-[4-(7-diethylamino-4-methylcoumarin-3-yl)phenyl]maleimide derivative), a different compound. CHEMBL315348 has the exact InChIKey AFYCEAFSNDLKSX-UHFFFAOYSA-N (PubChem CID 7050, Coumarin 1), and its compound records name it 7-diethylamino-4-methylcoumarin. It is its own parent and has no phase. [https://www.ebi.ac.uk/chembl/api/data/molecule/CHEMBL315348.json]
Benzyl butyl phthalate	CHEMBL1450327	The old first hit, CHEMBL4071043, is butyl isobutyl phthalate, which is the wrong compound. CHEMBL1450327 (unnamed, its own parent, phase null) has the exact InChIKey IRIAEXORFWYRCZ-UHFFFAOYSA-N of benzyl butyl phthalate (PubChem CID 2347). [https://www.ebi.ac.uk/chembl/api/data/molecule/CHEMBL1450327.json]
curcumin II	CHEMBL179512	Curcumin II is demethoxycurcumin: PubChem resolves 'curcumin II' to CID 5469424. CHEMBL179512 (pref_name DEMETHOXYCURCUMIN, its own parent, phase null) has compound records literally named 'curcumin II' (CHEMBL1158668, CHEMBL1177744, CHEMBL2146378). CHEMBL105360 is an unnamed keto-tautomer duplicate with the PubChem InChIKey. The old pick, CHEMBL1087807, is a di-O-prenyl curcumin analogue and is wrong. [https://www.ebi.ac.uk/chembl/api/data/molecule/CHEMBL179512.json]
Cyperquat chloride	CHEMBL311617	Cyperquat chloride is 1-methyl-4-phenylpyridinium chloride (MPP+ chloride, PubChem CID 94497). ChEMBL's chloride salt, CHEMBL577901, has the exact InChIKey LMGBDZJLZIPJPZ-UHFFFAOYSA-M and molecule_hierarchy parent CHEMBL311617. That parent is the unnamed MPP+ cation, whose compound records are named 1-methyl-4-phenylpyridinium / MPP+. The old pick, CHLOROLITHIUM, is wrong. Phase is null. [https://www.ebi.ac.uk/chembl/api/data/molecule/CHEMBL577901.json]
D-Penicillamine	CHEMBL1430	The rule found nothing, because 'D-Penicillamine' is not an exact pref_name or synonym. The drug penicillamine is the D-enantiomer, and CHEMBL1430 lists 'D penicillamine' and 'D-3-mercaptovaline' among its synonyms. It is its own parent at phase 4. The old pick happened to be correct. [https://www.ebi.ac.uk/chembl/api/data/molecule/CHEMBL1430.json]
Decabromodiphenyl oxide	CHEMBL229975	Decabromodiphenyl oxide is decaBDE (BDE-209, PubChem CID 14410, C12Br10O, InChIKey WHHGLZMJPXIBIX-UHFFFAOYSA-N). ChEMBL has this exact structure as an unnamed record, CHEMBL229975, which is its own parent and has no phase. The name lookup failed only because the record carries no name. The old pick, phenylarsine oxide, was a wrong free-text hit. The null phase excludes it from the phase 1-4 ranking. [https://www.ebi.ac.uk/chembl/api/data/molecule/CHEMBL229975.json]
dimethyloxalylglycine	CHEMBL92309	DMOG (PubChem CID 560326, C6H9NO5, InChIKey BNJOZDZCRHCODO-UHFFFAOYSA-N) matches CHEMBL92309 exactly: an unnamed record, its own parent, with no phase. The rule missed it because the record has no name. The old first hit was correct. The null phase excludes it from the phase 1-4 ranking. [https://www.ebi.ac.uk/chembl/api/data/molecule/CHEMBL92309.json]
Electrocorundum	CHEMBL4594252	Electrocorundum is fused alumina, Al2O3. PubChem resolves the name to CID 14769, Corundum (InChIKey TWNQGVIAIRXVLR-UHFFFAOYSA-N). ChEMBL has that exact substance as ALUMINIUM OXIDE (synonym 'Alumina'), CHEMBL4594252, which is its own parent and matched by InChIKey. Its max_phase is -1 (unknown), so it still drops out of the phase 1-4 filter. This is medium confidence because the name refers to a manufactured grade of the same oxide. [https://www.ebi.ac.uk/chembl/api/data/molecule/CHEMBL4594252.json]
Ethylene dimethacrylate	CHEMBL1709582	Ethylene dimethacrylate is ethylene glycol dimethacrylate (EGDMA, PubChem CID 7355, C10H14O4, InChIKey STVZJERGLQHEKB-UHFFFAOYSA-N). ChEMBL has it as an unnamed record, CHEMBL1709582, matched by exact structure; it is its own parent with no phase. The old pick, ETHYLENE GLYCOL, is a different compound. The null phase excludes it from the ranking. [https://www.ebi.ac.uk/chembl/api/data/molecule/CHEMBL1709582.json]
FERROUS	CHEMBL6068766	PubChem resolves 'FERROUS' to CID 27284, Ferrous cation (Fe+2). ChEMBL has that exact ion as FERROUS CATION, CHEMBL6068766 (synonyms 'Ferrous ion', 'Iron(ii) ion'). It has no hierarchy block, so it is its own parent, and it has no structure. Its stored formula field reads Fe2O8S2, which looks inconsistent with the ion; hence medium confidence. Its max_phase is -1, so it is excluded from the phase 1-4 ranking either way. The old pick, FERROUS FUMARATE, is a different salt and is wrong. [https://www.ebi.ac.uk/chembl/api/data/molecule/CHEMBL6068766.json]
Geranylgeranyl pyrophosphate	CHEMBL1229266	The rule left this unresolved. CHEMBL1229266 is all-trans (2E,6E,10E) GGPP; its InChIKey OINNEUNVOZHBOX-QIRCYJPOSA-N matches PubChem CID 447277 'Geranylgeranyl pyrophosphate', and PubChem lists CHEMBL1229266. The old first hit was correct. CHEMBL1160059 and CHEMBL1160061 are Z-isomers, not GGPP. No pref_name; research compound, phase null. [https://www.ebi.ac.uk/chembl/api/data/molecule.json?molecule_structures__standard_inchi_key=OINNEUNVOZHBOX-QIRCYJPOSA-N]
Gly-His-Lys	CHEMBL1814493	GHK tripeptide (glycyl-L-histidyl-L-lysine, PubChem CID 73587). CHEMBL1814493 has the exact InChIKey MVORZMQFXBLMHM-QWRGUYRKSA-N, and PubChem lists this ChEMBL id. The old pick, CHEMBL178093, is a different nonapeptide (Gly-Gly-Thr-Val-His-Phe-Lys-Gly-Gly), so it was wrong. ChEMBL has no PREZATIDE record. Phase null. [https://www.ebi.ac.uk/chembl/api/data/molecule/CHEMBL1814493.json]
GNF-PF-3832	CHEMBL261693	The rule left this unresolved. In PubChem, GNF-PF-3832 is CID 2767330, 3-(4-methylphenyl)indeno[1,2-c]pyridazin-5-one, and that record lists CHEMBL261693 as a synonym. The InChIKey ITHVHASAWMAMQC-UHFFFAOYSA-N matches exactly, so the old first hit was correct. Research compound, phase null. [https://www.ebi.ac.uk/chembl/api/data/molecule.json?molecule_structures__standard_inchi_key=ITHVHASAWMAMQC-UHFFFAOYSA-N]
GW-8510	CHEMBL1276446	GW8510 is the CDK2 inhibitor 4-{[(Z)-(7-oxo-thiazolo[5,4-e]indol-8-ylidene)methyl]amino}-N-(2-pyridyl)benzenesulfonamide (PubChem CID 3536, whose synonyms list CHEMBL1276446 and CHEMBL1973540). CHEMBL1276446 is the Z isomer as GW8510 is defined. CHEMBL1973540 is the same structure with the geometry unspecified. The old pick, CHEMBL4303385, is an unrelated Boc-piperidine carbamate, so it was wrong. Phase null. [https://www.ebi.ac.uk/chembl/api/data/molecule/CHEMBL1276446.json]
H-7	CHEMBL323556	H-7 is 1-(5-isoquinolinesulfonyl)-2-methylpiperazine (PubChem CID 3542, whose synonyms list CHEMBL323556). CHEMBL323556 has no stereocentre assigned and matches the InChIKey BDVFVCGFMNCYPV-UHFFFAOYSA-N. It is also the parent of the dihydrochloride CHEMBL540848. The old pick, CHEMBL3907065, is an unrelated indazole kinase inhibitor, so it was wrong. Phase null. [https://www.ebi.ac.uk/chembl/api/data/molecule/CHEMBL540848.json]
Healon	CHEMBL5314376	Healon is a brand of sodium hyaluronate (PubChem titles the sodium hyaluronate record 'Healon'). ChEMBL has HYALURONATE SODIUM (CHEMBL4594244, synonym 'Sodium hyaluronate'), whose parent is HYALURONIC ACID, CHEMBL5314376, phase 4. 'Healon' itself is not a ChEMBL synonym. The parent is a polymer with no structure record (smiles null), so no BBB prediction can be made from it. [https://www.ebi.ac.uk/chembl/api/data/molecule/CHEMBL4594244.json]
IBMX	CHEMBL275084	IBMX is 3-isobutyl-1-methylxanthine (PubChem CID 3758). CHEMBL275084, pref_name ISOBUTYLMETHYLXANTHINE, has the exact InChIKey APIXJSLKIYYUKG-UHFFFAOYSA-N. The old pick, CHEMBL4782887, is a non-aromatic 4,5-dihydro analogue, so it was wrong. Research compound, phase null. [https://www.ebi.ac.uk/chembl/api/data/molecule.json?molecule_structures__standard_inchi_key=APIXJSLKIYYUKG-UHFFFAOYSA-N]
Menadione bisulfite	CHEMBL1159684	The name means the menadione bisulfite adduct (menadione sodium bisulfite). ChEMBL has CHEMBL2107211 MENADIONE SODIUM BISULFITE (phase 2) and CHEMBL2358118 MENADIONE SODIUM BISULPHITE, and both list CHEMBL1159684 (the adduct's sulfonic acid) as parent, which is phase 2. The adduct is a separate covalent compound, not menadione itself (CHEMBL590), so this uses ChEMBL's parent. The rule left it unresolved only because the bare name has no exact record. [https://www.ebi.ac.uk/chembl/api/data/molecule/CHEMBL2107211.json]
S-1,2-Dichlorovinyl-N-acetylcysteine	CHEMBL2075003	PubChem resolves the name to CID 6438163, N-acetyl-S-[(E)-1,2-dichlorovinyl]-L-cysteine (C7H9Cl2NO3S, InChIKey LPPJGTSPIBSYQO-YLNOTJRMSA-N). A ChEMBL InChIKey lookup returns exactly CHEMBL2075003 (compound record 'diCl-vinyl-NAC'). It has no pref_name, so the name rule could not find it, and its max_phase is null. It is its own parent. CHEMBL1697700 is the non-acetylated DCVC and is not this compound. [https://www.ebi.ac.uk/chembl/api/data/molecule.json?molecule_structures__standard_inchi_key=LPPJGTSPIBSYQO-YLNOTJRMSA-N]
Toluidine Blue O	CHEMBL1622638	Toluidine Blue O is tolonium chloride, C15H16ClN3S (PubChem CID 7083). ChEMBL CHEMBL1790006 TOLONIUM CHLORIDE (phase 2; synonyms Basic blue 17, CI 52040) has the same formula, and its parent is CHEMBL1622638 TOLONIUM (the cation, phase 2). The name rule missed it because 'toluidine blue' is not a listed ChEMBL synonym. The old pick CHEMBL5275610 is an unnamed C16 dimethyl analogue (parent CHEMBL5315813), not toluidine blue O. [https://www.ebi.ac.uk/chembl/api/data/molecule/CHEMBL1790006.json]
Tributyltin	CHEMBL1236208	CHEMBL1236208 TRIBUTYLSTANNANYL (C12H28Sn) has a literature compound record keyed and named 'Tributyltin'. Its formula matches PubChem's 'Tributyltin' (CID 5948, tributylstannane, C12H28Sn). ChEMBL stores no structure for it, so an InChIKey check was not possible. max_phase is null and it is its own parent. The old pick CHEMBL511667 tributyltin-oxide (bis(tributyltin) oxide, C24H54OSn2) is a different compound. [https://www.ebi.ac.uk/chembl/api/data/compound_record.json?molecule_chembl_id=CHEMBL1236208]
5109870	CHEMBL3350760	The second reviewer is right. The bare code is not a ChEMBL name or synonym, and free-text search returns 0. But the identity does not come from a similar name. PubChem's substance index maps source ChemBridge, id 5109870, to SID 442840067 and then to CID 135409239, which is C13H13N3O2, 2-methoxy-6-[(pyridin-2-ylhydrazinylidene)methyl]phenol. Sci Rep 6:38343 (PMC5141479, a Connectivity Map iron-chelator study) names 'The ChemBridge compound 5109870 (2-hydroxy-3-methoxybenzaldehyde 2-pyridinylhydrazone)'. ChEMBL has exactly one record with this connectivity (InChIKey prefix FFZWBZJRENXDNU, tota [https://www.ebi.ac.uk/chembl/api/data/compound_record.json?molecule_chembl_id=CHEMBL3350760]
Sodium dichromate	CHEMBL3991158	The second reviewer is right. Exact pref_name and synonym searches for 'Sodium dichromate' do return 0, but ChEMBL does hold the exact substance under no name. A formula query for Cr2Na2O7 returns one record, CHEMBL3991158: small molecule, structure_type NONE, no synonyms, max_phase null. Separately, CHEMBL1477585 (H4Cr2Na2O9) has Tox21/NCGC compound records SID17388732, SID17388733, SID144204729 and SID144209734. PubChem gives all four as 'Sodium dichromate dihydrate', CAS 7789-12-0. Its molecule_hierarchy parent_chembl_id is CHEMBL3991158. So the named hydrate is parented to the anhydrous Na [https://www.ebi.ac.uk/chembl/api/data/molecule.json?molecule_properties__full_molformula=Cr2Na2O7]
