cohort	reference_doi	accession_or_url	assay_platform	primary_IDHwt_GBM	recurrent_IDHwt_GBM	within_patient_pairs	IDH_basis	treatment_annotation	access	local_dir_under_raw	expression_format	downloaded	caveats
GLASS (Varn 2022) Synapse release	10.1016/j.cell.2022.04.038	https://www.synapse.org/glass (syn17038081); current_release syn26465623: gene_tpm_matrix_all_samples.tsv syn69961520, transcript_count_matrix_all_samples.tsv.gz syn71730743; tables clinical_surgeries syn69917798, analysis_rnaseq_pairs syn69917782, analysis_estimate_purity syn69917776	bulk RNA-seq (multi-centre, re-processed uniformly; gene TPM and transcript counts)	128 pairs (paper)	128 pairs (paper)	128 IDH-wt pairs of 168 RNA pairs (Varn 2022 text)	clinical_surgeries.idh_status	per surgery: treatment_tmz, treatment_tmz_cycles, treatment_radiotherapy, treatment_radiation_dose_gy, treatment_chemotherapy_other (free text), treatment_alkylating_agent	free Synapse account + self-sign access requirement 9604985 (not downloadable anonymously)		TPM (gene), estimated counts (transcript)	no (needs Synapse login)	includes TCGA, Columbia, Samsung, SNU, Henry Ford (GLSS-HF) and other cohorts, so overlaps TCGA-GBM, Wang 2016, Kim 2015/2024
GLASS subset, covariate-adjusted (Ho 2024)	10.1186/s40478-024-01790-3; data 10.6084/m9.figshare.25051553.v3	https://figshare.com/articles/dataset/GBM_datasets_gene_expression_by_adjusting_covariates/25051553	derived from GLASS TPM	87	87	87 (TP vs R1)	selected as IDH-wt by Ho 2024 from GLASS	none in file	open, CC BY 4.0	GLASS_figshare_25051553	log2(TPM+1) residuals after lm() on age, sex, source (and case ID in *_caseID file); values are centred, negative	yes	not usable for CIBERSORT (not linear-scale, not non-negative); usable for rank-based paired GSEA/GSVA only; caseID version already removes the patient mean
Wang J 2016 (INCB subset), covariate-adjusted	10.1038/ng.3590; data 10.6084/m9.figshare.25051553.v3	SRA SRP074425 (26 RNA-Seq runs, FASTQ public on ENA); figshare file 44206481	RNA-seq HiSeq 2000	12 (+0)	14	12	figshare record labels it Wang et al. SRP074425, 12 pairs; IDH status of these 12 not verified here	not in file; paper: TMZ in all but 14 of 114 patients	open (SRA FASTQ; figshare CC BY 4.0)	GLASS_figshare_25051553/12pairs_log2TPM_60683genes_lm_adjusted_sex_age.txt	log2(TPM+1) residuals (age, sex regressed)	yes (adjusted matrix only; FASTQ not downloaded)	rest of Wang 2016 (114 patients, 65 RNA pairs) is controlled at EGA: EGAS00001000579, EGAD00001001113, EGAD00001001213, EGAD00001001424, EGAS00001001800
CGGA mRNAseq_693	10.1016/j.gpb.2020.10.005	https://www.cgga.org.cn/download.jsp	RNA-seq (RSEM FPKM + read counts)	109	81	not identifiable (no patient key in release)	IDH_mutation_status column	Radio_status and Chemo_status (TMZ) 0/1 flags per sample	open	CGGA	RSEM FPKM (zip), read counts (zip), clinical (zip)	yes	unpaired design; also 24 IDH-mut primary and 25 IDH-mut recurrent GBM, 7+3 IDH NA
CGGA mRNAseq_325	10.1038/sdata.2017.24	https://www.cgga.org.cn/download.jsp	RNA-seq (RSEM FPKM + read counts)	74	15	not identifiable	IDH_mutation_status column	Radio_status and Chemo_status (TMZ) flags	open	CGGA	RSEM FPKM, read counts, clinical	yes	separate batch from 693 (no shared sample IDs); 9 IDH-wt 'secondary' GBM (sGBM) excluded from counts
TCGA-GBM (GDC harmonised)	10.1016/j.cell.2013.09.034 (Brennan 2013)	https://gdc-hub.s3.us-east-1.amazonaws.com/download/TCGA-GBM.star_counts.tsv.gz ; GDC API	RNA-seq STAR counts/TPM	157 primary tumour samples in Xena matrix (IDH not in file)	13 recurrent samples	6 in Xena matrix; 9 when the 2024-10 GDC batch (plates A96R/A96T/A96U) is added	G_CIMP_STATUS (legacy Xena matrix) as IDH proxy: 11 of 13 recurrences NON G-CIMP, 1 G-CIMP (TCGA-06-0221), 1 NA	CDE_* radiation/TMZ fields in legacy clinical matrix	open	TCGA-GBM	STAR counts, TPM (Xena, log2(x+1)); per-file STAR augmented counts for the 13 recurrent patients	yes	3 extra primaries sequenced in a different batch/centre from the recurrences; TCGA pairs also in GLASS
CPTAC-3 brain (GDC)	10.1016/j.ccell.2021.01.006 (Wang LB 2021, primary cohort)	https://portal.gdc.cancer.gov/projects/CPTAC-3 ; GDC API	RNA-seq STAR augmented counts	about 191 GBM cases with primary tumour files (IDH not in GDC clinical)	21 recurrent files / 19 cases (15 GBM, 1 gliosarcoma, 2 astrocytoma NOS, 1 glioma NOS)	16 cases have both	not in GDC clinical	none in GDC clinical for recurrent cases (days_to_recurrence only)	open	CPTAC-3_brain_GDC	per-file STAR counts (tar.gz, md5 verified 238/238)	yes	publication describing the 19 recurrent 'C######' cases not identified; not the KNCC Kim 2024 cohort (that is ICPC, PDC000514/515)
Kim KH 2024 (KNCC/SNU/SMC/CNU/Pitie-Salpetriere)	10.1016/j.ccell.2023.12.015	SRA PRJNA1051047 (175 RNA-Seq runs, FASTQ public on ENA); PDC000514, PDC000515	RNA-seq (paired-end)	mixed IDH; per-patient IDH not established here		84 by SRA sample names (T1/T2 or X/XR); paper says 86	not established	not established (paper: standard-of-care TMZ)	open raw FASTQ (~991 GB for RNA)		FASTQ only; no processed matrix found	no (raw only, too large)	largest openly downloadable paired set but needs re-alignment and IDH annotation from the paper's tables
Wang L 2022 snRNA-seq (UCSF)	10.1038/s43018-022-00475-x	GEO GSE174554; raw EGA EGAS00001004909 / EGAD00001008811 (controlled)	snRNA-seq (10x) per-sample mtx; also scATAC, spatial	33 primary snRNA GSMs	48 recurrent snRNA GSMs	30 pair IDs with both in GEO annotation; paper: 36 of 49 patients paired; Ho 2024 used 30 IDH-wt pairs	paper: 4 IDH-mut excluded; GEO summary says 80 IDH-wt specimens	paper: all recurrences after standard-of-care TMZ + RT + surgery only	open (processed)	GSE174554_WangL2022	per-sample barcodes/features/matrix.mtx (RAW.tar 1.65 GB) + tumour/normal cell labels	yes	pseudobulk of malignant cells gives a tumour-intrinsic comparator; bulk RNA-seq of 30 tumours in Extended Data Fig. 3a not deposited in GEO
Wang L 2021 splicing (UCSF)	10.1186/s13059-021-02259-5	GEO GSE155434	RNA-seq	19 primary (all IDH)	18 recurrent	11 IDH-wt patients with both (23 patients, 35 WT and 2 MT specimens)	GEO 'idh mutation' field	paper: recurrences after RT + TMZ + surgery	open	GSE155434_WangL2021_splicing	per-sample exon-level featureCounts (RAW.tar)	yes	exon-level counts need collapsing to genes; patients overlap GSE174554 (e.g., SF11082)
Dhawan 2023 (Cleveland Clinic)	10.3390/cancers15030670	GEO GSE222515	RNA-seq (Illumina HiSeq 2500, GPL16791)	40 (IDH known for 14)	40	40	IDH1 WT 13/40, mutant 1/40, unknown 26/40 (paper Table)	cohort-level only: TMZ 34/40, bevacizumab 13/40, lomustine 13/40, TKI 3/40; not per sample in GEO	open	GSE222515_EGFR2023	TPM matrix (36,679 genes x 80)	yes	IDH unknown for most; about one third bevacizumab-exposed
GSE339484 (Taiwan, 14 pairs)	10.1002/advs.202506336; 10.1038/s41419-024-06784-6	GEO GSE339484	RNA-seq (Illumina NovaSeq 6000, GPL24676)	11 IDH1-wt (10 grade 4, 1 grade 3)	11	11 IDH1-wt pairs (+3 IDH1-mut pairs)	GEO genotype field (IDH1 only)	none in GEO	open	GSE339484_14pairs2026	'counts_All_Samples' with tracking_id; non-integer values (unit not verified)	yes	grade/IDH labels in GEO characteristics (2 grade-4 IDH-mut pairs) disagree with the GEO summary (3 grade-3 IDH-mut pairs)
Kim EL 2020 multiregion (Mainz)	10.3390/cancers12020520	GEO GSE139533; SRA SRP227324	RNA-seq, multi-region	74 primary tissue samples	41 recurrent + 12 second-recurrence tissue samples	13 patients with primary and recurrent tissue (28 patients)	not in GEO; not stated in paper text searched	not per sample	open	GSE139533_multiregion2020	protein-coding counts by gene symbol (incl. 28 GSC cultures)	yes	multiple regions per tumour (not independent); two library kits
Urup 2017 bevacizumab (Rigshospitalet)	10.1186/s12885-017-3251-3	GEO GSE79671; SRA SRP072494	RNA-seq FFPE	17 pre-bevacizumab samples were taken at primary diagnosis	16 post-bevacizumab recurrences	7 primary -> post-bevacizumab pairs; 9 recurrence -> post-bevacizumab pairs	not reported	first-line RT/TMZ (+TMZ) per sample; all received bevacizumab + irinotecan at recurrence	open	GSE79671_Urup2017_bevacizumab	raw count matrix	yes	tests bevacizumab, not the primary-vs-recurrence contrast; FFPE
Shekarian 2025 (Basel)	10.1093/jnen/nlae108	GEO GSE254875 (GSE254873, GSE254874, GSE254145)	NanoString nCounter panels (Neuroinflammation, IO360) + GeoMx WTA spatial	17	17	17 (nCounter); 7 (GeoMx)	study states IDH1-wt	relapse time only	open	GSE254875_Shekarian2025	normalised nCounter (784 genes); GeoMx raw + log2 CPM	yes	targeted panels, not whole transcriptome; not usable for Neftel/translation GSEA
Al-Dalahmah 2023 (Columbia) PLATE-seq	10.1038/s41467-023-38186-1	GEO GSE228497 (SuperSeries GSE228500)	3' PLATE-seq of MRI-localised biopsies	not established	not established	91 biopsies from 39 patients (primary and recurrent)	paper: IDH-wt	not in files	open	GSE228497_AlDalahmah2023	count matrix 9,879 genes x 91	yes	primary/recurrent labels per biopsy not found in GEO or supplementary datasets 1-8
Klughammer 2018 GBmatch (Austria)	10.1038/s41591-018-0156-x	GEO GSE100351; raw EGA EGAS00001002538 / EGAD00001004076	RNA-seq (validation subset)	30 (surgery 1)	4 (surgery 2 or 5)	1	GEO idh status (33 WT)	not in RNA sample records	open (RPKM)	GSE100351_Klughammer2018_RNA	per-sample transcript RPKM	yes	RNA arm is almost all primary; not a replication set
Kwon 2015 (Korea) array	10.1371/journal.pone.0140528	GEO GSE62153	Illumina HumanHT-12 array	25	18	15	not reported	not in GEO	open	GSE62153_Kwon2015_array	series matrix + non-normalised	yes	microarray; IDH unknown
GSE212067 Clariom D	(no publication linked in GEO)	GEO GSE212067	Affymetrix Clariom D array	8	10	7	series title: IDH-wt	CCRT weeks and TMZ cycles per sample	open	GSE212067_ClariomD_IDHwt	series matrix (RMA-like log2)	yes	microarray; small
Kebir 2023 (Essen) array	10.1158/1078-0432.ccr-22-0611	GEO GSE145128	Affymetrix Human Transcriptome Array 2.0 (GPL17586)	treatment-naive replicates	relapse replicates	12 tissue samples (patient-derived and experimentally generated)	series: IDH-wt	TMZ context	open	GSE145128_ALDH1A1_array	series matrix	yes	mixes patient and model samples; pairing structure not explicit
Phillips 2006 (UCSF/MDA) array	10.1016/j.ccr.2006.02.019	GEO GSE4271	Affymetrix HG-U133A/B	77 primary (grade III-IV)	23 recurrences	23 matched (20 grade IV)	none (pre-IDH era)	not in GEO	open	GSE4271_Phillips2006_array	series matrices GPL96/GPL97	yes	microarray; includes grade III; IDH-mutant cases likely present
Hoogstrate 2023 G-SAM (EORTC 1542)	10.1016/j.ccell.2023.02.019	EGA EGAS00001005436 / EGAD00001007860 (346 samples)	RNA-seq	322 test samples, mostly paired		not established here (mostly paired)	study is IDH-wt GBM (EORTC 1542: 95% IDH-wt, 10.1200/jco.19.00367)	standard of care (RT/TMZ)	controlled (EGA DAC)		BAM/FASTQ at EGA	no	validation set in the paper is GLASS
Korber 2019 (Germany)	10.1016/j.ccell.2019.02.007	EGA EGAD00001004564 (policy EGAP00001000441)	strand-specific RNA-seq	16	16	16	IDH-wt by design	not established	controlled			no	
Kim J 2015 (Samsung)	10.1016/j.ccell.2015.07.013	EGA EGAS00001001041 / EGAD00001001424 (141 samples); extension EGAS00001001800 / EGAD00001002143	WES + RNA-seq	38 patients (34 primary GBM, 4 secondary)		not established	not established	not established	controlled			no	Samsung cases also appear in GLASS (GLSS-SM)
Kim H 2015 (Verhaak)	10.1101/gr.180612.114	EGA EGAS00001001033 (RNA: EGAD00001001396, 19 samples from 10 patients; EGAD00001001945)	WGS/WES + RNA-seq			19 RNA-seq samples from 10 patients (EGAD00001001396 title)	not established	not established	controlled			no	Henry Ford cases (HF series)
Spitzer 2025 GBM CARE snRNA-seq	10.1038/s41588-025-02168-4	GEO GSE274546 (RAW.tar 4.0 GB)	snRNA-seq 10x	59 patients, 121 tumours		59 patients (T1/T2; 3 with T3)	IDH-wt (WHO 2021) by design	clinical table in paper	open (processed), raw not deposited		per-sample 10x matrices	no (over 2 GB)	malignant-cell pseudobulk comparator; recurrences have lower malignant fraction
Campian 2026 LITT + pembrolizumab trial	10.1038/s41467-026-69522-w	EGA EGAS50000001144 / EGAD50000001639	WES, bulk RNA-seq (5 tumours), PBMC scRNA/TCR					LITT +/- pembrolizumab in recurrent high-grade astrocytoma	controlled			no	tumour RNA-seq is from biopsies taken at LITT, not post-LITT tissue
