Rank,Drug,NES,FDR,IntegratedScore,BBB_Score,BBB_Prediction,Max_Phase,MW,LogP,PSA,HBA,HBD,Lipinski_Violations,Pathway_Hits,Clinical_Trials,ChEMBL_ID,Source,Targets,BBB_Martins,BBB_Martins_drugbank_approved_percentile,absNES,IntegratedScore_ADMETAI,Rank_ADMETAI,BOILED_Egg,TPSA,WLOGP,B3DB_logBB,B3DB_class,phase,score_bbb,score_nobbb,both_agree,tier,rank_bbb,rank_nobbb
1,ciclopirox,-2.261,1.66e-05,3.4,1.0,HIGH BBB Penetration,4.0,207.27,2.44,42.23,3.0,1.0,0.0,0,0,CHEMBL1413,ChEMBL API,,0.9614235520362854,78.94532764637457,2.261,3.2686287804438394,2,in,42.2,2.44,,,4.0,3.2686287804438394,3.3997802253969303,True,A  both predictors agree,1,1
11,pentetrazol,-1.946,0.0245,2.24,0.825,HIGH BBB Penetration,2.0,138.17,0.4,43.6,4.0,0.0,0.0,0,0,CHEMBL116943,ChEMBL API,,0.9932425141334532,93.91236913532376,1.946,2.696308336343197,6,out,43.6,0.4,,,2.0,2.696308336343197,2.714652562668011,False,B  predictors disagree,2,6
22,nilutamide,-1.884,0.00687,1.94,0.75,HIGH BBB Penetration,4.0,317.22,2.45,92.55,4.0,1.0,0.0,0,0,CHEMBL1274,ChEMBL API,,0.9524803757667542,76.73516867002714,1.884,2.463073570982135,7,out,92.6,2.45,,,4.0,2.463073570982135,2.5859572896705,False,B  predictors disagree,3,10
14,primidone,-1.866,0.0327,2.104,0.825,HIGH BBB Penetration,4.0,218.26,0.54,58.2,2.0,2.0,0.0,0,0,CHEMBL856,ChEMBL API,,0.9590764522552492,78.51880573865839,1.866,2.4446725001100007,8,out,58.2,0.54,-0.07,,4.0,2.4446725001100007,2.5489860525314767,False,B  predictors disagree,4,12
8,pyrantel,-1.792,0.0394,2.399,1.0,HIGH BBB Penetration,2.0,206.31,2.5,15.6,3.0,0.0,0.0,0,0,CHEMBL1626223,ChEMBL API,,0.9802049279212952,86.00232648313299,1.792,2.3513857912931275,10,in,15.6,2.5,,,2.0,2.3513857912931275,2.3988716280785014,True,A  both predictors agree,5,16
10,ifosfamide,-1.728,0.0751,2.272,1.0,HIGH BBB Penetration,4.0,261.09,1.88,41.57,2.0,1.0,0.0,0,0,CHEMBL1024,ChEMBL API,,0.9795617818832396,85.53702985653354,1.728,2.2250892716543933,11,in,41.6,1.88,,,4.0,2.225089271654393,2.271514990485425,True,A  both predictors agree,6,20
84,MAGNESIUM,-1.688,0.0989,0.548,0.25,LOW BBB Penetration,4.0,40.3,,,,,,0,0,CHEMBL1200572,ChEMBL API,,0.995113968849182,95.81233036060488,1.688,2.182385593518138,12,out,17.1,-0.5,,,4.0,2.182385593518138,2.1931011540738377,False,B  predictors disagree,7,23
13,progesterone,-1.877,0.0362,2.121,0.825,HIGH BBB Penetration,4.0,314.47,4.72,34.14,2.0,0.0,0.0,0,0,CHEMBL103,ChEMBL API,,0.8482754588127136,61.30283055447848,1.877,2.181389968773135,13,in,34.1,4.72,-0.1,-0.1,4.0,2.181389968773135,2.571558502737202,True,A  both predictors agree,8,11
31,diazepam,-1.65,0.122,1.749,0.825,HIGH BBB Penetration,4.0,284.75,3.15,32.67,2.0,0.0,0.0,0,0,CHEMBL12,ChEMBL API,,0.9984174489974976,98.37146180690188,1.65,2.116109216590113,15,in,32.7,3.15,0.5,,4.0,2.1161092165901136,2.119463375479746,True,A  both predictors agree,9,27
49,trimipramine,-1.645,0.125,1.477,0.7,HIGH BBB Penetration,4.0,410.51,4.12,6.48,2.0,0.0,0.0,0,0,CHEMBL1200948,ChEMBL API,,0.9500072598457336,76.30864676231097,1.645,2.004360232594789,18,out,81.1,3.83,0.99,,4.0,2.004360232594789,2.1098367531636186,False,B  predictors disagree,10,28
54,thioridazine,-1.584,0.0334,1.395,0.7,HIGH BBB Penetration,4.0,407.05,5.89,6.48,4.0,0.0,1.0,0,0,CHEMBL1200916,ChEMBL API,,0.9977484703063964,97.78984102365256,1.584,1.989087263359731,19,out,6.5,6.31,0.2,,4.0,1.9890872633597307,1.9935758586018242,False,B  predictors disagree,11,36
25,malathion,-1.662,0.131,1.875,0.875,HIGH BBB Penetration,4.0,330.36,2.12,71.06,8.0,0.0,0.0,0,0,CHEMBL1200468,ChEMBL API,,0.9257917881011964,71.22915858860023,1.662,1.983626279969502,20,in,71.1,2.12,,,4.0,1.9836262799695021,2.142626782246502,True,A  both predictors agree,12,25
38,oxygen,-1.558,0.000818,1.605,0.825,HIGH BBB Penetration,4.0,32.0,0.07,34.14,2.0,0.0,0.0,0,0,CHEMBL1234886,ChEMBL API,,0.9966875791549684,96.93679720822024,1.558,1.9382519343744555,21,out,34.1,0.07,,,4.0,1.9382519343744553,1.9446935779191539,False,B  predictors disagree,13,43
60,nitrofural,-1.602,0.115,1.166,0.575,MODERATE BBB Penetration,4.0,198.14,0.19,123.76,5.0,2.0,0.0,0,0,CHEMBL869,ChEMBL API,,0.9514049887657166,76.61884451337727,1.602,1.929119770800494,23,out,123.8,0.19,,,4.0,1.9291197708004941,2.0276536213071505,False,B  predictors disagree,14,33
71,L-citrulline,-1.634,0.122,0.94,0.45,LOW BBB Penetration,3.0,175.19,-1.15,118.44,3.0,4.0,0.0,0,0,CHEMBL444814,ChEMBL API,,0.9052002668380738,68.28227995347034,1.634,1.8907005546288476,24,out,118.4,-1.15,,,3.0,1.8907005546288473,2.088709674416241,False,B  predictors disagree,15,29
41,OZONE,-1.518,0.198,1.544,0.825,HIGH BBB Penetration,3.0,48.0,-1.12,51.43,2.0,0.0,0.0,0,0,CHEMBL2447938,ChEMBL API,,0.9987489104270936,99.0306320279178,1.518,1.8679445320853665,27,out,51.4,-1.12,,,3.0,1.8679445320853665,1.8702844254283892,False,B  predictors disagree,16,49
68,dacarbazine,-1.493,0.25,1.049,0.575,MODERATE BBB Penetration,4.0,182.19,0.07,99.73,4.0,2.0,0.0,0,0,CHEMBL476,ChEMBL API,,0.9457796573638916,75.18417991469562,1.493,1.7253598206996077,37,out,99.7,0.07,,,4.0,1.7253598206996077,1.8242725007520122,False,B  predictors disagree,17,51
73,ganciclovir,-1.848,0.0254,0.816,0.325,LOW BBB Penetration,4.0,277.22,-1.97,139.28,8.0,4.0,0.0,0,0,CHEMBL1200850,ChEMBL API,,0.6800014972686768,44.97867390461419,1.848,1.7082948014966757,38,out,142.4,-5.19,,,4.0,1.7082948014966755,2.512192705984157,False,B  predictors disagree,18,13
63,astemizole,-1.565,0.101,1.126,0.575,MODERATE BBB Penetration,4.0,458.58,5.35,42.32,5.0,1.0,1.0,0,0,CHEMBL296419,ChEMBL API,,0.860008955001831,62.46607212097712,1.565,1.6837378943015662,39,in,42.3,5.35,1.1,1.1,4.0,1.6837378943015662,1.9578143745002996,True,A  both predictors agree,19,39
55,dexverapamil,-1.778,0.108,1.363,0.575,MODERATE BBB Penetration,2.0,454.61,5.09,63.95,6.0,0.0,1.0,0,0,CHEMBL197,ChEMBL API,,0.673544454574585,44.280728964715,1.778,1.5968491806963796,42,in,64.0,5.09,-0.7,-0.7,2.0,1.5968491806963796,2.3708148287034145,True,A  both predictors agree,20,19
95,Vincristine,-1.542,0.191,0.144,0.075,LOW BBB Penetration,4.0,824.97,3.52,171.17,12.0,3.0,2.0,0,0,CHEMBL90555,ChEMBL API,,0.812219214439392,57.115160915083365,1.542,1.5552486027091743,45,out,171.2,3.52,-1.03,,4.0,1.5552486027091745,1.9148138520493319,False,B  predictors disagree,21,45
64,Paricalcitol,-1.561,0.177,1.121,0.575,MODERATE BBB Penetration,4.0,416.65,5.56,60.69,3.0,3.0,1.0,0,0,CHEMBL1200622,ChEMBL API,,0.7965063691139221,55.253974408685536,1.561,1.553436865740349,46,out,60.7,5.56,,,4.0,1.553436865740349,1.9503131751080387,False,B  predictors disagree,22,41
15,Metformin,-2.058,0.00833,2.066,0.7,HIGH BBB Penetration,4.0,129.17,-1.03,88.99,2.0,4.0,0.0,0,0,CHEMBL1431,ChEMBL API,,0.5102556705474853,31.40752229546336,2.058,1.5064540712038117,49,out,89.0,-1.03,,,4.0,1.5064540712038117,2.952351454688279,False,B  predictors disagree,23,2
19,tolbutamide,-1.572,0.219,1.97,1.0,HIGH BBB Penetration,4.0,270.35,1.78,75.27,3.0,2.0,0.0,0,0,CHEMBL782,ChEMBL API,,0.7402382850646972,50.135711516091504,1.572,1.458983416658257,50,out,75.3,1.78,,,4.0,1.458983416658257,1.9709645476263646,False,B  predictors disagree,24,38
66,amiodarone,-1.51,0.225,1.067,0.575,MODERATE BBB Penetration,4.0,681.78,6.94,42.68,4.0,0.0,2.0,0,0,CHEMBL1083993,ChEMBL API,,0.7512692093849183,51.29895308259015,1.51,1.3939943408440854,51,out,42.7,7.36,-1.08,-1.08,4.0,1.3939943408440854,1.8555190648441207,False,B  predictors disagree,25,50
26,atovaquone,-1.707,0.0929,1.84,0.825,HIGH BBB Penetration,4.0,366.84,5.51,54.37,3.0,1.0,1.0,0,0,CHEMBL1450,ChEMBL API,,0.6184789180755615,39.47266382318728,1.707,1.3793522327621714,53,in,54.4,5.51,,,4.0,1.3793522327621714,2.2302332261447457,True,A  both predictors agree,26,21
30,ethaverine,-1.66,0.116,1.765,0.825,HIGH BBB Penetration,2.0,395.5,5.42,49.81,5.0,0.0,1.0,0,0,CHEMBL1555736,ChEMBL API,,0.6424625039100647,41.29507561070182,1.66,1.3740733545469856,54,in,49.8,5.42,,,2.0,1.3740733545469856,2.1387603886363706,True,A  both predictors agree,27,26
56,Escitalopram oxalate,-1.528,0.23,1.323,0.7,HIGH BBB Penetration,4.0,414.43,3.81,36.26,3.0,0.0,0.0,0,0,CHEMBL1200322,ChEMBL API,,0.7258622765541076,48.66227219852656,1.528,1.3710056919475784,55,out,110.9,2.97,,,4.0,1.3710056919475784,1.888795900037905,False,B  predictors disagree,28,48
37,Axitinib,-1.559,0.199,1.605,0.825,HIGH BBB Penetration,4.0,386.48,4.64,70.67,4.0,2.0,0.0,0,0,CHEMBL1289926,ChEMBL API,,0.695048713684082,46.2582396277627,1.559,1.3529583169891024,56,in,70.7,4.64,,,4.0,1.3529583169891024,1.9465661763731537,True,A  both predictors agree,29,42
6,oxolinic acid,-1.898,0.0319,2.616,1.0,HIGH BBB Penetration,2.0,261.23,1.45,77.76,5.0,1.0,0.0,0,0,CHEMBL416755,ChEMBL API,,0.5043112635612488,30.78712679333075,1.898,1.318690811781868,57,out,77.8,1.45,,,2.0,1.318690811781868,2.6148351366768803,False,B  predictors disagree,30,9
28,nicotinic acid,-1.679,0.151,1.795,0.825,HIGH BBB Penetration,4.0,123.11,0.78,50.19,2.0,1.0,0.0,0,0,CHEMBL573,ChEMBL API,,0.5815302968025208,36.21558743699108,1.679,1.2651685569257984,58,in,50.2,0.78,,,4.0,1.2651685569257984,2.1755849418030087,True,A  both predictors agree,31,24
35,taurine,-1.564,0.176,1.614,0.825,HIGH BBB Penetration,3.0,125.15,-1.17,80.39,3.0,2.0,0.0,0,0,CHEMBL239243,ChEMBL API,,0.6458081543445587,41.56649864288484,1.564,1.2631608227390925,59,out,80.4,-1.17,,,3.0,1.2631608227390925,1.955938174892039,False,B  predictors disagree,32,40
69,terfenadine,-1.487,0.239,1.042,0.575,MODERATE BBB Penetration,4.0,471.69,6.45,43.7,3.0,2.0,1.0,0,0,CHEMBL17157,ChEMBL API,,0.6382230043411254,41.139976735168666,1.487,1.1572812232132046,61,out,43.7,6.45,,,4.0,1.1572812232132046,1.8132866025534962,False,B  predictors disagree,33,52
79,Bortezomib,-1.786,0.063,0.597,0.25,LOW BBB Penetration,3.0,384.25,,,,,,0,0,CHEMBL325041,ChEMBL API,,0.4841887116432189,29.70143466459868,1.786,1.1556779893422466,62,out,124.4,0.36,,,3.0,1.1556779893422464,2.3868338140725256,False,B  predictors disagree,34,18
65,ketoconazole,-1.788,0.0794,1.076,0.45,LOW BBB Penetration,4.0,531.44,4.21,69.06,7.0,0.0,1.0,0,0,CHEMBL295698,ChEMBL API,,0.4472002029418945,27.41372625048468,1.788,1.0691860005307252,64,in,69.1,4.21,-0.28,,4.0,1.069186000530725,2.3908441755999075,False,B  predictors disagree,35,17
46,econazole,-1.484,0.221,1.492,0.825,HIGH BBB Penetration,4.0,381.69,5.8,27.05,3.0,0.0,1.0,0,0,CHEMBL808,ChEMBL API,,0.5892313361167908,36.487010469174095,1.484,1.065213560645539,65,in,27.1,5.8,,,4.0,1.065213560645539,1.8078019537548906,True,A  both predictors agree,36,53
78,Ademetionine,-1.529,0.229,0.615,0.325,LOW BBB Penetration,3.0,398.45,-3.26,185.46,11.0,4.0,1.0,0,0,CHEMBL1088977,ChEMBL API,,0.5528693616390228,33.85032958511051,1.529,1.04528267300189,66,out,185.5,-3.26,,,3.0,1.04528267300189,1.8906503878295424,False,B  predictors disagree,37,47
75,CHLOROGENIC ACID,-1.802,0.0437,0.786,0.325,LOW BBB Penetration,2.0,354.31,-0.65,164.75,8.0,6.0,1.0,0,0,CHEMBL284616,ChEMBL API,,0.4079567044973373,24.932144241954244,1.802,0.9868388870701388,67,out,164.8,-0.65,,,2.0,0.9868388870701387,2.418979455886304,False,B  predictors disagree,38,15
21,mesalazine,-1.975,0.00719,1.942,0.7,HIGH BBB Penetration,4.0,153.14,0.67,83.55,3.0,3.0,0.0,0,0,CHEMBL704,ChEMBL API,,0.338836333155632,20.395502132609536,1.975,0.9404606376405288,69,out,83.5,0.67,,,4.0,0.9404606376405289,2.7755601912046513,False,B  predictors disagree,39,4
51,propantheline bromide,-1.629,0.177,1.455,0.7,HIGH BBB Penetration,4.0,448.4,4.73,35.53,3.0,0.0,0.0,0,0,CHEMBL1240,ChEMBL API,,0.410472659766674,25.12601783637069,1.629,0.8534259847843183,71,in,35.5,1.73,,,4.0,0.8534259847843183,2.079129911525492,False,B  predictors disagree,40,30
40,6-Thioguanine,-1.695,0.161,1.545,0.7,HIGH BBB Penetration,4.0,167.2,0.6,83.38,4.0,3.0,0.0,0,0,CHEMBL727,ChEMBL API,,0.3727987721562386,22.60566110895696,1.695,0.8226763775842649,72,out,83.4,0.6,,,4.0,0.8226763775842649,2.2067572079864157,False,B  predictors disagree,41,22
61,paroxetine,-1.581,0.197,1.143,0.575,MODERATE BBB Penetration,4.0,749.68,3.33,39.72,4.0,1.0,0.0,0,0,CHEMBL6067650,ChEMBL API,,0.3985646456480026,24.50562233423808,1.581,0.7923126269046218,73,out,110.9,6.67,,,4.0,0.7923126269046217,1.987914973282308,False,B  predictors disagree,42,37
62,succinylsulfathiazole,-1.484,0.226,1.13,0.625,MODERATE BBB Penetration,2.0,355.4,1.75,125.46,6.0,3.0,0.0,0,0,CHEMBL1484857,ChEMBL API,,0.3475712776184082,20.860798759209,1.484,0.6283400347476419,77,out,125.5,1.75,,,2.0,0.6283400347476419,1.8078019537548906,False,B  predictors disagree,43,53
52,benzethonium chloride,-1.589,0.198,1.402,0.7,HIGH BBB Penetration,2.0,448.09,6.07,18.46,2.0,0.0,1.0,0,0,CHEMBL221753,ChEMBL API,,0.3072468072175979,18.8832880961613,1.589,0.6154222934875789,78,in,18.5,3.08,,,2.0,0.6154222934875788,2.0030225832476276,False,B  predictors disagree,44,34
92,cefotiam,-1.826,0.0212,0.185,0.075,LOW BBB Penetration,4.0,598.56,-0.65,172.46,13.0,3.0,2.0,0,0,CHEMBL4303232,ChEMBL API,,0.2174090310931205,13.60992632803412,1.826,0.5364493709416107,79,out,172.5,0.19,,,4.0,0.5364493709416105,2.467465901689424,False,B  predictors disagree,45,14
43,betulinic acid,-1.922,0.019,1.532,0.575,MODERATE BBB Penetration,1.0,456.71,7.09,57.53,2.0,2.0,1.0,0,0,CHEMBL269277,ChEMBL API,,0.1960885100066662,12.330360604885614,1.922,0.5224950994683382,80,out,57.5,7.09,,,1.0,0.5224950994683382,2.664588044707849,False,B  predictors disagree,46,7
53,estropipate,-1.588,0.155,1.401,0.7,HIGH BBB Penetration,4.0,436.57,3.29,80.67,4.0,1.0,0.0,0,0,CHEMBL1200980,ChEMBL API,,0.2328108832240104,14.385420705699882,1.588,0.4658853194535975,81,out,104.7,2.47,,,4.0,0.4658853194535974,2.001132047617048,False,B  predictors disagree,47,35
76,Carfilzomib,-1.979,0.0437,0.696,0.25,LOW BBB Penetration,4.0,719.92,2.58,158.47,8.0,4.0,1.0,0,0,CHEMBL451887,ChEMBL API,,0.1341812580823898,8.646762310973244,1.979,0.3735601583370742,83,out,158.5,2.58,,,4.0,0.373560158337074,2.783996540766529,False,B  predictors disagree,48,3
72,benserazide,-1.966,0.00815,0.896,0.325,LOW BBB Penetration,3.0,257.25,-1.76,148.07,7.0,7.0,1.0,0,0,CHEMBL1096979,ChEMBL API,,0.113597571849823,7.173322993408298,1.966,0.3131441614081396,85,out,148.1,-1.76,,,3.0,0.3131441614081396,2.7566096379429568,False,B  predictors disagree,49,5
29,salbutamol,-1.608,0.207,1.784,0.875,HIGH BBB Penetration,4.0,239.31,1.31,72.72,4.0,4.0,0.0,0,0,CHEMBL714,ChEMBL API,,0.1499424248933792,9.654905001938737,1.608,0.3057409401309255,87,out,72.7,1.31,-1.3,,4.0,0.30574094013092545,2.0390555931607164,False,B  predictors disagree,50,32
18,metoprolol,-1.908,0.0235,1.977,0.75,HIGH BBB Penetration,4.0,652.83,1.61,50.72,4.0,2.0,0.0,0,0,CHEMBL2356097,ChEMBL API,,0.0979013115167617,6.087630864676231,1.908,0.2580216008082314,88,out,176.0,3.16,1.15,,4.0,0.25802160080823117,2.6355275206303572,False,B  predictors disagree,51,8
93,doxorubicin,-1.626,0.109,0.155,0.075,LOW BBB Penetration,4.0,543.53,0.0,206.07,12.0,6.0,3.0,0,0,CHEMBL53463,ChEMBL API,,0.0637194875627756,3.5672741372625048,1.626,0.1321152912161191,90,out,206.1,0.0,-0.83,,4.0,0.13211529121611912,2.073389103858704,False,B  predictors disagree,52,31
96,amphotericin b,-1.533,0.188,0.142,0.075,LOW BBB Penetration,4.0,924.09,0.71,319.61,17.0,12.0,3.0,0,0,CHEMBL267345,ChEMBL API,,0.0511172132566571,2.5979061651803024,1.533,0.0970242740038618,91,out,319.6,0.71,,,4.0,0.0970242740038618,1.8980744023878515,False,B  predictors disagree,53,46
94,gossypol,-1.557,0.131,0.146,0.075,LOW BBB Penetration,3.0,518.56,6.38,155.52,8.0,6.0,3.0,0,0,CHEMBL51483,ChEMBL API,,0.0477668780833482,2.404032570763862,1.557,0.0928025215653708,92,out,155.5,6.38,,,3.0,0.09280252156537068,1.94282158033104,False,B  predictors disagree,54,44
