sample	B cells naive	B cells memory	Plasma cells	T cells CD8	T cells CD4 naive	T cells CD4 memory resting	T cells CD4 memory activated	T cells follicular helper	T cells regulatory (Tregs)	T cells gamma delta	NK cells resting	NK cells activated	Monocytes	Macrophages M0	Macrophages M1	Macrophages M2	Dendritic cells resting	Dendritic cells activated	Mast cells resting	Mast cells activated	Eosinophils	Neutrophils	P-value	Correlation	RMSE
C2B	0	0.0825789575704823	0.00745420584606898	0	0.180413437026114	0.29513458032156	0	0	0	0	0	0.0598916700290902	0.0156515021621101	0.0898371025278984	0	0	0	0.115313896265926	0.153724648250751	0	0	0	0.996	-0.0579009792321801	1.12119662784071
IL64B	0	0	0.127530388866213	0	0.134089607902197	0	0.0451903092543357	0	0.107719737419437	0.0541357466635158	0	0	0.267668084155555	0.093246337686721	0	0	0	0.0754443777176376	0	0.0533386236725378	0.0416367866618504	0	0.66	-0.00871315924376954	1.08212889319982
IL66B	0	0	0	0	0.260633400391506	0.29303178159427	0	0	0	0.0384478473619995	0	0.0575095831821541	0	0.0950635383088273	0	0	0	0.0762088918692654	0.176001448711198	0	0.00310350858077931	0	0.953	-0.0403940327406985	1.1358761384882
IL67B	0	0	0.0324286567270692	0	0.31506099487038	0.111905927160261	0	0	0	0	0.0544737880986666	0	0	0.200538765851156	0	0	0	0.201181587590471	0	0.0601075602596192	0.0243027194423779	0	0.977	-0.0459216629401207	1.12636500762812
IL68B	0	0.00495040379110941	0.0028661888144494	0	0.224439675781116	0.0299866825200956	0	0.0202664028585697	0	0	0.134034330291353	0	0.0122590834213218	0.0895986897013555	0	0	0	0.178132742615836	0	0.0690259135280878	0.234439886676706	0	0.98	-0.0466589401714821	1.11475553429733
IL69B	0	0	0.0420127367117718	0	0.18423750452532	0.253340587607385	0	0	0	0.0159867163559706	0	0.0664015354654693	0	0.180630689420538	0	0	0	0.0882833292958864	0.131394280428508	0	0.037712620189151	0	0.986	-0.0479282969829483	1.11249788744593
N168B	0.121438122232194	0	0.0415745979367425	0	0.0455487124677515	0.328192539084593	0.0262544943644556	0	0	0	0	0.0883863772587533	0.0852327525308875	0.0794862984980776	0.0204823557526999	0	0.011961226037671	0.0523480634685954	0.0990944603675784	0	0	0	0.999	-0.0914935991181337	1.12024096003521
N269B	0	0	0.0119615115200663	0.0155388797575381	0.0865991380416475	0.378539958816116	0	0.0199830662129535	0	0	0	0.0956865102421805	0.210235054299166	0.0828371666889502	0.00547991375247081	0	0	0.00538126194779559	0.0522818442678557	0	0.0354756944532598	0	0.995	-0.0544773116527553	1.12702790523628
NL70B	0	0	0	0	0.152863058384186	0.419415325006853	0	0	0	0	0	0	0.00330144362810533	0.0428521725518856	0.0300093610532288	0	0	0.161006859268637	0	0.190551780107104	0	0	0.923	-0.0340420050806742	1.14566083087162
NL71B	0	0	0	0	0.229326801593403	0.106922141985236	0	0	0	0	0.11938614053774	0	0	0.157413624009483	0	0	0	0.111481548879756	0	0.148904655231257	0.126565087763123	0	0.984	-0.0477176498755131	1.11873064246289
