sample	astrocyte	neuron	OPC	newly_formed_oligodendrocyte	myelinating_oligodendrocyte	endothelial	TAM_MG	TAM_BMDM	normal_MG	blood_Ly6Chi_monocyte	P-value	Correlation	RMSE	null_fitted	null_degenerate
IL67B	0.14990203896184	0.145003916958065	0.140698590559663	0.21855268055886	0	0.101267030382359	0.0499664792253961	0.115420283427703	0.0387801706465527	0.0404088092795605	0.004	0.291337558432228	0.958620052987976	1000	0
IL68B	0.113236425038177	0.14245566163839	0.17404604642273	0.171575191694611	0	0.107098507545323	0.09345021931385	0.0803174967228666	0.0701695034349002	0.0476509481891517	0.004	0.358280824167329	0.950012314292064	1000	0
IL69B	0.100280676303532	0.136582935826517	0.11528439513617	0.0665802677282533	0	0.0945442934405893	0.121233980450371	0.271949067111092	0.0186129269983053	0.07493145700517	0.005	0.247318257951707	0.975328301557602	1000	0
IL66B	0.186746970920323	0.210415361035025	0.140417959437242	0.183019177701762	0	0.0924406851794539	0.0443113651454103	0.0654743824205442	0.0404368198795194	0.0367372782807204	0.004	0.292671213721656	0.961517743050831	1000	0
NL70B	0.0768846493346102	0.135190645682159	0.10840242188137	0.0769625601427461	0	0.0668730035604485	0.0180385403919195	0.43310796759238	0.0146968929048464	0.06984331850952	0	0.773334385309772	0.87219551493565	1000	0
NL71B	0.111458869685543	0.0516548428503946	0.0968250937957337	0.048658117466223	0	0.0754969940609296	0.0661379515585766	0.497811135152286	0	0.0519569954303134	0	0.76659683809086	0.865214097126399	1000	0
IL64B	0.146117818208255	0.443596592459416	0.104158671220818	0.222937815293513	0	0.0659091074395824	0	0.00282230229793926	0.014457693080476	0	0	0.751077037667597	0.844344375609877	1000	0
N168B	0.212241866129993	0.381906839225523	0.171990875068721	0.173184444660278	0	0.0440682608278903	0.00623376926187309	0	0.00995723978532841	0.000416705040392935	0.002	0.506423508059154	0.922426478301909	1000	0
N269B	0.160384372400692	0.34636639367039	0.172658414026485	0.167020849679093	0	0.0893980789740062	0.0239429881638018	0.0316284766389518	0.00406442388775389	0.0045360025588262	0.004	0.319791126707752	0.958547805603186	1000	0
