sample	MES	AC	OPC	NPC	Macrophage	Oligodendrocyte	T-cell	P-value	Correlation	RMSE
C2B	0.235578362110558	0.370229350270515	0.0100855141682026	0.382775205560523	0	0	0.00133156789020116	0.004	0.213481098114685	0.984830672091214
IL64B	0.0012857450605204	0.00960921487097325	0	0.912060238156334	0	0.0631343980700333	0.0139104038421388	0.004	0.203716155443015	0.98340417331213
IL66B	0.139410457725143	0.323189255917929	0.0188823503773266	0.503710851691462	0	0.00109778745446934	0.0137092968336706	0.003	0.232048642852938	0.9749746963575
IL67B	0.434682141620003	0.147672429195564	0.0310527657814356	0.37959974224279	0	0	0.0069929211602074	0.004	0.202464949565897	0.998795326333598
IL68B	0.626890658633278	0.0920168376075625	0.00956687822464766	0.259145849204132	0	3.34095622262369e-05	0.0123463667681538	0.003	0.238656573848619	1.00812973060835
IL69B	0.456227255391572	0.173822323993627	0	0.368500130388337	0	0	0.00145029022646323	0.004	0.20913513825747	0.999741141526741
N168B	0.40846458810225	0.205888608489127	0	0.343214353487567	0	0.0255322340329993	0.0169002158880575	0.021	0.101679790694944	1.03666104615123
N269B	0.194432443291477	0.184048564584631	0.0479661315377693	0.550390552403801	0	0.0134732066974471	0.0096891014848743	0.00800000000000001	0.175568539163106	0.991019249051296
NL70B	0.511844733742643	0.167596854411101	0	0.315908044354334	0	0	0.00465036749192145	0.002	0.255434674333874	0.986155188542839
NL71B	0.383094932581763	0.165423374496403	0.0165462519402416	0.42320388866972	0	0	0.011731552311872	0.002	0.254629465714767	0.974469027736244
