sample	TAM_MG	TAM_BMDM	normal_MG	blood_Ly6Chi_monocyte	P-value	Correlation	RMSE	null_fitted	null_degenerate
IL67B	0.345246770541289	0	0.654753229458711	0	0.321321321321321	0.0385278012853755	1.17284052618077	999	1
IL68B	0.168036289632874	0.192992716390925	0.638970993976201	0	0.313313313313313	0.0405770312881394	1.1545853962426	999	1
IL69B	0.370357135248994	0.365494653638059	0.264148211112947	0	0.209209209209209	0.0783265415557089	1.02364684200959	999	1
IL66B	0.575606606088132	0.0599371663521722	0.364456227559696	0	0.422422422422422	0.0145405588265814	1.0788049447604	999	1
NL70B	0.495835730181171	0.412394702198396	0.0917695676204331	0	0.417417417417417	0.0153982520730006	1.01560576149098	999	1
NL71B	0.754198912956042	0.245801087043958	0	0	0.321321321321321	0.0385628943951491	1.00697916547396	999	1
IL64B	0.208810371840161	0	0.736217178737689	0.0549724494221498	0.618618618618619	-0.0155228821913457	1.2392806172295	999	1
N168B	0	0	1	0	0.571571571571572	-0.00989291330097618	1.37208383402948	999	1
N269B	0.530023569771245	0	0.469976430228755	0	0.604604604604605	-0.0139404226141319	1.1279041269545	999	1
