sample	MES	AC	OPC	NPC	P-value	Correlation	RMSE
C2B	0.161321244567013	0.456826140070003	0	0.381852615362983	0.025	0.192914778762731	1.09679948477242
IL64B	0.00365209807719811	0	0	0.996347901922802	0.174	0.037182744014682	1.13023969389443
IL66B	0.137456367720163	0.511814177248903	0	0.350729455030934	0.019	0.214996628864977	1.0918749417005
IL67B	0.349896050382223	0.318887665624351	0	0.331216283993426	0.024	0.194189720827348	1.13719936978413
IL68B	0.62366502046611	0.166901132802316	0	0.209433846731574	0.024	0.195638393387004	1.2980232341237
IL69B	0.38445854171505	0.398318515029268	0	0.217222943255682	0.019	0.214706735540508	1.16476737347701
N168B	0.172461266746944	0.519714090864646	0.00939156081366553	0.298433081574744	0.052	0.116046800482388	1.16771094113024
N269B	0.164132612266001	0.38724892751388	0	0.44861846022012	0.031	0.159341370526962	1.10040451203641
NL70B	0.454712498650035	0.305839035178172	0	0.239448466171793	0.02	0.212380735209992	1.18560264057816
NL71B	0.354184078789282	0.313983014977249	0	0.331832906233469	0.015	0.226435582646202	1.11623020247213
