sample	stemcell_tumor	myeloid	differentiated_tumor	prolif_stemcell_tumor	oligodendrocyte	t_cell	granulocyte	pericyte	endothelial	dendritic_cell	fibroblast	b_cell	P-value	Correlation	RMSE
C2B	0	0	0	0.935366548373635	0.00583239530499483	0	0.0128660283477956	0.00672241868751337	0.0178610807996733	0	0.00899838740563468	0.0123531410807535	0	0.192178924743978	1.01302807755964
IL64B	0	0	0.0803136866899034	0.20343316637007	0.192573951326311	0.122995765468623	0.133734895875259	0.116277024101732	0.0808946398065983	0	0	0.0697768703615028	0	0.0978265388232002	1.04900397187332
IL66B	0	0	0	0.932179687480036	0.0126196752338726	0.00031809557258196	0.00416854833642387	0.00162331257793269	0.0325529067516833	0	0.00878172478679524	0.00775604926067475	0	0.154993116601275	1.02875414407727
IL67B	0	0	0.047167906421565	0.876438325969451	0.00597528958333546	0.000518482161711285	0.00758503290000449	0.00253070479891021	0.0366641922243842	0	0.0157811948547669	0.00733887108587174	0	0.165274759207518	1.02347880497131
IL68B	0	0	0	0.91640153967139	0.00870104018277827	0.0041591536279865	0.0181444359991494	0.00603300949027124	0.0195308247802755	0	0.0107151389612253	0.0163148572869236	0	0.112267129158678	1.04499344001839
IL69B	0	0	0.0176487095098991	0.90722823617528	0.00571542386475673	0.000895532875438573	0.00713141851865544	0.00214709367666756	0.0371421519962253	0	0.0135514075697533	0.0085400258133236	0	0.174736938240014	1.01958559702456
N168B	0	0	0	0.875997268864065	0.025103688808637	0.000898232045692138	0.0136216034390138	0.000146965628503964	0.0721448767321675	0	0.00885433582985332	0.00323302865206671	0	0.0884270911818393	1.05090986452682
N269B	0	0	0	0.904126850101122	0.0117333735501938	0.00115437234411201	0.00331545757234799	0	0.0448220740428476	0	0.0275536272303013	0.00729424515907552	0	0.168104078531276	1.02164576684199
NL70B	0	0	0	0.925448060296153	0.00572086937702031	0.000285613385817449	0.00666900039981184	0.000518864311264734	0.038137991044421	0	0.0182787076682315	0.00494089351728047	0	0.22938116788001	0.996339972466129
NL71B	0	0	0	0.940347532270965	0.00693892943987237	4.73762084084775e-05	0.00486068030139038	0	0.0320260861177979	0	0.00852258856109506	0.00725680710047037	0	0.192016300940849	1.0134369306909
