sample	stemcell_tumor	prolif_stemcell_tumor	differentiated_tumor	P-value	Correlation	RMSE
C2B	0	1	0	0	0.183633513941848	1.25817219993644
IL64B	0	1	0	0.03	0.0466857293888654	1.35954070388847
IL66B	0	0.988803768580183	0.0111962314198167	0	0.148913674209473	1.28403366008268
IL67B	0	0.935113826810938	0.0648861731890624	0	0.157375301765726	1.27538964305499
IL68B	0	0.97816372638707	0.0218362736129301	0	0.108054449179226	1.31393199386606
IL69B	0	0.968663576180163	0.0313364238198372	0	0.166802897710654	1.26952512219398
N168B	0	0.933415042983283	0.0665849570167166	0.01	0.0824759299797324	1.3307584084122
N269B	0	0.991784685374228	0.00821531462577179	0	0.154194337900285	1.28020081257756
NL70B	0	0.989752909651364	0.010247090348636	0	0.217379523631534	1.23139111809094
NL71B	0	1	0	0	0.184523329754562	1.25748684052582
