sample	CT	CTmvp	CTpan	LE	P-value	Correlation	RMSE
C2B	0.15676715122894	0	0.84323284877106	0	0.049	0.165154223637889	1.44289746480348
IL64B	0	0	0	1	0.001	0.423327124189545	1.03815648806735
IL66B	0.678883695227746	0	0.321116304772254	0	0.0610000000000001	0.151009144135521	1.2534455539249
IL67B	0.202178499116068	0	0.797821500883932	0	0.025	0.220118646893473	1.36973646610725
IL68B	0	0.0100524599073702	0.98994754009263	0	0.029	0.204609259328434	1.50072340105128
IL69B	0.200416614097985	0.000174756188150263	0.799408629713865	0	0.029	0.204369201624319	1.38407727376498
N168B	0	0	0.540939029479418	0.459060970520582	0.032	0.197653538777906	1.19548813055978
N269B	0.484232101218426	0	0.449043563925242	0.0667243348563317	0.0679999999999999	0.137037955481311	1.26641799384424
NL70B	0	0.00978652297471821	0.988473513981698	0.00173996304358359	0.025	0.221779157792484	1.48390593620019
NL71B	0.373409604569929	0	0.626590395430071	0	0.039	0.178245173625859	1.32026524690666
