condition	seed	set	lead	side	size	NES	nom_p	fdr_q	fwer_p	rank_by_q
full	1234	KEGG_MEDICUS_REFERENCE_TRANSLATION_INITIATION	True	down	80	-1.9908375	0.0	0.02184563	0.022	1
full	1234	REACTOME_EUKARYOTIC_TRANSLATION_ELONGATION	True	down	91	-1.956947	0.0	0.15752324	0.272	3
full	1234	REACTOME_RESPONSE_OF_EIF2AK4_GCN2_TO_AMINO_ACID_DEFICIENCY	True	down	99	-1.9508193	0.0	0.14603627	0.355	2
full	1234	KEGG_RIBOSOME	True	down	85	-1.9398143	0.0	0.2039984	0.555	5
full	1234	REACTOME_SELENOAMINO_ACID_METABOLISM	True	down	112	-1.9390899	0.0020920502	0.16894068	0.565	4
full	1234	REACTOME_CELLULAR_RESPONSE_TO_STARVATION	True	down	150	-1.9277046	0.0	0.24665302	0.771	6
full	1234	GOBP_RIBOSOME_BIOGENESIS	False	down	321	-1.6189523	0.053359684	0.74530923	1.0	4620
full	1234	HALLMARK_MTORC1_SIGNALING	False	down	196	-1.4551634	0.06477733	0.5999317	1.0	64
full	1234	HALLMARK_MYC_TARGETS_V1	False	down	200	-1.2891024	0.14770459	0.6169168	1.0	705
full	1234	HALLMARK_GLYCOLYSIS	False	down	182	-1.5695281	0.054580897	0.66631925	1.0	2653
full	1234	HALLMARK_OXIDATIVE_PHOSPHORYLATION	False	down	200	-1.4539582	0.06396589	0.6002231	1.0	72
full	1234	REACTOME_CITRIC_ACID_CYCLE_TCA_CYCLE	False	down	22	-0.6702042	0.8706697	0.9440135	1.0	8264
full	1234	SEMENZA_HIF1_TARGETS	False	down	33	-1.7862871	0.01635514	1.0	1.0	8722
full	1234	BUFFA_HYPOXIA_METAGENE	False	down	50	-1.7888658	0.01146789	1.0	1.0	8722
full	1234	HALLMARK_MITOTIC_SPINDLE	False	up	199	1.7627819	0.004016064	1.0	1.0	8722
full	1234	HALLMARK_G2M_CHECKPOINT	False	up	198	1.7129983	0.007677543	1.0	1.0	8722
full	1234	HALLMARK_E2F_TARGETS	False	up	198	1.4837915	0.025793651	0.68738306	1.0	3312
full	1234	REACTOME_CHOLESTEROL_BIOSYNTHESIS	False	up	26	1.5054753	0.027777778	0.73333913	1.0	4392
full	1	KEGG_MEDICUS_REFERENCE_TRANSLATION_INITIATION	True	down	80	-1.974861	0.0	0.0257683	0.101	3
full	1	REACTOME_EUKARYOTIC_TRANSLATION_ELONGATION	True	down	91	-1.9809068	0.0	0.031203048	0.063	4
full	1	REACTOME_RESPONSE_OF_EIF2AK4_GCN2_TO_AMINO_ACID_DEFICIENCY	True	down	99	-1.9799942	0.0	0.022786947	0.069	2
full	1	KEGG_RIBOSOME	True	down	85	-1.9256963	0.0	0.19968237	0.797	8
full	1	REACTOME_SELENOAMINO_ACID_METABOLISM	True	down	112	-1.9364394	0.0	0.15339483	0.595	7
full	1	REACTOME_CELLULAR_RESPONSE_TO_STARVATION	True	down	150	-1.9362421	0.0	0.13232888	0.597	6
full	1	GOBP_RIBOSOME_BIOGENESIS	False	down	321	-1.6560763	0.049309663	0.8362948	1.0	6622
full	1	HALLMARK_MTORC1_SIGNALING	False	down	196	-1.4317535	0.08282828	0.6140206	1.0	562
full	1	HALLMARK_MYC_TARGETS_V1	False	down	200	-1.2810214	0.146	0.62006503	1.0	744
full	1	HALLMARK_GLYCOLYSIS	False	down	182	-1.5835817	0.036217302	0.6974728	1.0	3594
full	1	HALLMARK_OXIDATIVE_PHOSPHORYLATION	False	down	200	-1.4203882	0.07786885	0.61182773	1.0	444
full	1	REACTOME_CITRIC_ACID_CYCLE_TCA_CYCLE	False	down	22	-0.6792274	0.8497758	0.938202	1.0	8228
full	1	SEMENZA_HIF1_TARGETS	False	down	33	-1.7291363	0.016091954	1.0	1.0	8720
full	1	BUFFA_HYPOXIA_METAGENE	False	down	50	-1.7839262	0.006521739	1.0	1.0	8720
full	1	HALLMARK_MITOTIC_SPINDLE	False	up	199	1.7682945	0.0	1.0	1.0	8720
full	1	HALLMARK_G2M_CHECKPOINT	False	up	198	1.7163061	0.004016064	1.0	1.0	8720
full	1	HALLMARK_E2F_TARGETS	False	up	198	1.4903818	0.040899795	0.70849824	1.0	3861
full	1	REACTOME_CHOLESTEROL_BIOSYNTHESIS	False	up	26	1.4781373	0.042477876	0.6829344	1.0	3048
full	2	KEGG_MEDICUS_REFERENCE_TRANSLATION_INITIATION	True	down	80	-1.9726622	0.0	0.06694685	0.124	4
full	2	REACTOME_EUKARYOTIC_TRANSLATION_ELONGATION	True	down	91	-1.9614892	0.0	0.06551429	0.231	3
full	2	REACTOME_RESPONSE_OF_EIF2AK4_GCN2_TO_AMINO_ACID_DEFICIENCY	True	down	99	-1.9256126	0.0	0.17364039	0.826	11
full	2	KEGG_RIBOSOME	True	down	85	-1.9430395	0.0	0.14800757	0.542	7
full	2	REACTOME_SELENOAMINO_ACID_METABOLISM	True	down	112	-1.9941455	0.0	0.02980307	0.029	1
full	2	REACTOME_CELLULAR_RESPONSE_TO_STARVATION	True	down	150	-1.9325242	0.0	0.15835448	0.728	9
full	2	GOBP_RIBOSOME_BIOGENESIS	False	down	321	-1.6362029	0.05108055	0.8092777	1.0	6120
full	2	HALLMARK_MTORC1_SIGNALING	False	down	196	-1.4479547	0.097222224	0.6096365	1.0	436
full	2	HALLMARK_MYC_TARGETS_V1	False	down	200	-1.2676528	0.16432866	0.61957663	1.0	790
full	2	HALLMARK_GLYCOLYSIS	False	down	182	-1.5682796	0.047210302	0.68148655	1.0	3113
full	2	HALLMARK_OXIDATIVE_PHOSPHORYLATION	False	down	200	-1.3986003	0.107074566	0.5967748	1.0	59
full	2	REACTOME_CITRIC_ACID_CYCLE_TCA_CYCLE	False	down	22	-0.6831879	0.8568019	0.93611515	1.0	8172
full	2	SEMENZA_HIF1_TARGETS	False	down	33	-1.7631191	0.0045351475	1.0	1.0	8700
full	2	BUFFA_HYPOXIA_METAGENE	False	down	50	-1.7872639	0.0064935065	1.0	1.0	8700
full	2	HALLMARK_MITOTIC_SPINDLE	False	up	199	1.7353423	0.0019880715	1.0	1.0	8700
full	2	HALLMARK_G2M_CHECKPOINT	False	up	198	1.7322432	0.003816794	1.0	1.0	8700
full	2	HALLMARK_E2F_TARGETS	False	up	198	1.477939	0.030131826	0.67135745	1.0	2869
full	2	REACTOME_CHOLESTEROL_BIOSYNTHESIS	False	up	26	1.4978533	0.020183487	0.7068743	1.0	3877
full	3	KEGG_MEDICUS_REFERENCE_TRANSLATION_INITIATION	True	down	80	-1.9341949	0.0	0.13921341	0.656	7
full	3	REACTOME_EUKARYOTIC_TRANSLATION_ELONGATION	True	down	91	-1.9506108	0.0	0.08927873	0.36	4
full	3	REACTOME_RESPONSE_OF_EIF2AK4_GCN2_TO_AMINO_ACID_DEFICIENCY	True	down	99	-1.9561275	0.0	0.077715434	0.268	3
full	3	KEGG_RIBOSOME	True	down	85	-1.9575465	0.0	0.09405106	0.249	5
full	3	REACTOME_SELENOAMINO_ACID_METABOLISM	True	down	112	-1.9377989	0.0	0.15258598	0.578	9
full	3	REACTOME_CELLULAR_RESPONSE_TO_STARVATION	True	down	150	-1.9820495	0.0	0.058496777	0.057	2
full	3	GOBP_RIBOSOME_BIOGENESIS	False	down	321	-1.6290747	0.040384617	0.7665176	1.0	5049
full	3	HALLMARK_MTORC1_SIGNALING	False	down	196	-1.4726766	0.07495069	0.6097444	1.0	348
full	3	HALLMARK_MYC_TARGETS_V1	False	down	200	-1.3000661	0.13279678	0.61298245	1.0	550
full	3	HALLMARK_GLYCOLYSIS	False	down	182	-1.565683	0.048879836	0.6739948	1.0	2845
full	3	HALLMARK_OXIDATIVE_PHOSPHORYLATION	False	down	200	-1.3971016	0.09393346	0.6115236	1.0	435
full	3	REACTOME_CITRIC_ACID_CYCLE_TCA_CYCLE	False	down	22	-0.6678418	0.8680556	0.94563866	1.0	8288
full	3	SEMENZA_HIF1_TARGETS	False	down	33	-1.7461885	0.01754386	1.0	1.0	8717
full	3	BUFFA_HYPOXIA_METAGENE	False	down	50	-1.7604074	0.010615711	1.0	1.0	8717
full	3	HALLMARK_MITOTIC_SPINDLE	False	up	199	1.7693309	0.002	1.0	1.0	8717
full	3	HALLMARK_G2M_CHECKPOINT	False	up	198	1.6878661	0.008130081	1.0	1.0	8717
full	3	HALLMARK_E2F_TARGETS	False	up	198	1.4838974	0.04453441	0.68171656	1.0	3116
full	3	REACTOME_CHOLESTEROL_BIOSYNTHESIS	False	up	26	1.4958721	0.040885862	0.7087879	1.0	3916
full	4	KEGG_MEDICUS_REFERENCE_TRANSLATION_INITIATION	True	down	80	-1.9131751	0.0	0.31222162	0.942	10
full	4	REACTOME_EUKARYOTIC_TRANSLATION_ELONGATION	True	down	91	-1.9405212	0.0	0.1305251	0.548	5
full	4	REACTOME_RESPONSE_OF_EIF2AK4_GCN2_TO_AMINO_ACID_DEFICIENCY	True	down	99	-1.9480311	0.0	0.1023096	0.399	3
full	4	KEGG_RIBOSOME	True	down	85	-1.9489379	0.0	0.122425266	0.385	4
full	4	REACTOME_SELENOAMINO_ACID_METABOLISM	True	down	112	-1.9509078	0.0	0.14770654	0.351	6
full	4	REACTOME_CELLULAR_RESPONSE_TO_STARVATION	True	down	150	-1.9165763	0.0021008404	0.30446604	0.919	9
full	4	GOBP_RIBOSOME_BIOGENESIS	False	down	321	-1.6057833	0.059160307	0.68828356	1.0	3308
full	4	HALLMARK_MTORC1_SIGNALING	False	down	196	-1.4466174	0.077568136	0.60034806	1.0	113
full	4	HALLMARK_MYC_TARGETS_V1	False	down	200	-1.2888865	0.14143427	0.6145627	1.0	580
full	4	HALLMARK_GLYCOLYSIS	False	down	182	-1.5831113	0.050526317	0.6554839	1.0	2481
full	4	HALLMARK_OXIDATIVE_PHOSPHORYLATION	False	down	200	-1.4154122	0.08	0.6046673	1.0	218
full	4	REACTOME_CITRIC_ACID_CYCLE_TCA_CYCLE	False	down	22	-0.68164825	0.8351893	0.9369641	1.0	8195
full	4	SEMENZA_HIF1_TARGETS	False	down	33	-1.735237	0.011547344	1.0	1.0	8719
full	4	BUFFA_HYPOXIA_METAGENE	False	down	50	-1.8018198	0.007025761	1.0	1.0	8719
full	4	HALLMARK_MITOTIC_SPINDLE	False	up	199	1.7623308	0.004132231	1.0	1.0	8719
full	4	HALLMARK_G2M_CHECKPOINT	False	up	198	1.7076311	0.00591716	1.0	1.0	8719
full	4	HALLMARK_E2F_TARGETS	False	up	198	1.4691697	0.03359684	0.63663346	1.0	1639
full	4	REACTOME_CHOLESTEROL_BIOSYNTHESIS	False	up	26	1.4985269	0.032534245	0.7099622	1.0	3938
drop_IL67B	1234	KEGG_MEDICUS_REFERENCE_TRANSLATION_INITIATION	True	down	80	-1.9352392	0.0	0.08172029	0.236	3
drop_IL67B	1234	REACTOME_EUKARYOTIC_TRANSLATION_ELONGATION	True	down	91	-1.971608	0.0	0.017000739	0.018	1
drop_IL67B	1234	REACTOME_RESPONSE_OF_EIF2AK4_GCN2_TO_AMINO_ACID_DEFICIENCY	True	down	99	-1.9044461	0.0	0.22467107	0.821	8
drop_IL67B	1234	KEGG_RIBOSOME	True	down	85	-1.890108	0.0	0.30412498	0.956	10
drop_IL67B	1234	REACTOME_SELENOAMINO_ACID_METABOLISM	True	down	112	-1.9114574	0.0	0.17680152	0.683	5
drop_IL67B	1234	REACTOME_CELLULAR_RESPONSE_TO_STARVATION	True	down	150	-1.917905	0.0	0.18856536	0.563	6
drop_IL67B	1234	GOBP_RIBOSOME_BIOGENESIS	False	down	321	-1.635238	0.037351444	0.9446461	1.0	8254
drop_IL67B	1234	HALLMARK_MTORC1_SIGNALING	False	down	195	-1.5279557	0.04639175	0.66082275	1.0	2356
drop_IL67B	1234	HALLMARK_MYC_TARGETS_V1	False	down	200	-1.3852276	0.10865562	0.6161088	1.0	520
drop_IL67B	1234	HALLMARK_GLYCOLYSIS	False	down	181	-1.5852944	0.045138888	0.7328856	1.0	4068
drop_IL67B	1234	HALLMARK_OXIDATIVE_PHOSPHORYLATION	False	down	200	-1.4742973	0.06946983	0.6544594	1.0	2117
drop_IL67B	1234	REACTOME_CITRIC_ACID_CYCLE_TCA_CYCLE	False	down	22	-0.8409761	0.6083916	0.84111714	1.0	6764
drop_IL67B	1234	SEMENZA_HIF1_TARGETS	False	down	32	-1.7564046	0.008791209	1.0	1.0	8676
drop_IL67B	1234	BUFFA_HYPOXIA_METAGENE	False	down	48	-1.7738302	0.01754386	1.0	1.0	8676
drop_IL67B	1234	HALLMARK_MITOTIC_SPINDLE	False	up	199	1.7502847	0.002352941	1.0	1.0	8676
drop_IL67B	1234	HALLMARK_G2M_CHECKPOINT	False	up	198	1.6529349	0.00913242	1.0	1.0	8676
drop_IL67B	1234	HALLMARK_E2F_TARGETS	False	up	198	1.333107	0.078341015	0.61483264	1.0	402
drop_IL67B	1234	REACTOME_CHOLESTEROL_BIOSYNTHESIS	False	up	26	1.3266572	0.14766355	0.62405336	1.0	936
drop_IL67B	1	KEGG_MEDICUS_REFERENCE_TRANSLATION_INITIATION	True	down	80	-1.9036083	0.0	0.2818578	0.815	7
drop_IL67B	1	REACTOME_EUKARYOTIC_TRANSLATION_ELONGATION	True	down	91	-1.9132546	0.0	0.19818582	0.657	1
drop_IL67B	1	REACTOME_RESPONSE_OF_EIF2AK4_GCN2_TO_AMINO_ACID_DEFICIENCY	True	down	99	-1.902998	0.0	0.2494321	0.827	5
drop_IL67B	1	KEGG_RIBOSOME	True	down	85	-1.9359968	0.0	0.21969661	0.207	2
drop_IL67B	1	REACTOME_SELENOAMINO_ACID_METABOLISM	True	down	112	-1.9020249	0.0017889087	0.22972143	0.837	3
drop_IL67B	1	REACTOME_CELLULAR_RESPONSE_TO_STARVATION	True	down	150	-1.9160914	0.0	0.27857977	0.594	6
drop_IL67B	1	GOBP_RIBOSOME_BIOGENESIS	False	down	321	-1.6399344	0.03322259	0.91286194	1.0	7959
drop_IL67B	1	HALLMARK_MTORC1_SIGNALING	False	down	195	-1.4825853	0.08392857	0.63715696	1.0	1398
drop_IL67B	1	HALLMARK_MYC_TARGETS_V1	False	down	200	-1.4145681	0.075704224	0.62821263	1.0	1053
drop_IL67B	1	HALLMARK_GLYCOLYSIS	False	down	181	-1.5951236	0.04918033	0.76701903	1.0	5127
drop_IL67B	1	HALLMARK_OXIDATIVE_PHOSPHORYLATION	False	down	200	-1.4656442	0.083333336	0.6355422	1.0	1349
drop_IL67B	1	REACTOME_CITRIC_ACID_CYCLE_TCA_CYCLE	False	down	22	-0.81381625	0.6903226	0.8515515	1.0	7086
drop_IL67B	1	SEMENZA_HIF1_TARGETS	False	down	32	-1.7425121	0.01026694	1.0	1.0	8681
drop_IL67B	1	BUFFA_HYPOXIA_METAGENE	False	down	48	-1.7745829	0.01446281	1.0	1.0	8681
drop_IL67B	1	HALLMARK_MITOTIC_SPINDLE	False	up	199	1.755084	0.0023041475	1.0	1.0	8681
drop_IL67B	1	HALLMARK_G2M_CHECKPOINT	False	up	198	1.6577126	0.018518519	1.0	1.0	8681
drop_IL67B	1	HALLMARK_E2F_TARGETS	False	up	198	1.3469411	0.07191011	0.62010515	1.0	707
drop_IL67B	1	REACTOME_CHOLESTEROL_BIOSYNTHESIS	False	up	26	1.3234459	0.11278196	0.6207483	1.0	755
drop_IL67B	2	KEGG_MEDICUS_REFERENCE_TRANSLATION_INITIATION	True	down	80	-1.9033781	0.0	0.5897783	0.842	9
drop_IL67B	2	REACTOME_EUKARYOTIC_TRANSLATION_ELONGATION	True	down	91	-1.9028611	0.0	0.45510593	0.851	7
drop_IL67B	2	REACTOME_RESPONSE_OF_EIF2AK4_GCN2_TO_AMINO_ACID_DEFICIENCY	True	down	99	-1.9472959	0.0	0.09649886	0.096	1
drop_IL67B	2	KEGG_RIBOSOME	True	down	85	-1.8911281	0.0	0.4467957	0.96	6
drop_IL67B	2	REACTOME_SELENOAMINO_ACID_METABOLISM	True	down	112	-1.8766849	0.0	0.54920447	0.997	8
drop_IL67B	2	REACTOME_CELLULAR_RESPONSE_TO_STARVATION	True	down	150	-1.9012612	0.0	0.39228198	0.867	4
drop_IL67B	2	GOBP_RIBOSOME_BIOGENESIS	False	down	321	-1.6741678	0.029310346	1.0	1.0	8661
drop_IL67B	2	HALLMARK_MTORC1_SIGNALING	False	down	195	-1.5060099	0.056261342	0.6594486	1.0	2309
drop_IL67B	2	HALLMARK_MYC_TARGETS_V1	False	down	200	-1.3963016	0.1149635	0.62593174	1.0	941
drop_IL67B	2	HALLMARK_GLYCOLYSIS	False	down	181	-1.5572529	0.05954466	0.6907864	1.0	3127
drop_IL67B	2	HALLMARK_OXIDATIVE_PHOSPHORYLATION	False	down	200	-1.4628592	0.06896552	0.63669205	1.0	1450
drop_IL67B	2	REACTOME_CITRIC_ACID_CYCLE_TCA_CYCLE	False	down	22	-0.8447077	0.6373166	0.84190035	1.0	6785
drop_IL67B	2	SEMENZA_HIF1_TARGETS	False	down	32	-1.7317247	0.014989293	1.0	1.0	8661
drop_IL67B	2	BUFFA_HYPOXIA_METAGENE	False	down	48	-1.7474127	0.010526316	1.0	1.0	8661
drop_IL67B	2	HALLMARK_MITOTIC_SPINDLE	False	up	199	1.7860622	0.0	1.0	0.999	8661
drop_IL67B	2	HALLMARK_G2M_CHECKPOINT	False	up	198	1.6892644	0.013129103	1.0	1.0	8661
drop_IL67B	2	HALLMARK_E2F_TARGETS	False	up	198	1.3627921	0.06807512	0.60955983	1.0	168
drop_IL67B	2	REACTOME_CHOLESTEROL_BIOSYNTHESIS	False	up	26	1.3482348	0.11299435	0.6124571	1.0	285
drop_IL67B	3	KEGG_MEDICUS_REFERENCE_TRANSLATION_INITIATION	True	down	80	-1.9090526	0.0	0.21566984	0.743	3
drop_IL67B	3	REACTOME_EUKARYOTIC_TRANSLATION_ELONGATION	True	down	91	-1.9513783	0.0	0.08425425	0.083	1
drop_IL67B	3	REACTOME_RESPONSE_OF_EIF2AK4_GCN2_TO_AMINO_ACID_DEFICIENCY	True	down	99	-1.8936577	0.0	0.3475506	0.946	8
drop_IL67B	3	KEGG_RIBOSOME	True	down	85	-1.9044272	0.0	0.2392076	0.837	6
drop_IL67B	3	REACTOME_SELENOAMINO_ACID_METABOLISM	True	down	112	-1.9329579	0.0	0.15953095	0.286	2
drop_IL67B	3	REACTOME_CELLULAR_RESPONSE_TO_STARVATION	True	down	150	-1.9161232	0.0037453184	0.28748512	0.591	7
drop_IL67B	3	GOBP_RIBOSOME_BIOGENESIS	False	down	321	-1.6790872	0.034883723	1.0	1.0	8679
drop_IL67B	3	HALLMARK_MTORC1_SIGNALING	False	down	195	-1.5222846	0.03577513	0.6581526	1.0	2335
drop_IL67B	3	HALLMARK_MYC_TARGETS_V1	False	down	200	-1.4083871	0.08787346	0.61823136	1.0	471
drop_IL67B	3	HALLMARK_GLYCOLYSIS	False	down	181	-1.5500648	0.047186933	0.6812027	1.0	2934
drop_IL67B	3	HALLMARK_OXIDATIVE_PHOSPHORYLATION	False	down	200	-1.4568201	0.07746479	0.635881	1.0	1465
drop_IL67B	3	REACTOME_CITRIC_ACID_CYCLE_TCA_CYCLE	False	down	22	-0.8369848	0.6753247	0.8425828	1.0	6850
drop_IL67B	3	SEMENZA_HIF1_TARGETS	False	down	32	-1.7424885	0.010845987	1.0	1.0	8679
drop_IL67B	3	BUFFA_HYPOXIA_METAGENE	False	down	48	-1.7395871	0.015118791	1.0	1.0	8679
drop_IL67B	3	HALLMARK_MITOTIC_SPINDLE	False	up	199	1.7537112	0.0022271716	1.0	1.0	8679
drop_IL67B	3	HALLMARK_G2M_CHECKPOINT	False	up	198	1.6527591	0.004878049	1.0	1.0	8679
drop_IL67B	3	HALLMARK_E2F_TARGETS	False	up	198	1.3320134	0.07305936	0.6217892	1.0	697
drop_IL67B	3	REACTOME_CHOLESTEROL_BIOSYNTHESIS	False	up	26	1.3525059	0.10515873	0.6240323	1.0	850
drop_IL67B	4	KEGG_MEDICUS_REFERENCE_TRANSLATION_INITIATION	True	down	80	-1.9520413	0.0	0.0795025	0.081	1
drop_IL67B	4	REACTOME_EUKARYOTIC_TRANSLATION_ELONGATION	True	down	91	-1.8984166	0.0	0.37688455	0.907	6
drop_IL67B	4	REACTOME_RESPONSE_OF_EIF2AK4_GCN2_TO_AMINO_ACID_DEFICIENCY	True	down	99	-1.8844221	0.0	0.41759917	0.985	9
drop_IL67B	4	KEGG_RIBOSOME	True	down	85	-1.9319198	0.0	0.11760991	0.302	2
drop_IL67B	4	REACTOME_SELENOAMINO_ACID_METABOLISM	True	down	112	-1.925771	0.0	0.13288802	0.428	3
drop_IL67B	4	REACTOME_CELLULAR_RESPONSE_TO_STARVATION	True	down	150	-1.8907536	0.0037950664	0.40176764	0.966	7
drop_IL67B	4	GOBP_RIBOSOME_BIOGENESIS	False	down	321	-1.6526688	0.044217687	1.0	1.0	8665
drop_IL67B	4	HALLMARK_MTORC1_SIGNALING	False	down	195	-1.4995385	0.05956679	0.65254766	1.0	2160
drop_IL67B	4	HALLMARK_MYC_TARGETS_V1	False	down	200	-1.3991998	0.10018904	0.63061506	1.0	1089
drop_IL67B	4	HALLMARK_GLYCOLYSIS	False	down	181	-1.5769517	0.05755396	0.75190115	1.0	4665
drop_IL67B	4	HALLMARK_OXIDATIVE_PHOSPHORYLATION	False	down	200	-1.4702938	0.06859206	0.63935846	1.0	1487
drop_IL67B	4	REACTOME_CITRIC_ACID_CYCLE_TCA_CYCLE	False	down	22	-0.8430204	0.61758244	0.8418058	1.0	6790
drop_IL67B	4	SEMENZA_HIF1_TARGETS	False	down	32	-1.6610843	0.019438446	1.0	1.0	8665
drop_IL67B	4	BUFFA_HYPOXIA_METAGENE	False	down	48	-1.7693149	0.004192872	1.0	1.0	8665
drop_IL67B	4	HALLMARK_MITOTIC_SPINDLE	False	up	199	1.775213	0.0	1.0	0.999	8665
drop_IL67B	4	HALLMARK_G2M_CHECKPOINT	False	up	198	1.6654637	0.0065645515	1.0	1.0	8665
drop_IL67B	4	HALLMARK_E2F_TARGETS	False	up	198	1.3589271	0.046875	0.61800534	1.0	524
drop_IL67B	4	REACTOME_CHOLESTEROL_BIOSYNTHESIS	False	up	26	1.3266854	0.11254612	0.6195783	1.0	630
drop_IL68B	1234	KEGG_MEDICUS_REFERENCE_TRANSLATION_INITIATION	True	down	80	-1.9346431	0.0	0.022228131	0.106	6
drop_IL68B	1234	REACTOME_EUKARYOTIC_TRANSLATION_ELONGATION	True	down	91	-1.9642648	0.0	0.009791055	0.016	4
drop_IL68B	1234	REACTOME_RESPONSE_OF_EIF2AK4_GCN2_TO_AMINO_ACID_DEFICIENCY	True	down	99	-1.9115354	0.0	0.040043656	0.317	11
drop_IL68B	1234	KEGG_RIBOSOME	True	down	85	-1.9488186	0.0	0.010822486	0.044	5
drop_IL68B	1234	REACTOME_SELENOAMINO_ACID_METABOLISM	True	down	112	-1.9173813	0.0	0.034803815	0.238	9
drop_IL68B	1234	REACTOME_CELLULAR_RESPONSE_TO_STARVATION	True	down	150	-1.8933036	0.0	0.06802085	0.587	13
drop_IL68B	1234	GOBP_RIBOSOME_BIOGENESIS	False	down	321	-1.1712098	0.20823245	0.6013889	1.0	1837
drop_IL68B	1234	HALLMARK_MTORC1_SIGNALING	False	down	196	-1.5350815	0.0521327	0.45813113	1.0	505
drop_IL68B	1234	HALLMARK_MYC_TARGETS_V1	False	down	200	-0.9680199	0.4642857	0.71390736	1.0	2810
drop_IL68B	1234	HALLMARK_GLYCOLYSIS	False	down	182	-1.6103249	0.025287356	0.45330548	1.0	362
drop_IL68B	1234	HALLMARK_OXIDATIVE_PHOSPHORYLATION	False	down	200	-0.96397656	0.48251748	0.71402353	1.0	2816
drop_IL68B	1234	REACTOME_CITRIC_ACID_CYCLE_TCA_CYCLE	False	up	22	0.6335142	0.9125874	0.9669774	1.0	8388
drop_IL68B	1234	SEMENZA_HIF1_TARGETS	False	down	33	-1.6748966	0.024813896	0.43678036	1.0	145
drop_IL68B	1234	BUFFA_HYPOXIA_METAGENE	False	down	50	-1.8057377	0.00896861	0.36113918	1.0	40
drop_IL68B	1234	HALLMARK_MITOTIC_SPINDLE	False	up	199	1.5232284	0.05374593	1.0	1.0	8547
drop_IL68B	1234	HALLMARK_G2M_CHECKPOINT	False	up	198	1.6861234	0.017605634	1.0	1.0	8547
drop_IL68B	1234	HALLMARK_E2F_TARGETS	False	up	198	1.5560354	0.037037037	1.0	1.0	8547
drop_IL68B	1234	REACTOME_CHOLESTEROL_BIOSYNTHESIS	False	up	26	1.6027398	0.021466905	1.0	1.0	8547
drop_IL68B	1	KEGG_MEDICUS_REFERENCE_TRANSLATION_INITIATION	True	down	80	-1.9484473	0.0	0.008011095	0.041	4
drop_IL68B	1	REACTOME_EUKARYOTIC_TRANSLATION_ELONGATION	True	down	91	-1.9845105	0.0	0.004556239	0.004	2
drop_IL68B	1	REACTOME_RESPONSE_OF_EIF2AK4_GCN2_TO_AMINO_ACID_DEFICIENCY	True	down	99	-1.8969038	0.0	0.05626227	0.503	15
drop_IL68B	1	KEGG_RIBOSOME	True	down	85	-1.8940754	0.0	0.060483098	0.551	16
drop_IL68B	1	REACTOME_SELENOAMINO_ACID_METABOLISM	True	down	112	-1.8809385	0.0	0.088110626	0.756	18
drop_IL68B	1	REACTOME_CELLULAR_RESPONSE_TO_STARVATION	True	down	150	-1.8523425	0.0	0.16416606	0.977	27
drop_IL68B	1	GOBP_RIBOSOME_BIOGENESIS	False	down	321	-1.1664561	0.20240964	0.60440254	1.0	1868
drop_IL68B	1	HALLMARK_MTORC1_SIGNALING	False	down	196	-1.5142407	0.03782506	0.4683114	1.0	610
drop_IL68B	1	HALLMARK_MYC_TARGETS_V1	False	down	200	-0.9638985	0.454321	0.7147473	1.0	2786
drop_IL68B	1	HALLMARK_GLYCOLYSIS	False	down	182	-1.6038561	0.037647057	0.4384188	1.0	289
drop_IL68B	1	HALLMARK_OXIDATIVE_PHOSPHORYLATION	False	down	200	-0.9551208	0.49388754	0.71926886	1.0	2864
drop_IL68B	1	REACTOME_CITRIC_ACID_CYCLE_TCA_CYCLE	False	up	22	0.6388225	0.92832166	0.9652084	1.0	8376
drop_IL68B	1	SEMENZA_HIF1_TARGETS	False	down	33	-1.6587911	0.025581395	0.4480944	1.0	416
drop_IL68B	1	BUFFA_HYPOXIA_METAGENE	False	down	50	-1.78408	0.014117647	0.36932626	1.0	63
drop_IL68B	1	HALLMARK_MITOTIC_SPINDLE	False	up	199	1.536769	0.044142615	1.0	1.0	8554
drop_IL68B	1	HALLMARK_G2M_CHECKPOINT	False	up	198	1.6868207	0.021812081	1.0	1.0	8554
drop_IL68B	1	HALLMARK_E2F_TARGETS	False	up	198	1.5678461	0.034013607	1.0	1.0	8554
drop_IL68B	1	REACTOME_CHOLESTEROL_BIOSYNTHESIS	False	up	26	1.5599227	0.029310346	1.0	1.0	8554
drop_IL68B	2	KEGG_MEDICUS_REFERENCE_TRANSLATION_INITIATION	True	down	80	-1.9265212	0.0	0.032475036	0.154	13
drop_IL68B	2	REACTOME_EUKARYOTIC_TRANSLATION_ELONGATION	True	down	91	-1.9135543	0.0	0.029027112	0.262	9
drop_IL68B	2	REACTOME_RESPONSE_OF_EIF2AK4_GCN2_TO_AMINO_ACID_DEFICIENCY	True	down	99	-1.8847	0.0	0.06045539	0.705	20
drop_IL68B	2	KEGG_RIBOSOME	True	down	85	-1.9284548	0.0	0.03393494	0.137	15
drop_IL68B	2	REACTOME_SELENOAMINO_ACID_METABOLISM	True	down	112	-1.9042716	0.0	0.033752352	0.371	14
drop_IL68B	2	REACTOME_CELLULAR_RESPONSE_TO_STARVATION	True	down	150	-1.8878503	0.0	0.061538484	0.649	22
drop_IL68B	2	GOBP_RIBOSOME_BIOGENESIS	False	down	321	-1.1478049	0.26130652	0.61353475	1.0	1961
drop_IL68B	2	HALLMARK_MTORC1_SIGNALING	False	down	196	-1.5728719	0.040632054	0.46274924	1.0	582
drop_IL68B	2	HALLMARK_MYC_TARGETS_V1	False	down	200	-0.97243345	0.45618558	0.7086057	1.0	2783
drop_IL68B	2	HALLMARK_GLYCOLYSIS	False	down	182	-1.5831962	0.023201857	0.45868188	1.0	511
drop_IL68B	2	HALLMARK_OXIDATIVE_PHOSPHORYLATION	False	down	200	-0.9550917	0.47331786	0.72246206	1.0	2846
drop_IL68B	2	REACTOME_CITRIC_ACID_CYCLE_TCA_CYCLE	False	up	22	0.6245779	0.93367344	0.9697258	1.0	8407
drop_IL68B	2	SEMENZA_HIF1_TARGETS	False	down	33	-1.7264545	0.022172948	0.4105134	1.0	153
drop_IL68B	2	BUFFA_HYPOXIA_METAGENE	False	down	50	-1.7836357	0.005063291	0.36291155	1.0	67
drop_IL68B	2	HALLMARK_MITOTIC_SPINDLE	False	up	199	1.5524346	0.034423407	1.0	1.0	8543
drop_IL68B	2	HALLMARK_G2M_CHECKPOINT	False	up	198	1.6513487	0.033158813	1.0	1.0	8543
drop_IL68B	2	HALLMARK_E2F_TARGETS	False	up	198	1.5503092	0.03898305	1.0	1.0	8543
drop_IL68B	2	REACTOME_CHOLESTEROL_BIOSYNTHESIS	False	up	26	1.5813293	0.027826088	1.0	1.0	8543
drop_IL68B	3	KEGG_MEDICUS_REFERENCE_TRANSLATION_INITIATION	True	down	80	-1.9956336	0.0	0.0011360344	0.001	2
drop_IL68B	3	REACTOME_EUKARYOTIC_TRANSLATION_ELONGATION	True	down	91	-1.941588	0.0	0.01395072	0.071	6
drop_IL68B	3	REACTOME_RESPONSE_OF_EIF2AK4_GCN2_TO_AMINO_ACID_DEFICIENCY	True	down	99	-1.9038335	0.0	0.059933037	0.402	12
drop_IL68B	3	KEGG_RIBOSOME	True	down	85	-1.9620928	0.0	0.008788139	0.023	3
drop_IL68B	3	REACTOME_SELENOAMINO_ACID_METABOLISM	True	down	112	-1.8971367	0.0	0.061472308	0.503	13
drop_IL68B	3	REACTOME_CELLULAR_RESPONSE_TO_STARVATION	True	down	150	-1.8775351	0.0	0.096089296	0.808	19
drop_IL68B	3	GOBP_RIBOSOME_BIOGENESIS	False	down	321	-1.1724753	0.21113689	0.5998595	1.0	1830
drop_IL68B	3	HALLMARK_MTORC1_SIGNALING	False	down	196	-1.5455393	0.040189125	0.46618903	1.0	638
drop_IL68B	3	HALLMARK_MYC_TARGETS_V1	False	down	200	-0.9439552	0.46713614	0.7273544	1.0	2923
drop_IL68B	3	HALLMARK_GLYCOLYSIS	False	down	182	-1.6126338	0.02020202	0.45361927	1.0	374
drop_IL68B	3	HALLMARK_OXIDATIVE_PHOSPHORYLATION	False	down	200	-0.9828667	0.43925235	0.70793456	1.0	2730
drop_IL68B	3	REACTOME_CITRIC_ACID_CYCLE_TCA_CYCLE	False	up	22	0.6304224	0.91433567	0.96796215	1.0	8384
drop_IL68B	3	SEMENZA_HIF1_TARGETS	False	down	33	-1.703245	0.020594966	0.41690898	1.0	159
drop_IL68B	3	BUFFA_HYPOXIA_METAGENE	False	down	50	-1.8073831	0.011574074	0.3389297	1.0	59
drop_IL68B	3	HALLMARK_MITOTIC_SPINDLE	False	up	199	1.5762502	0.028218694	1.0	1.0	8537
drop_IL68B	3	HALLMARK_G2M_CHECKPOINT	False	up	198	1.6766961	0.0144665465	1.0	1.0	8537
drop_IL68B	3	HALLMARK_E2F_TARGETS	False	up	198	1.5528302	0.041516244	1.0	1.0	8537
drop_IL68B	3	REACTOME_CHOLESTEROL_BIOSYNTHESIS	False	up	26	1.5750026	0.028571429	1.0	1.0	8537
drop_IL68B	4	KEGG_MEDICUS_REFERENCE_TRANSLATION_INITIATION	True	down	80	-1.9154118	0.0	0.029813875	0.249	7
drop_IL68B	4	REACTOME_EUKARYOTIC_TRANSLATION_ELONGATION	True	down	91	-1.932549	0.0	0.020631108	0.122	3
drop_IL68B	4	REACTOME_RESPONSE_OF_EIF2AK4_GCN2_TO_AMINO_ACID_DEFICIENCY	True	down	99	-1.9170738	0.0	0.034017965	0.234	11
drop_IL68B	4	KEGG_RIBOSOME	True	down	85	-1.9526978	0.0	0.050232034	0.043	13
drop_IL68B	4	REACTOME_SELENOAMINO_ACID_METABOLISM	True	down	112	-1.879429	0.0024271845	0.08120121	0.777	21
drop_IL68B	4	REACTOME_CELLULAR_RESPONSE_TO_STARVATION	True	down	150	-1.8198706	0.0	0.3198718	1.0	34
drop_IL68B	4	GOBP_RIBOSOME_BIOGENESIS	False	down	321	-1.1630846	0.20772947	0.60290265	1.0	1864
drop_IL68B	4	HALLMARK_MTORC1_SIGNALING	False	down	196	-1.5348579	0.030232558	0.46057323	1.0	589
drop_IL68B	4	HALLMARK_MYC_TARGETS_V1	False	down	200	-0.9344881	0.51826483	0.7293442	1.0	2978
drop_IL68B	4	HALLMARK_GLYCOLYSIS	False	down	182	-1.5957859	0.028235294	0.44313347	1.0	337
drop_IL68B	4	HALLMARK_OXIDATIVE_PHOSPHORYLATION	False	down	200	-0.9672679	0.4719388	0.7091744	1.0	2809
drop_IL68B	4	REACTOME_CITRIC_ACID_CYCLE_TCA_CYCLE	False	up	22	0.62093174	0.9520548	0.97112966	1.0	8421
drop_IL68B	4	SEMENZA_HIF1_TARGETS	False	down	33	-1.7286073	0.012594459	0.4448512	1.0	349
drop_IL68B	4	BUFFA_HYPOXIA_METAGENE	False	down	50	-1.8019718	0.0069124424	0.35479844	1.0	46
drop_IL68B	4	HALLMARK_MITOTIC_SPINDLE	False	up	199	1.5572182	0.04109589	1.0	1.0	8548
drop_IL68B	4	HALLMARK_G2M_CHECKPOINT	False	up	198	1.6727589	0.017094018	1.0	1.0	8548
drop_IL68B	4	HALLMARK_E2F_TARGETS	False	up	198	1.5440052	0.03633218	1.0	1.0	8548
drop_IL68B	4	REACTOME_CHOLESTEROL_BIOSYNTHESIS	False	up	26	1.5735333	0.027586207	1.0	1.0	8548
drop_IL69B	1234	KEGG_MEDICUS_REFERENCE_TRANSLATION_INITIATION	True	down	80	-1.9466391	0.0	0.59674364	0.857	2041
drop_IL69B	1234	REACTOME_EUKARYOTIC_TRANSLATION_ELONGATION	True	down	91	-1.9421843	0.0	0.56341845	0.911	1702
drop_IL69B	1234	REACTOME_RESPONSE_OF_EIF2AK4_GCN2_TO_AMINO_ACID_DEFICIENCY	True	down	99	-1.9166503	0.0	0.86328197	0.998	7088
drop_IL69B	1234	KEGG_RIBOSOME	True	down	85	-1.9843988	0.0	0.08617359	0.171	2
drop_IL69B	1234	REACTOME_SELENOAMINO_ACID_METABOLISM	True	down	112	-2.0101268	0.0	0.023012415	0.025	1
drop_IL69B	1234	REACTOME_CELLULAR_RESPONSE_TO_STARVATION	True	down	150	-1.89796	0.0020533882	1.0	1.0	8634
drop_IL69B	1234	GOBP_RIBOSOME_BIOGENESIS	False	down	321	-1.59976	0.101886794	1.0	1.0	8634
drop_IL69B	1234	HALLMARK_MTORC1_SIGNALING	False	down	196	-1.352803	0.12323232	0.69159424	1.0	3067
drop_IL69B	1234	HALLMARK_MYC_TARGETS_V1	False	down	200	-1.2540516	0.17038539	0.71286625	1.0	3594
drop_IL69B	1234	HALLMARK_GLYCOLYSIS	False	down	181	-1.4131855	0.118393235	0.7197384	1.0	3918
drop_IL69B	1234	HALLMARK_OXIDATIVE_PHOSPHORYLATION	False	down	200	-1.416264	0.10699589	0.72179955	1.0	4005
drop_IL69B	1234	REACTOME_CITRIC_ACID_CYCLE_TCA_CYCLE	False	down	22	-0.75451213	0.76610976	0.889357	1.0	7457
drop_IL69B	1234	SEMENZA_HIF1_TARGETS	False	down	33	-1.7274439	0.016746411	1.0	1.0	8634
drop_IL69B	1234	BUFFA_HYPOXIA_METAGENE	False	down	50	-1.7995322	0.011600928	1.0	1.0	8634
drop_IL69B	1234	HALLMARK_MITOTIC_SPINDLE	False	up	199	1.7756065	0.0018796993	1.0	0.997	8634
drop_IL69B	1234	HALLMARK_G2M_CHECKPOINT	False	up	198	1.7395535	0.0	1.0	1.0	8634
drop_IL69B	1234	HALLMARK_E2F_TARGETS	False	up	198	1.4644228	0.023529412	0.48296377	1.0	333
drop_IL69B	1234	REACTOME_CHOLESTEROL_BIOSYNTHESIS	False	up	26	1.4919982	0.029411765	0.50324804	1.0	930
drop_IL69B	1	KEGG_MEDICUS_REFERENCE_TRANSLATION_INITIATION	True	down	80	-1.9813137	0.0	0.10648691	0.212	2
drop_IL69B	1	REACTOME_EUKARYOTIC_TRANSLATION_ELONGATION	True	down	91	-1.9276038	0.0	0.65878326	0.996	2712
drop_IL69B	1	REACTOME_RESPONSE_OF_EIF2AK4_GCN2_TO_AMINO_ACID_DEFICIENCY	True	down	99	-1.9406697	0.0	0.6417442	0.937	2543
drop_IL69B	1	KEGG_RIBOSOME	True	down	85	-2.009201	0.0	0.029321264	0.031	1
drop_IL69B	1	REACTOME_SELENOAMINO_ACID_METABOLISM	True	down	112	-1.9349201	0.0	0.5584019	0.971	1639
drop_IL69B	1	REACTOME_CELLULAR_RESPONSE_TO_STARVATION	True	down	150	-1.8969048	0.0	1.0	1.0	8635
drop_IL69B	1	GOBP_RIBOSOME_BIOGENESIS	False	down	321	-1.6041774	0.09072978	1.0	1.0	8635
drop_IL69B	1	HALLMARK_MTORC1_SIGNALING	False	down	196	-1.3412584	0.12280702	0.6873484	1.0	3007
drop_IL69B	1	HALLMARK_MYC_TARGETS_V1	False	down	200	-1.2739948	0.14814815	0.70736164	1.0	3559
drop_IL69B	1	HALLMARK_GLYCOLYSIS	False	down	181	-1.4608573	0.08264463	0.76903725	1.0	5293
drop_IL69B	1	HALLMARK_OXIDATIVE_PHOSPHORYLATION	False	down	200	-1.4232059	0.09259259	0.74431986	1.0	4488
drop_IL69B	1	REACTOME_CITRIC_ACID_CYCLE_TCA_CYCLE	False	down	22	-0.75332636	0.7358491	0.8867858	1.0	7469
drop_IL69B	1	SEMENZA_HIF1_TARGETS	False	down	33	-1.6987013	0.01686747	1.0	1.0	8635
drop_IL69B	1	BUFFA_HYPOXIA_METAGENE	False	down	50	-1.7641507	0.018099548	1.0	1.0	8635
drop_IL69B	1	HALLMARK_MITOTIC_SPINDLE	False	up	199	1.7956187	0.0	1.0	0.971	8635
drop_IL69B	1	HALLMARK_G2M_CHECKPOINT	False	up	198	1.6965863	0.0	1.0	1.0	8635
drop_IL69B	1	HALLMARK_E2F_TARGETS	False	up	198	1.4671178	0.029069768	0.48773363	1.0	611
drop_IL69B	1	REACTOME_CHOLESTEROL_BIOSYNTHESIS	False	up	26	1.5329655	0.028764805	0.54421496	1.0	1496
drop_IL69B	2	KEGG_MEDICUS_REFERENCE_TRANSLATION_INITIATION	True	down	80	-1.9902651	0.0	0.11847612	0.122	3
drop_IL69B	2	REACTOME_EUKARYOTIC_TRANSLATION_ELONGATION	True	down	91	-1.9563878	0.0	0.28262675	0.718	5
drop_IL69B	2	REACTOME_RESPONSE_OF_EIF2AK4_GCN2_TO_AMINO_ACID_DEFICIENCY	True	down	99	-1.9143971	0.0042643924	0.9613435	1.0	8278
drop_IL69B	2	KEGG_RIBOSOME	True	down	85	-1.9413847	0.0	0.496461	0.937	789
drop_IL69B	2	REACTOME_SELENOAMINO_ACID_METABOLISM	True	down	112	-1.9634255	0.0	0.26201537	0.581	4
drop_IL69B	2	REACTOME_CELLULAR_RESPONSE_TO_STARVATION	True	down	150	-1.9880198	0.0066225166	0.067005865	0.137	1
drop_IL69B	2	GOBP_RIBOSOME_BIOGENESIS	False	down	321	-1.6251835	0.08527132	1.0	1.0	8631
drop_IL69B	2	HALLMARK_MTORC1_SIGNALING	False	down	196	-1.3768904	0.09202454	0.6839226	1.0	2983
drop_IL69B	2	HALLMARK_MYC_TARGETS_V1	False	down	200	-1.2580708	0.15869565	0.70275253	1.0	3467
drop_IL69B	2	HALLMARK_GLYCOLYSIS	False	down	181	-1.4548467	0.09221312	0.75963765	1.0	4969
drop_IL69B	2	HALLMARK_OXIDATIVE_PHOSPHORYLATION	False	down	200	-1.3846145	0.108510636	0.68760395	1.0	3040
drop_IL69B	2	REACTOME_CITRIC_ACID_CYCLE_TCA_CYCLE	False	down	22	-0.74826413	0.74130434	0.8926389	1.0	7541
drop_IL69B	2	SEMENZA_HIF1_TARGETS	False	down	33	-1.7967534	0.00954654	1.0	1.0	8631
drop_IL69B	2	BUFFA_HYPOXIA_METAGENE	False	down	50	-1.7432126	0.014457831	1.0	1.0	8631
drop_IL69B	2	HALLMARK_MITOTIC_SPINDLE	False	up	199	1.7918022	0.0	1.0	0.988	8631
drop_IL69B	2	HALLMARK_G2M_CHECKPOINT	False	up	198	1.7596611	0.0	1.0	1.0	8631
drop_IL69B	2	HALLMARK_E2F_TARGETS	False	up	198	1.4727514	0.03557312	0.5003016	1.0	850
drop_IL69B	2	REACTOME_CHOLESTEROL_BIOSYNTHESIS	False	up	26	1.5095012	0.023688663	0.51822984	1.0	1267
drop_IL69B	3	KEGG_MEDICUS_REFERENCE_TRANSLATION_INITIATION	True	down	80	-1.9338728	0.0	0.9307497	0.982	7980
drop_IL69B	3	REACTOME_EUKARYOTIC_TRANSLATION_ELONGATION	True	down	91	-1.905472	0.0	1.0	1.0	8619
drop_IL69B	3	REACTOME_RESPONSE_OF_EIF2AK4_GCN2_TO_AMINO_ACID_DEFICIENCY	True	down	99	-1.9835768	0.0	0.23556629	0.228	1
drop_IL69B	3	KEGG_RIBOSOME	True	down	85	-1.943379	0.0	1.0	0.927	8619
drop_IL69B	3	REACTOME_SELENOAMINO_ACID_METABOLISM	True	down	112	-1.9400375	0.0021929825	0.9321527	0.956	7985
drop_IL69B	3	REACTOME_CELLULAR_RESPONSE_TO_STARVATION	True	down	150	-1.925339	0.0040983604	1.0	0.998	8619
drop_IL69B	3	GOBP_RIBOSOME_BIOGENESIS	False	down	321	-1.6125363	0.08990826	1.0	1.0	8619
drop_IL69B	3	HALLMARK_MTORC1_SIGNALING	False	down	196	-1.3652394	0.115384616	0.6951764	1.0	3293
drop_IL69B	3	HALLMARK_MYC_TARGETS_V1	False	down	200	-1.2249876	0.17682926	0.7168031	1.0	3873
drop_IL69B	3	HALLMARK_GLYCOLYSIS	False	down	181	-1.470951	0.0782241	0.7877301	1.0	5630
drop_IL69B	3	HALLMARK_OXIDATIVE_PHOSPHORYLATION	False	down	200	-1.4143322	0.09670782	0.72211033	1.0	4039
drop_IL69B	3	REACTOME_CITRIC_ACID_CYCLE_TCA_CYCLE	False	down	22	-0.7643341	0.76790124	0.8820809	1.0	7402
drop_IL69B	3	SEMENZA_HIF1_TARGETS	False	down	33	-1.7235861	0.009367681	1.0	1.0	8619
drop_IL69B	3	BUFFA_HYPOXIA_METAGENE	False	down	50	-1.7877678	0.00968523	1.0	1.0	8619
drop_IL69B	3	HALLMARK_MITOTIC_SPINDLE	False	up	199	1.8017693	0.0	1.0	0.962	8619
drop_IL69B	3	HALLMARK_G2M_CHECKPOINT	False	up	198	1.7458494	0.001908397	1.0	0.999	8619
drop_IL69B	3	HALLMARK_E2F_TARGETS	False	up	198	1.4656957	0.038314175	0.49587518	1.0	747
drop_IL69B	3	REACTOME_CHOLESTEROL_BIOSYNTHESIS	False	up	26	1.5327348	0.022727273	0.5427956	1.0	1516
drop_IL69B	4	KEGG_MEDICUS_REFERENCE_TRANSLATION_INITIATION	True	down	80	-1.8968554	0.0	1.0	1.0	8620
drop_IL69B	4	REACTOME_EUKARYOTIC_TRANSLATION_ELONGATION	True	down	91	-1.9927613	0.0	0.09439931	0.1	1
drop_IL69B	4	REACTOME_RESPONSE_OF_EIF2AK4_GCN2_TO_AMINO_ACID_DEFICIENCY	True	down	99	-1.9491131	0.0	0.3449635	0.844	4
drop_IL69B	4	KEGG_RIBOSOME	True	down	85	-1.9670038	0.0	0.3116314	0.492	2
drop_IL69B	4	REACTOME_SELENOAMINO_ACID_METABOLISM	True	down	112	-1.9521705	0.0022371365	0.36378986	0.791	5
drop_IL69B	4	REACTOME_CELLULAR_RESPONSE_TO_STARVATION	True	down	150	-1.9015577	0.0	1.0	1.0	8620
drop_IL69B	4	GOBP_RIBOSOME_BIOGENESIS	False	down	321	-1.6391072	0.08686869	1.0	1.0	8620
drop_IL69B	4	HALLMARK_MTORC1_SIGNALING	False	down	196	-1.379617	0.10538117	0.714495	1.0	3740
drop_IL69B	4	HALLMARK_MYC_TARGETS_V1	False	down	200	-1.2579739	0.1641791	0.7047006	1.0	3464
drop_IL69B	4	HALLMARK_GLYCOLYSIS	False	down	181	-1.480154	0.074074075	0.7845662	1.0	5599
drop_IL69B	4	HALLMARK_OXIDATIVE_PHOSPHORYLATION	False	down	200	-1.4054942	0.10412574	0.7173674	1.0	3865
drop_IL69B	4	REACTOME_CITRIC_ACID_CYCLE_TCA_CYCLE	False	down	22	-0.7332015	0.7652812	0.900485	1.0	7639
drop_IL69B	4	SEMENZA_HIF1_TARGETS	False	down	33	-1.7314181	0.013824885	1.0	1.0	8620
drop_IL69B	4	BUFFA_HYPOXIA_METAGENE	False	down	50	-1.7295177	0.02112676	1.0	1.0	8620
drop_IL69B	4	HALLMARK_MITOTIC_SPINDLE	False	up	199	1.7894549	0.0	1.0	0.983	8620
drop_IL69B	4	HALLMARK_G2M_CHECKPOINT	False	up	198	1.7523249	0.002016129	1.0	1.0	8620
drop_IL69B	4	HALLMARK_E2F_TARGETS	False	up	198	1.4714252	0.020754717	0.48649746	1.0	593
drop_IL69B	4	REACTOME_CHOLESTEROL_BIOSYNTHESIS	False	up	26	1.497827	0.039076377	0.52394885	1.0	1238
drop_IL66B	1234	KEGG_MEDICUS_REFERENCE_TRANSLATION_INITIATION	True	down	80	-1.9485828	0.0	0.3601678	0.756	2
drop_IL66B	1234	REACTOME_EUKARYOTIC_TRANSLATION_ELONGATION	True	down	91	-1.8615721	0.0069444445	1.0	1.0	8627
drop_IL66B	1234	REACTOME_RESPONSE_OF_EIF2AK4_GCN2_TO_AMINO_ACID_DEFICIENCY	True	down	99	-1.914366	0.0	0.82216096	1.0	6367
drop_IL66B	1234	KEGG_RIBOSOME	True	down	85	-1.928879	0.0	0.53287655	0.983	5
drop_IL66B	1234	REACTOME_SELENOAMINO_ACID_METABOLISM	True	down	112	-1.9607992	0.006521739	0.708959	0.503	3743
drop_IL66B	1234	REACTOME_CELLULAR_RESPONSE_TO_STARVATION	True	down	150	-1.8896775	0.00913242	1.0	1.0	8627
drop_IL66B	1234	GOBP_RIBOSOME_BIOGENESIS	False	down	321	-1.4775548	0.12444445	0.69550157	1.0	3391
drop_IL66B	1234	HALLMARK_MTORC1_SIGNALING	False	down	196	-1.2798454	0.15452538	0.63536096	1.0	1560
drop_IL66B	1234	HALLMARK_MYC_TARGETS_V1	False	down	200	-1.1124741	0.25366876	0.6955422	1.0	3394
drop_IL66B	1234	HALLMARK_GLYCOLYSIS	False	down	182	-1.3622649	0.12931034	0.64778626	1.0	2038
drop_IL66B	1234	HALLMARK_OXIDATIVE_PHOSPHORYLATION	False	down	200	-1.286863	0.14699793	0.6367788	1.0	1644
drop_IL66B	1234	REACTOME_CITRIC_ACID_CYCLE_TCA_CYCLE	False	down	22	-0.6507123	0.8937198	0.9534791	1.0	8283
drop_IL66B	1234	SEMENZA_HIF1_TARGETS	False	down	33	-1.6805136	0.025125628	1.0	1.0	8627
drop_IL66B	1234	BUFFA_HYPOXIA_METAGENE	False	down	50	-1.6944485	0.03178484	1.0	1.0	8627
drop_IL66B	1234	HALLMARK_MITOTIC_SPINDLE	False	up	199	1.7906644	0.007575758	1.0	1.0	8627
drop_IL66B	1234	HALLMARK_G2M_CHECKPOINT	False	up	198	1.7431229	0.0055452865	1.0	1.0	8627
drop_IL66B	1234	HALLMARK_E2F_TARGETS	False	up	198	1.58267	0.016917294	0.9066103	1.0	7792
drop_IL66B	1234	REACTOME_CHOLESTEROL_BIOSYNTHESIS	False	up	26	1.6074682	0.010638298	1.0	1.0	8627
drop_IL66B	1	KEGG_MEDICUS_REFERENCE_TRANSLATION_INITIATION	True	down	80	-1.9139838	0.0	1.0	0.998	8625
drop_IL66B	1	REACTOME_EUKARYOTIC_TRANSLATION_ELONGATION	True	down	91	-1.8895619	0.0066964286	1.0	1.0	8625
drop_IL66B	1	REACTOME_RESPONSE_OF_EIF2AK4_GCN2_TO_AMINO_ACID_DEFICIENCY	True	down	99	-1.9381633	0.0022779044	1.0	0.906	8625
drop_IL66B	1	KEGG_RIBOSOME	True	down	85	-1.9517456	0.0	1.0	0.67	8625
drop_IL66B	1	REACTOME_SELENOAMINO_ACID_METABOLISM	True	down	112	-1.9287182	0.009367681	0.8785544	0.977	7335
drop_IL66B	1	REACTOME_CELLULAR_RESPONSE_TO_STARVATION	True	down	150	-1.8627892	0.0045045046	1.0	1.0	8625
drop_IL66B	1	GOBP_RIBOSOME_BIOGENESIS	False	down	321	-1.5094491	0.09475806	0.7240105	1.0	4052
drop_IL66B	1	HALLMARK_MTORC1_SIGNALING	False	down	196	-1.2625177	0.17047817	0.6488507	1.0	1927
drop_IL66B	1	HALLMARK_MYC_TARGETS_V1	False	down	200	-1.1044573	0.25738397	0.6996484	1.0	3529
drop_IL66B	1	HALLMARK_GLYCOLYSIS	False	down	182	-1.3719101	0.12946428	0.64432544	1.0	1807
drop_IL66B	1	HALLMARK_OXIDATIVE_PHOSPHORYLATION	False	down	200	-1.3099037	0.13815789	0.63091266	1.0	1240
drop_IL66B	1	REACTOME_CITRIC_ACID_CYCLE_TCA_CYCLE	False	down	22	-0.6482036	0.87931037	0.95464265	1.0	8302
drop_IL66B	1	SEMENZA_HIF1_TARGETS	False	down	33	-1.6927621	0.025821596	1.0	1.0	8625
drop_IL66B	1	BUFFA_HYPOXIA_METAGENE	False	down	50	-1.6461045	0.04235294	1.0	1.0	8625
drop_IL66B	1	HALLMARK_MITOTIC_SPINDLE	False	up	199	1.7627457	0.0037383179	1.0	1.0	8625
drop_IL66B	1	HALLMARK_G2M_CHECKPOINT	False	up	198	1.7538272	0.0036563072	1.0	1.0	8625
drop_IL66B	1	HALLMARK_E2F_TARGETS	False	up	198	1.5960987	0.0071174377	0.9355568	1.0	8095
drop_IL66B	1	REACTOME_CHOLESTEROL_BIOSYNTHESIS	False	up	26	1.5658896	0.018518519	0.8483709	1.0	6829
drop_IL66B	2	KEGG_MEDICUS_REFERENCE_TRANSLATION_INITIATION	True	down	80	-1.8826923	0.0	1.0	1.0	8624
drop_IL66B	2	REACTOME_EUKARYOTIC_TRANSLATION_ELONGATION	True	down	91	-1.9580454	0.002283105	0.39082202	0.541	3
drop_IL66B	2	REACTOME_RESPONSE_OF_EIF2AK4_GCN2_TO_AMINO_ACID_DEFICIENCY	True	down	99	-1.9306002	0.0023148148	0.848864	0.96	6881
drop_IL66B	2	KEGG_RIBOSOME	True	down	85	-1.9550496	0.0022727272	0.31416872	0.613	2
drop_IL66B	2	REACTOME_SELENOAMINO_ACID_METABOLISM	True	down	112	-1.87942	0.008528785	1.0	1.0	8624
drop_IL66B	2	REACTOME_CELLULAR_RESPONSE_TO_STARVATION	True	down	150	-1.9300784	0.0	0.69412357	0.961	3181
drop_IL66B	2	GOBP_RIBOSOME_BIOGENESIS	False	down	321	-1.5054408	0.1010101	0.71960866	1.0	3989
drop_IL66B	2	HALLMARK_MTORC1_SIGNALING	False	down	196	-1.2347074	0.18485524	0.6637869	1.0	2383
drop_IL66B	2	HALLMARK_MYC_TARGETS_V1	False	down	200	-1.0973147	0.2786177	0.6992819	1.0	3398
drop_IL66B	2	HALLMARK_GLYCOLYSIS	False	down	182	-1.3782126	0.13195877	0.649693	1.0	2010
drop_IL66B	2	HALLMARK_OXIDATIVE_PHOSPHORYLATION	False	down	200	-1.2819723	0.15824176	0.63386405	1.0	1512
drop_IL66B	2	REACTOME_CITRIC_ACID_CYCLE_TCA_CYCLE	False	down	22	-0.63465625	0.8939759	0.96258163	1.0	8373
drop_IL66B	2	SEMENZA_HIF1_TARGETS	False	down	33	-1.7444175	0.018390805	1.0	1.0	8624
drop_IL66B	2	BUFFA_HYPOXIA_METAGENE	False	down	50	-1.6355109	0.049065422	1.0	1.0	8624
drop_IL66B	2	HALLMARK_MITOTIC_SPINDLE	False	up	199	1.7779174	0.001908397	1.0	1.0	8624
drop_IL66B	2	HALLMARK_G2M_CHECKPOINT	False	up	198	1.7719471	0.007782101	1.0	1.0	8624
drop_IL66B	2	HALLMARK_E2F_TARGETS	False	up	198	1.5550039	0.025362318	0.8272245	1.0	6436
drop_IL66B	2	REACTOME_CHOLESTEROL_BIOSYNTHESIS	False	up	26	1.5779152	0.030411448	0.8636422	1.0	7165
drop_IL66B	3	KEGG_MEDICUS_REFERENCE_TRANSLATION_INITIATION	True	down	80	-1.9545008	0.0	0.52811515	0.668	1
drop_IL66B	3	REACTOME_EUKARYOTIC_TRANSLATION_ELONGATION	True	down	91	-1.8748419	0.004210526	1.0	1.0	8623
drop_IL66B	3	REACTOME_RESPONSE_OF_EIF2AK4_GCN2_TO_AMINO_ACID_DEFICIENCY	True	down	99	-1.9232597	0.00477327	0.7621259	0.991	5021
drop_IL66B	3	KEGG_RIBOSOME	True	down	85	-1.9365702	0.0	0.6391185	0.941	1628
drop_IL66B	3	REACTOME_SELENOAMINO_ACID_METABOLISM	True	down	112	-1.9566699	0.004555809	0.95673424	0.633	8320
drop_IL66B	3	REACTOME_CELLULAR_RESPONSE_TO_STARVATION	True	down	150	-1.9230314	0.004385965	0.65819216	0.991	2263
drop_IL66B	3	GOBP_RIBOSOME_BIOGENESIS	False	down	321	-1.4425153	0.12836438	0.66632354	1.0	2538
drop_IL66B	3	HALLMARK_MTORC1_SIGNALING	False	down	196	-1.245635	0.16985138	0.6573503	1.0	2225
drop_IL66B	3	HALLMARK_MYC_TARGETS_V1	False	down	200	-1.0886267	0.29385966	0.71023864	1.0	3720
drop_IL66B	3	HALLMARK_GLYCOLYSIS	False	down	182	-1.3507806	0.11648352	0.63008416	1.0	1397
drop_IL66B	3	HALLMARK_OXIDATIVE_PHOSPHORYLATION	False	down	200	-1.2911468	0.15824176	0.63431025	1.0	1537
drop_IL66B	3	REACTOME_CITRIC_ACID_CYCLE_TCA_CYCLE	False	down	22	-0.6332672	0.88861984	0.96237767	1.0	8378
drop_IL66B	3	SEMENZA_HIF1_TARGETS	False	down	33	-1.6664342	0.017114915	1.0	1.0	8623
drop_IL66B	3	BUFFA_HYPOXIA_METAGENE	False	down	50	-1.6378328	0.047085203	1.0	1.0	8623
drop_IL66B	3	HALLMARK_MITOTIC_SPINDLE	False	up	199	1.7573116	0.0058027077	1.0	1.0	8623
drop_IL66B	3	HALLMARK_G2M_CHECKPOINT	False	up	198	1.7652438	0.0073394496	1.0	1.0	8623
drop_IL66B	3	HALLMARK_E2F_TARGETS	False	up	198	1.564906	0.011494253	0.88672507	1.0	7481
drop_IL66B	3	REACTOME_CHOLESTEROL_BIOSYNTHESIS	False	up	26	1.5542176	0.019130435	0.8683197	1.0	7247
drop_IL66B	4	KEGG_MEDICUS_REFERENCE_TRANSLATION_INITIATION	True	down	80	-1.9851463	0.0	0.12900113	0.123	1
drop_IL66B	4	REACTOME_EUKARYOTIC_TRANSLATION_ELONGATION	True	down	91	-1.921424	0.0070588235	0.55275095	0.996	5
drop_IL66B	4	REACTOME_RESPONSE_OF_EIF2AK4_GCN2_TO_AMINO_ACID_DEFICIENCY	True	down	99	-1.9435488	0.004524887	0.44425413	0.842	3
drop_IL66B	4	KEGG_RIBOSOME	True	down	85	-1.9570527	0.0022624435	0.42810437	0.576	2
drop_IL66B	4	REACTOME_SELENOAMINO_ACID_METABOLISM	True	down	112	-1.9301976	0.011574074	0.5592611	0.969	6
drop_IL66B	4	REACTOME_CELLULAR_RESPONSE_TO_STARVATION	True	down	150	-1.93095	0.004338395	0.6531418	0.965	2124
drop_IL66B	4	GOBP_RIBOSOME_BIOGENESIS	False	down	321	-1.4779162	0.104	0.690405	1.0	3196
drop_IL66B	4	HALLMARK_MTORC1_SIGNALING	False	down	196	-1.2561061	0.16071428	0.651396	1.0	2092
drop_IL66B	4	HALLMARK_MYC_TARGETS_V1	False	down	200	-1.0975175	0.2603939	0.70077926	1.0	3546
drop_IL66B	4	HALLMARK_GLYCOLYSIS	False	down	182	-1.3841591	0.12200436	0.6474469	1.0	1883
drop_IL66B	4	HALLMARK_OXIDATIVE_PHOSPHORYLATION	False	down	200	-1.2764066	0.16869919	0.6448189	1.0	1816
drop_IL66B	4	REACTOME_CITRIC_ACID_CYCLE_TCA_CYCLE	False	down	22	-0.63811094	0.9206731	0.96166646	1.0	8366
drop_IL66B	4	SEMENZA_HIF1_TARGETS	False	down	33	-1.6705272	0.02347418	1.0	1.0	8637
drop_IL66B	4	BUFFA_HYPOXIA_METAGENE	False	down	50	-1.6685526	0.032608695	1.0	1.0	8637
drop_IL66B	4	HALLMARK_MITOTIC_SPINDLE	False	up	199	1.7295961	0.0036101083	1.0	1.0	8637
drop_IL66B	4	HALLMARK_G2M_CHECKPOINT	False	up	198	1.7309613	0.009041592	1.0	1.0	8637
drop_IL66B	4	HALLMARK_E2F_TARGETS	False	up	198	1.5760579	0.02131783	0.8413208	1.0	6726
drop_IL66B	4	REACTOME_CHOLESTEROL_BIOSYNTHESIS	False	up	26	1.551531	0.011049724	0.85849255	1.0	7109
drop_NL70B	1234	KEGG_MEDICUS_REFERENCE_TRANSLATION_INITIATION	True	down	80	-1.9882349	0.0	0.004527714	0.013	1
drop_NL70B	1234	REACTOME_EUKARYOTIC_TRANSLATION_ELONGATION	True	down	91	-1.9435877	0.0	0.059128676	0.323	8
drop_NL70B	1234	REACTOME_RESPONSE_OF_EIF2AK4_GCN2_TO_AMINO_ACID_DEFICIENCY	True	down	99	-1.9588398	0.0	0.030894693	0.135	5
drop_NL70B	1234	KEGG_RIBOSOME	True	down	85	-1.954181	0.0	0.032689344	0.167	6
drop_NL70B	1234	REACTOME_SELENOAMINO_ACID_METABOLISM	True	down	112	-1.9790132	0.0	0.009394583	0.035	4
drop_NL70B	1234	REACTOME_CELLULAR_RESPONSE_TO_STARVATION	True	down	150	-1.9435378	0.0	0.05199526	0.323	7
drop_NL70B	1234	GOBP_RIBOSOME_BIOGENESIS	False	down	321	-1.6792316	0.03522505	0.7885255	1.0	5029
drop_NL70B	1234	HALLMARK_MTORC1_SIGNALING	False	down	196	-1.5619297	0.045360826	0.65038896	1.0	1050
drop_NL70B	1234	HALLMARK_MYC_TARGETS_V1	False	down	200	-1.3811616	0.11309524	0.6216761	1.0	215
drop_NL70B	1234	HALLMARK_GLYCOLYSIS	False	down	182	-1.63214	0.04048583	0.6930214	1.0	1816
drop_NL70B	1234	HALLMARK_OXIDATIVE_PHOSPHORYLATION	False	down	200	-1.4484154	0.078891255	0.6225883	1.0	235
drop_NL70B	1234	REACTOME_CITRIC_ACID_CYCLE_TCA_CYCLE	False	down	22	-0.7570098	0.78054297	0.88022476	1.0	7395
drop_NL70B	1234	SEMENZA_HIF1_TARGETS	False	down	33	-1.7744974	0.0047281324	0.8494486	1.0	6908
drop_NL70B	1234	BUFFA_HYPOXIA_METAGENE	False	down	50	-1.8282723	0.009237875	0.7160814	1.0	2390
drop_NL70B	1234	HALLMARK_MITOTIC_SPINDLE	False	up	199	1.7038304	0.025878003	1.0	1.0	8598
drop_NL70B	1234	HALLMARK_G2M_CHECKPOINT	False	up	198	1.6796155	0.031558186	1.0	1.0	8598
drop_NL70B	1234	HALLMARK_E2F_TARGETS	False	up	198	1.355051	0.08102767	0.7541919	1.0	4035
drop_NL70B	1234	REACTOME_CHOLESTEROL_BIOSYNTHESIS	False	up	26	1.4503175	0.06140351	0.91691864	1.0	7828
drop_NL70B	1	KEGG_MEDICUS_REFERENCE_TRANSLATION_INITIATION	True	down	80	-2.0114033	0.0	0.001043919	0.003	3
drop_NL70B	1	REACTOME_EUKARYOTIC_TRANSLATION_ELONGATION	True	down	91	-2.0359213	0.0	0.0	0.0	1
drop_NL70B	1	REACTOME_RESPONSE_OF_EIF2AK4_GCN2_TO_AMINO_ACID_DEFICIENCY	True	down	99	-1.956171	0.0	0.028874725	0.175	9
drop_NL70B	1	KEGG_RIBOSOME	True	down	85	-1.9943566	0.0	0.0028742366	0.011	4
drop_NL70B	1	REACTOME_SELENOAMINO_ACID_METABOLISM	True	down	112	-1.9559195	0.0	0.026049403	0.178	7
drop_NL70B	1	REACTOME_CELLULAR_RESPONSE_TO_STARVATION	True	down	150	-1.9536391	0.0	0.026516605	0.2	8
drop_NL70B	1	GOBP_RIBOSOME_BIOGENESIS	False	down	321	-1.6894721	0.018828452	0.7961323	1.0	5258
drop_NL70B	1	HALLMARK_MTORC1_SIGNALING	False	down	196	-1.5894554	0.042168673	0.679062	1.0	1623
drop_NL70B	1	HALLMARK_MYC_TARGETS_V1	False	down	200	-1.3870109	0.108050846	0.62098724	1.0	192
drop_NL70B	1	HALLMARK_GLYCOLYSIS	False	down	182	-1.6261765	0.04	0.6657897	1.0	1481
drop_NL70B	1	HALLMARK_OXIDATIVE_PHOSPHORYLATION	False	down	200	-1.4219666	0.06720977	0.621402	1.0	211
drop_NL70B	1	REACTOME_CITRIC_ACID_CYCLE_TCA_CYCLE	False	down	22	-0.7547703	0.7563805	0.8844483	1.0	7434
drop_NL70B	1	SEMENZA_HIF1_TARGETS	False	down	33	-1.8175503	0.0021834061	0.7972492	1.0	5298
drop_NL70B	1	BUFFA_HYPOXIA_METAGENE	False	down	50	-1.8267417	0.006369427	0.81940144	1.0	6070
drop_NL70B	1	HALLMARK_MITOTIC_SPINDLE	False	up	199	1.6715101	0.030737706	1.0	1.0	8591
drop_NL70B	1	HALLMARK_G2M_CHECKPOINT	False	up	198	1.6319051	0.040618956	1.0	1.0	8591
drop_NL70B	1	HALLMARK_E2F_TARGETS	False	up	198	1.3695579	0.08118081	0.78088313	1.0	4773
drop_NL70B	1	REACTOME_CHOLESTEROL_BIOSYNTHESIS	False	up	26	1.4660946	0.046428572	0.9418962	1.0	8089
drop_NL70B	2	KEGG_MEDICUS_REFERENCE_TRANSLATION_INITIATION	True	down	80	-1.9691722	0.0	0.014813224	0.067	4
drop_NL70B	2	REACTOME_EUKARYOTIC_TRANSLATION_ELONGATION	True	down	91	-1.9846449	0.0	0.009393318	0.027	3
drop_NL70B	2	REACTOME_RESPONSE_OF_EIF2AK4_GCN2_TO_AMINO_ACID_DEFICIENCY	True	down	99	-1.9979293	0.0	0.009379479	0.009	2
drop_NL70B	2	KEGG_RIBOSOME	True	down	85	-1.9693786	0.0	0.01773083	0.064	5
drop_NL70B	2	REACTOME_SELENOAMINO_ACID_METABOLISM	True	down	112	-1.9249568	0.0	0.10229949	0.659	10
drop_NL70B	2	REACTOME_CELLULAR_RESPONSE_TO_STARVATION	True	down	150	-1.9548186	0.0	0.03425247	0.179	6
drop_NL70B	2	GOBP_RIBOSOME_BIOGENESIS	False	down	321	-1.6730566	0.027139874	0.7949288	1.0	5275
drop_NL70B	2	HALLMARK_MTORC1_SIGNALING	False	down	196	-1.5890397	0.036885247	0.6391134	1.0	922
drop_NL70B	2	HALLMARK_MYC_TARGETS_V1	False	down	200	-1.387868	0.09979633	0.6256474	1.0	395
drop_NL70B	2	HALLMARK_GLYCOLYSIS	False	down	182	-1.684836	0.018036073	0.8091019	1.0	5689
drop_NL70B	2	HALLMARK_OXIDATIVE_PHOSPHORYLATION	False	down	200	-1.402879	0.10557769	0.6189861	1.0	100
drop_NL70B	2	REACTOME_CITRIC_ACID_CYCLE_TCA_CYCLE	False	down	22	-0.7415678	0.7837838	0.8930631	1.0	7563
drop_NL70B	2	SEMENZA_HIF1_TARGETS	False	down	33	-1.8085454	0.0045454544	0.92829406	1.0	7976
drop_NL70B	2	BUFFA_HYPOXIA_METAGENE	False	down	50	-1.795507	0.010729614	0.8625512	1.0	7054
drop_NL70B	2	HALLMARK_MITOTIC_SPINDLE	False	up	199	1.6891102	0.027944112	1.0	1.0	8604
drop_NL70B	2	HALLMARK_G2M_CHECKPOINT	False	up	198	1.6935086	0.032818533	1.0	1.0	8604
drop_NL70B	2	HALLMARK_E2F_TARGETS	False	up	198	1.3975264	0.07569721	0.8297323	1.0	6407
drop_NL70B	2	REACTOME_CHOLESTEROL_BIOSYNTHESIS	False	up	26	1.4849764	0.05839416	1.0	1.0	8604
drop_NL70B	3	KEGG_MEDICUS_REFERENCE_TRANSLATION_INITIATION	True	down	80	-2.003699	0.0	0.009373541	0.009	1
drop_NL70B	3	REACTOME_EUKARYOTIC_TRANSLATION_ELONGATION	True	down	91	-1.9648638	0.0	0.03091477	0.114	4
drop_NL70B	3	REACTOME_RESPONSE_OF_EIF2AK4_GCN2_TO_AMINO_ACID_DEFICIENCY	True	down	99	-1.949133	0.0	0.0628674	0.26	5
drop_NL70B	3	KEGG_RIBOSOME	True	down	85	-1.9748728	0.0	0.023925658	0.066	3
drop_NL70B	3	REACTOME_SELENOAMINO_ACID_METABOLISM	True	down	112	-1.9902844	0.0	0.010417096	0.02	2
drop_NL70B	3	REACTOME_CELLULAR_RESPONSE_TO_STARVATION	True	down	150	-1.9382241	0.0	0.07982565	0.455	8
drop_NL70B	3	GOBP_RIBOSOME_BIOGENESIS	False	down	321	-1.6866664	0.032719836	0.77066725	1.0	4421
drop_NL70B	3	HALLMARK_MTORC1_SIGNALING	False	down	196	-1.5843053	0.046184737	0.65396595	1.0	1189
drop_NL70B	3	HALLMARK_MYC_TARGETS_V1	False	down	200	-1.4244987	0.066945605	0.6199487	1.0	169
drop_NL70B	3	HALLMARK_GLYCOLYSIS	False	down	182	-1.6384232	0.04411765	0.6918753	1.0	1726
drop_NL70B	3	HALLMARK_OXIDATIVE_PHOSPHORYLATION	False	down	200	-1.399896	0.09619238	0.6182608	1.0	92
drop_NL70B	3	REACTOME_CITRIC_ACID_CYCLE_TCA_CYCLE	False	down	22	-0.771029	0.73239434	0.87028706	1.0	7279
drop_NL70B	3	SEMENZA_HIF1_TARGETS	False	down	33	-1.8606099	0.0042643924	0.55791545	0.999	18
drop_NL70B	3	BUFFA_HYPOXIA_METAGENE	False	down	50	-1.7804873	0.0088691795	0.8125684	1.0	5857
drop_NL70B	3	HALLMARK_MITOTIC_SPINDLE	False	up	199	1.6650658	0.03137255	1.0	1.0	8600
drop_NL70B	3	HALLMARK_G2M_CHECKPOINT	False	up	198	1.6677175	0.029239766	1.0	1.0	8600
drop_NL70B	3	HALLMARK_E2F_TARGETS	False	up	198	1.3531284	0.09037328	0.77226615	1.0	4473
drop_NL70B	3	REACTOME_CHOLESTEROL_BIOSYNTHESIS	False	up	26	1.4712783	0.050522648	0.9673328	1.0	8341
drop_NL70B	4	KEGG_MEDICUS_REFERENCE_TRANSLATION_INITIATION	True	down	80	-1.9912121	0.0	0.0027121326	0.013	4
drop_NL70B	4	REACTOME_EUKARYOTIC_TRANSLATION_ELONGATION	True	down	91	-2.000063	0.0	0.0020900758	0.006	3
drop_NL70B	4	REACTOME_RESPONSE_OF_EIF2AK4_GCN2_TO_AMINO_ACID_DEFICIENCY	True	down	99	-1.9490058	0.0	0.034227606	0.252	9
drop_NL70B	4	KEGG_RIBOSOME	True	down	85	-1.9851177	0.0	0.003655952	0.02	6
drop_NL70B	4	REACTOME_SELENOAMINO_ACID_METABOLISM	True	down	112	-1.9763609	0.0	0.006113134	0.04	7
drop_NL70B	4	REACTOME_CELLULAR_RESPONSE_TO_STARVATION	True	down	150	-2.0178573	0.0	0.0005240481	0.001	1
drop_NL70B	4	GOBP_RIBOSOME_BIOGENESIS	False	down	321	-1.7055064	0.021653544	0.80629647	1.0	5563
drop_NL70B	4	HALLMARK_MTORC1_SIGNALING	False	down	196	-1.5840514	0.03557312	0.6562281	1.0	1210
drop_NL70B	4	HALLMARK_MYC_TARGETS_V1	False	down	200	-1.4109929	0.10597303	0.6049705	1.0	25
drop_NL70B	4	HALLMARK_GLYCOLYSIS	False	down	182	-1.6116192	0.042194095	0.6744393	1.0	1594
drop_NL70B	4	HALLMARK_OXIDATIVE_PHOSPHORYLATION	False	down	200	-1.429077	0.08232932	0.625376	1.0	284
drop_NL70B	4	REACTOME_CITRIC_ACID_CYCLE_TCA_CYCLE	False	down	22	-0.77001417	0.72505546	0.8701595	1.0	7238
drop_NL70B	4	SEMENZA_HIF1_TARGETS	False	down	33	-1.8054258	0.0	0.7919771	1.0	5203
drop_NL70B	4	BUFFA_HYPOXIA_METAGENE	False	down	50	-1.8161792	0.0066815144	0.84512585	1.0	6769
drop_NL70B	4	HALLMARK_MITOTIC_SPINDLE	False	up	199	1.6967266	0.02504817	1.0	1.0	8603
drop_NL70B	4	HALLMARK_G2M_CHECKPOINT	False	up	198	1.6654571	0.036363635	1.0	1.0	8603
drop_NL70B	4	HALLMARK_E2F_TARGETS	False	up	198	1.345917	0.0940499	0.74410206	1.0	3711
drop_NL70B	4	REACTOME_CHOLESTEROL_BIOSYNTHESIS	False	up	26	1.459917	0.046511628	0.92343277	1.0	7925
drop_NL71B	1234	KEGG_MEDICUS_REFERENCE_TRANSLATION_INITIATION	True	down	80	-1.9237803	0.0	0.33504006	0.975	9
drop_NL71B	1234	REACTOME_EUKARYOTIC_TRANSLATION_ELONGATION	True	down	91	-1.9771665	0.0	0.06988246	0.207	3
drop_NL71B	1234	REACTOME_RESPONSE_OF_EIF2AK4_GCN2_TO_AMINO_ACID_DEFICIENCY	True	down	99	-1.9745667	0.0	0.058681574	0.229	2
drop_NL71B	1234	KEGG_RIBOSOME	True	down	85	-1.9666681	0.0	0.081406705	0.352	5
drop_NL71B	1234	REACTOME_SELENOAMINO_ACID_METABOLISM	True	down	112	-1.9529337	0.0	0.14589539	0.599	7
drop_NL71B	1234	REACTOME_CELLULAR_RESPONSE_TO_STARVATION	True	down	150	-1.9883947	0.0	0.081164114	0.085	4
drop_NL71B	1234	GOBP_RIBOSOME_BIOGENESIS	False	down	321	-1.6126841	0.05982906	0.7669094	1.0	5379
drop_NL71B	1234	HALLMARK_MTORC1_SIGNALING	False	down	195	-1.6060835	0.039622642	0.7534685	1.0	5048
drop_NL71B	1234	HALLMARK_MYC_TARGETS_V1	False	down	200	-1.4061868	0.101886794	0.60315055	1.0	141
drop_NL71B	1234	HALLMARK_GLYCOLYSIS	False	down	181	-1.619484	0.052930057	0.77397084	1.0	5492
drop_NL71B	1234	HALLMARK_OXIDATIVE_PHOSPHORYLATION	False	down	200	-1.4440267	0.08490566	0.6228027	1.0	1317
drop_NL71B	1234	REACTOME_CITRIC_ACID_CYCLE_TCA_CYCLE	False	down	22	-0.77265114	0.7081448	0.86803603	1.0	7489
drop_NL71B	1234	SEMENZA_HIF1_TARGETS	False	down	32	-1.7331511	0.004310345	1.0	1.0	8702
drop_NL71B	1234	BUFFA_HYPOXIA_METAGENE	False	down	50	-1.8409712	0.01	1.0	1.0	8702
drop_NL71B	1234	HALLMARK_MITOTIC_SPINDLE	False	up	199	1.7937288	0.0	1.0	1.0	8702
drop_NL71B	1234	HALLMARK_G2M_CHECKPOINT	False	up	198	1.6880898	0.0062240665	1.0	1.0	8702
drop_NL71B	1234	HALLMARK_E2F_TARGETS	False	up	198	1.3863547	0.038910504	0.6266402	1.0	1567
drop_NL71B	1234	REACTOME_CHOLESTEROL_BIOSYNTHESIS	False	up	26	1.284972	0.18738404	0.6141284	1.0	671
drop_NL71B	1	KEGG_MEDICUS_REFERENCE_TRANSLATION_INITIATION	True	down	80	-2.0203903	0.0	0.007406633	0.008	1
drop_NL71B	1	REACTOME_EUKARYOTIC_TRANSLATION_ELONGATION	True	down	91	-1.9580717	0.0	0.13139874	0.494	5
drop_NL71B	1	REACTOME_RESPONSE_OF_EIF2AK4_GCN2_TO_AMINO_ACID_DEFICIENCY	True	down	99	-1.9562439	0.0	0.119579926	0.528	4
drop_NL71B	1	KEGG_RIBOSOME	True	down	85	-1.9529905	0.0	0.105745584	0.595	2
drop_NL71B	1	REACTOME_SELENOAMINO_ACID_METABOLISM	True	down	112	-1.9542516	0.0	0.11313721	0.568	3
drop_NL71B	1	REACTOME_CELLULAR_RESPONSE_TO_STARVATION	True	down	150	-1.9581224	0.0	0.1640154	0.493	6
drop_NL71B	1	GOBP_RIBOSOME_BIOGENESIS	False	down	321	-1.6614937	0.03924915	0.8790245	1.0	7634
drop_NL71B	1	HALLMARK_MTORC1_SIGNALING	False	down	195	-1.5774516	0.06792453	0.69311935	1.0	3804
drop_NL71B	1	HALLMARK_MYC_TARGETS_V1	False	down	200	-1.3902446	0.11328125	0.6076341	1.0	272
drop_NL71B	1	HALLMARK_GLYCOLYSIS	False	down	181	-1.6316321	0.026217228	0.76849246	1.0	5431
drop_NL71B	1	HALLMARK_OXIDATIVE_PHOSPHORYLATION	False	down	200	-1.4432596	0.09026549	0.62096345	1.0	918
drop_NL71B	1	REACTOME_CITRIC_ACID_CYCLE_TCA_CYCLE	False	down	22	-0.761845	0.74892706	0.878019	1.0	7618
drop_NL71B	1	SEMENZA_HIF1_TARGETS	False	down	32	-1.8010296	0.016877636	1.0	1.0	8703
drop_NL71B	1	BUFFA_HYPOXIA_METAGENE	False	down	50	-1.8402803	0.008528785	1.0	1.0	8703
drop_NL71B	1	HALLMARK_MITOTIC_SPINDLE	False	up	199	1.7864186	0.002096436	1.0	1.0	8703
drop_NL71B	1	HALLMARK_G2M_CHECKPOINT	False	up	198	1.6877949	0.0	1.0	1.0	8703
drop_NL71B	1	HALLMARK_E2F_TARGETS	False	up	198	1.3647033	0.062248997	0.6150966	1.0	621
drop_NL71B	1	REACTOME_CHOLESTEROL_BIOSYNTHESIS	False	up	26	1.2507138	0.19439252	0.623055	1.0	1083
drop_NL71B	2	KEGG_MEDICUS_REFERENCE_TRANSLATION_INITIATION	True	down	80	-2.0039697	0.0	0.017689772	0.036	1
drop_NL71B	2	REACTOME_EUKARYOTIC_TRANSLATION_ELONGATION	True	down	91	-2.0070338	0.0	0.030728703	0.031	2
drop_NL71B	2	REACTOME_RESPONSE_OF_EIF2AK4_GCN2_TO_AMINO_ACID_DEFICIENCY	True	down	99	-1.97415	0.0	0.08935195	0.251	3
drop_NL71B	2	KEGG_RIBOSOME	True	down	85	-1.9597548	0.0	0.12152651	0.476	9
drop_NL71B	2	REACTOME_SELENOAMINO_ACID_METABOLISM	True	down	112	-1.9520106	0.0	0.11392602	0.624	8
drop_NL71B	2	REACTOME_CELLULAR_RESPONSE_TO_STARVATION	True	down	150	-1.9582115	0.0	0.09279375	0.499	4
drop_NL71B	2	GOBP_RIBOSOME_BIOGENESIS	False	down	321	-1.6441753	0.036777582	0.82567614	1.0	6668
drop_NL71B	2	HALLMARK_MTORC1_SIGNALING	False	down	195	-1.5587797	0.06153846	0.6898064	1.0	3718
drop_NL71B	2	HALLMARK_MYC_TARGETS_V1	False	down	200	-1.3901986	0.11171171	0.6155919	1.0	925
drop_NL71B	2	HALLMARK_GLYCOLYSIS	False	down	181	-1.6239916	0.04315197	0.77045745	1.0	5433
drop_NL71B	2	HALLMARK_OXIDATIVE_PHOSPHORYLATION	False	down	200	-1.4216855	0.107407406	0.60326034	1.0	44
drop_NL71B	2	REACTOME_CITRIC_ACID_CYCLE_TCA_CYCLE	False	down	22	-0.78349906	0.7205543	0.86274236	1.0	7392
drop_NL71B	2	SEMENZA_HIF1_TARGETS	False	down	32	-1.7849299	0.008438818	1.0	1.0	8697
drop_NL71B	2	BUFFA_HYPOXIA_METAGENE	False	down	50	-1.7527561	0.014799154	1.0	1.0	8697
drop_NL71B	2	HALLMARK_MITOTIC_SPINDLE	False	up	199	1.7751894	0.0021276595	1.0	1.0	8697
drop_NL71B	2	HALLMARK_G2M_CHECKPOINT	False	up	198	1.7043761	0.010504202	1.0	1.0	8697
drop_NL71B	2	HALLMARK_E2F_TARGETS	False	up	198	1.3735937	0.058558557	0.6151201	1.0	902
drop_NL71B	2	REACTOME_CHOLESTEROL_BIOSYNTHESIS	False	up	26	1.2683238	0.1569343	0.6124431	1.0	691
drop_NL71B	3	KEGG_MEDICUS_REFERENCE_TRANSLATION_INITIATION	True	down	80	-2.0009298	0.0	0.012557991	0.027	2
drop_NL71B	3	REACTOME_EUKARYOTIC_TRANSLATION_ELONGATION	True	down	91	-2.000288	0.0	0.008679506	0.028	1
drop_NL71B	3	REACTOME_RESPONSE_OF_EIF2AK4_GCN2_TO_AMINO_ACID_DEFICIENCY	True	down	99	-1.9829798	0.0	0.03047373	0.122	5
drop_NL71B	3	KEGG_RIBOSOME	True	down	85	-1.965624	0.0	0.06783223	0.349	6
drop_NL71B	3	REACTOME_SELENOAMINO_ACID_METABOLISM	True	down	112	-2.0015073	0.0	0.025115982	0.027	3
drop_NL71B	3	REACTOME_CELLULAR_RESPONSE_TO_STARVATION	True	down	150	-1.9598219	0.0	0.08100086	0.448	7
drop_NL71B	3	GOBP_RIBOSOME_BIOGENESIS	False	down	321	-1.613432	0.055555556	0.7570053	1.0	5112
drop_NL71B	3	HALLMARK_MTORC1_SIGNALING	False	down	195	-1.5506582	0.078504674	0.69486076	1.0	3834
drop_NL71B	3	HALLMARK_MYC_TARGETS_V1	False	down	200	-1.4268712	0.083333336	0.62003285	1.0	953
drop_NL71B	3	HALLMARK_GLYCOLYSIS	False	down	181	-1.6632676	0.04570384	0.91050476	1.0	8018
drop_NL71B	3	HALLMARK_OXIDATIVE_PHOSPHORYLATION	False	down	200	-1.4436052	0.0917603	0.62922394	1.0	1696
drop_NL71B	3	REACTOME_CITRIC_ACID_CYCLE_TCA_CYCLE	False	down	22	-0.7722961	0.73913044	0.8688541	1.0	7509
drop_NL71B	3	SEMENZA_HIF1_TARGETS	False	down	32	-1.7999319	0.0041067763	1.0	1.0	8696
drop_NL71B	3	BUFFA_HYPOXIA_METAGENE	False	down	50	-1.8135253	0.006437768	1.0	1.0	8696
drop_NL71B	3	HALLMARK_MITOTIC_SPINDLE	False	up	199	1.7649658	0.0	1.0	1.0	8696
drop_NL71B	3	HALLMARK_G2M_CHECKPOINT	False	up	198	1.6992015	0.0022123894	1.0	1.0	8696
drop_NL71B	3	HALLMARK_E2F_TARGETS	False	up	198	1.3697964	0.06666667	0.6135901	1.0	605
drop_NL71B	3	REACTOME_CHOLESTEROL_BIOSYNTHESIS	False	up	26	1.2528964	0.2	0.6259284	1.0	1519
drop_NL71B	4	KEGG_MEDICUS_REFERENCE_TRANSLATION_INITIATION	True	down	80	-1.9566034	0.0	0.120204195	0.531	7
drop_NL71B	4	REACTOME_EUKARYOTIC_TRANSLATION_ELONGATION	True	down	91	-1.9975419	0.0	0.016764615	0.053	1
drop_NL71B	4	REACTOME_RESPONSE_OF_EIF2AK4_GCN2_TO_AMINO_ACID_DEFICIENCY	True	down	99	-2.0028033	0.0	0.01677468	0.036	2
drop_NL71B	4	KEGG_RIBOSOME	True	down	85	-2.0037606	0.0	0.03354936	0.036	4
drop_NL71B	4	REACTOME_SELENOAMINO_ACID_METABOLISM	True	down	112	-1.9239033	0.0	0.42714256	0.97	8
drop_NL71B	4	REACTOME_CELLULAR_RESPONSE_TO_STARVATION	True	down	150	-1.9777805	0.0	0.04093097	0.198	5
drop_NL71B	4	GOBP_RIBOSOME_BIOGENESIS	False	down	321	-1.6543925	0.050724637	0.8234355	1.0	6582
drop_NL71B	4	HALLMARK_MTORC1_SIGNALING	False	down	195	-1.5694245	0.05313093	0.68300223	1.0	3351
drop_NL71B	4	HALLMARK_MYC_TARGETS_V1	False	down	200	-1.3966897	0.11494253	0.6090926	1.0	430
drop_NL71B	4	HALLMARK_GLYCOLYSIS	False	down	181	-1.6827948	0.031135531	1.0	1.0	8705
drop_NL71B	4	HALLMARK_OXIDATIVE_PHOSPHORYLATION	False	down	200	-1.4687613	0.074906364	0.6193779	1.0	883
drop_NL71B	4	REACTOME_CITRIC_ACID_CYCLE_TCA_CYCLE	False	down	22	-0.77110064	0.758547	0.8710384	1.0	7521
drop_NL71B	4	SEMENZA_HIF1_TARGETS	False	down	32	-1.7825624	0.006535948	1.0	1.0	8705
drop_NL71B	4	BUFFA_HYPOXIA_METAGENE	False	down	50	-1.803089	0.008810572	1.0	1.0	8705
drop_NL71B	4	HALLMARK_MITOTIC_SPINDLE	False	up	199	1.7823007	0.0	1.0	0.999	8705
drop_NL71B	4	HALLMARK_G2M_CHECKPOINT	False	up	198	1.680633	0.0	1.0	1.0	8705
drop_NL71B	4	HALLMARK_E2F_TARGETS	False	up	198	1.3555939	0.06726457	0.60521835	1.0	132
drop_NL71B	4	REACTOME_CHOLESTEROL_BIOSYNTHESIS	False	up	26	1.265669	0.17457305	0.6203113	1.0	954
drop_IL67B_nofilter	1234	KEGG_MEDICUS_REFERENCE_TRANSLATION_INITIATION	True	down	80	-1.9415604	0.0	0.12584138	0.123	1
drop_IL67B_nofilter	1234	REACTOME_EUKARYOTIC_TRANSLATION_ELONGATION	True	down	91	-1.9196943	0.0	0.1912097	0.457	3
drop_IL67B_nofilter	1234	REACTOME_RESPONSE_OF_EIF2AK4_GCN2_TO_AMINO_ACID_DEFICIENCY	True	down	99	-1.9223366	0.0	0.24176328	0.394	4
drop_IL67B_nofilter	1234	KEGG_RIBOSOME	True	down	85	-1.9003453	0.0	0.33896905	0.84	6
drop_IL67B_nofilter	1234	REACTOME_SELENOAMINO_ACID_METABOLISM	True	down	112	-1.915708	0.0018726592	0.18452902	0.541	2
drop_IL67B_nofilter	1234	REACTOME_CELLULAR_RESPONSE_TO_STARVATION	True	down	150	-1.8885323	0.0	0.41292217	0.956	7
drop_IL67B_nofilter	1234	GOBP_RIBOSOME_BIOGENESIS	False	down	321	-1.6496128	0.044067796	0.92602867	1.0	8119
drop_IL67B_nofilter	1234	HALLMARK_MTORC1_SIGNALING	False	down	196	-1.4826866	0.06148282	0.6415675	1.0	1429
drop_IL67B_nofilter	1234	HALLMARK_MYC_TARGETS_V1	False	down	200	-1.3983691	0.096491225	0.63452536	1.0	1144
drop_IL67B_nofilter	1234	HALLMARK_GLYCOLYSIS	False	down	182	-1.5552406	0.06007067	0.69674015	1.0	3140
drop_IL67B_nofilter	1234	HALLMARK_OXIDATIVE_PHOSPHORYLATION	False	down	200	-1.5055443	0.048507463	0.6523297	1.0	1983
drop_IL67B_nofilter	1234	REACTOME_CITRIC_ACID_CYCLE_TCA_CYCLE	False	down	22	-0.8170865	0.6923077	0.8501195	1.0	6974
drop_IL67B_nofilter	1234	SEMENZA_HIF1_TARGETS	False	down	33	-1.7532792	0.015350877	1.0	1.0	8691
drop_IL67B_nofilter	1234	BUFFA_HYPOXIA_METAGENE	False	down	50	-1.7551528	0.010822511	1.0	1.0	8691
drop_IL67B_nofilter	1234	HALLMARK_MITOTIC_SPINDLE	False	up	199	1.7667636	0.0	1.0	1.0	8691
drop_IL67B_nofilter	1234	HALLMARK_G2M_CHECKPOINT	False	up	198	1.6422957	0.010989011	1.0	1.0	8691
drop_IL67B_nofilter	1234	HALLMARK_E2F_TARGETS	False	up	198	1.3491731	0.076576576	0.6203467	1.0	422
drop_IL67B_nofilter	1234	REACTOME_CHOLESTEROL_BIOSYNTHESIS	False	up	26	1.3504932	0.125	0.6220966	1.0	529
drop_IL68B_nofilter	1234	KEGG_MEDICUS_REFERENCE_TRANSLATION_INITIATION	True	down	80	-1.9732004	0.0	0.0022973707	0.004	2
drop_IL68B_nofilter	1234	REACTOME_EUKARYOTIC_TRANSLATION_ELONGATION	True	down	91	-1.9617643	0.0	0.0025789326	0.009	3
drop_IL68B_nofilter	1234	REACTOME_RESPONSE_OF_EIF2AK4_GCN2_TO_AMINO_ACID_DEFICIENCY	True	down	99	-1.9077141	0.0	0.03159878	0.258	10
drop_IL68B_nofilter	1234	KEGG_RIBOSOME	True	down	85	-1.9217858	0.0	0.022105595	0.122	7
drop_IL68B_nofilter	1234	REACTOME_SELENOAMINO_ACID_METABOLISM	True	down	112	-1.8719649	0.0023809525	0.09476521	0.772	18
drop_IL68B_nofilter	1234	REACTOME_CELLULAR_RESPONSE_TO_STARVATION	True	down	150	-1.8465126	0.0	0.17459352	0.971	23
drop_IL68B_nofilter	1234	GOBP_RIBOSOME_BIOGENESIS	False	down	321	-1.1649908	0.20338982	0.60724664	1.0	1844
drop_IL68B_nofilter	1234	HALLMARK_MTORC1_SIGNALING	False	down	196	-1.5447899	0.04137931	0.46187812	1.0	480
drop_IL68B_nofilter	1234	HALLMARK_MYC_TARGETS_V1	False	down	200	-0.93868953	0.5095238	0.73232746	1.0	2963
drop_IL68B_nofilter	1234	HALLMARK_GLYCOLYSIS	False	down	182	-1.5926936	0.029345373	0.44856465	1.0	375
drop_IL68B_nofilter	1234	HALLMARK_OXIDATIVE_PHOSPHORYLATION	False	down	200	-0.9789983	0.43271768	0.71098715	1.0	2741
drop_IL68B_nofilter	1234	REACTOME_CITRIC_ACID_CYCLE_TCA_CYCLE	False	up	22	0.6326178	0.9056604	0.9675375	1.0	8420
drop_IL68B_nofilter	1234	SEMENZA_HIF1_TARGETS	False	down	33	-1.7341186	0.022167487	0.41015273	1.0	101
drop_IL68B_nofilter	1234	BUFFA_HYPOXIA_METAGENE	False	down	50	-1.8105048	0.0073710075	0.29504898	1.0	40
drop_IL68B_nofilter	1234	HALLMARK_MITOTIC_SPINDLE	False	up	199	1.5702586	0.033955857	1.0	1.0	8595
drop_IL68B_nofilter	1234	HALLMARK_G2M_CHECKPOINT	False	up	198	1.6670833	0.024834437	1.0	1.0	8595
drop_IL68B_nofilter	1234	HALLMARK_E2F_TARGETS	False	up	198	1.5751065	0.03527337	1.0	1.0	8595
drop_IL68B_nofilter	1234	REACTOME_CHOLESTEROL_BIOSYNTHESIS	False	up	26	1.5861009	0.025	1.0	1.0	8595
drop_IL69B_nofilter	1234	KEGG_MEDICUS_REFERENCE_TRANSLATION_INITIATION	True	down	80	-1.9916829	0.0	0.05241764	0.057	1
drop_IL69B_nofilter	1234	REACTOME_EUKARYOTIC_TRANSLATION_ELONGATION	True	down	91	-1.9289412	0.0042735045	1.0	0.966	8645
drop_IL69B_nofilter	1234	REACTOME_RESPONSE_OF_EIF2AK4_GCN2_TO_AMINO_ACID_DEFICIENCY	True	down	99	-1.9306698	0.0	1.0	0.952	8645
drop_IL69B_nofilter	1234	KEGG_RIBOSOME	True	down	85	-1.9278433	0.0	0.82140994	0.972	6235
drop_IL69B_nofilter	1234	REACTOME_SELENOAMINO_ACID_METABOLISM	True	down	112	-1.9278344	0.0021645022	0.657128	0.972	2665
drop_IL69B_nofilter	1234	REACTOME_CELLULAR_RESPONSE_TO_STARVATION	True	down	150	-1.9117876	0.004237288	1.0	0.999	8645
drop_IL69B_nofilter	1234	GOBP_RIBOSOME_BIOGENESIS	False	down	321	-1.5912743	0.091093116	1.0	1.0	8645
drop_IL69B_nofilter	1234	HALLMARK_MTORC1_SIGNALING	False	down	196	-1.3453865	0.1205074	0.70229954	1.0	3129
drop_IL69B_nofilter	1234	HALLMARK_MYC_TARGETS_V1	False	down	200	-1.2257761	0.18526316	0.7176001	1.0	3719
drop_IL69B_nofilter	1234	HALLMARK_GLYCOLYSIS	False	down	182	-1.4503665	0.09859155	0.76235646	1.0	4927
drop_IL69B_nofilter	1234	HALLMARK_OXIDATIVE_PHOSPHORYLATION	False	down	200	-1.4653375	0.065645516	0.7811863	1.0	5369
drop_IL69B_nofilter	1234	REACTOME_CITRIC_ACID_CYCLE_TCA_CYCLE	False	down	22	-0.7423679	0.7860577	0.90137774	1.0	7626
drop_IL69B_nofilter	1234	SEMENZA_HIF1_TARGETS	False	down	33	-1.7820995	0.019184653	1.0	1.0	8645
drop_IL69B_nofilter	1234	BUFFA_HYPOXIA_METAGENE	False	down	50	-1.7760555	0.014251782	1.0	1.0	8645
drop_IL69B_nofilter	1234	HALLMARK_MITOTIC_SPINDLE	False	up	199	1.8078858	0.0	1.0	0.85	8645
drop_IL69B_nofilter	1234	HALLMARK_G2M_CHECKPOINT	False	up	198	1.7371397	0.001858736	1.0	1.0	8645
drop_IL69B_nofilter	1234	HALLMARK_E2F_TARGETS	False	up	198	1.4605991	0.025490196	0.50013036	1.0	642
drop_IL69B_nofilter	1234	REACTOME_CHOLESTEROL_BIOSYNTHESIS	False	up	26	1.5228585	0.019677997	0.5529504	1.0	1501
drop_IL66B_nofilter	1234	KEGG_MEDICUS_REFERENCE_TRANSLATION_INITIATION	True	down	80	-1.9994738	0.0	0.028614387	0.029	1
drop_IL66B_nofilter	1234	REACTOME_EUKARYOTIC_TRANSLATION_ELONGATION	True	down	91	-1.9167727	0.0063965884	1.0	0.996	8635
drop_IL66B_nofilter	1234	REACTOME_RESPONSE_OF_EIF2AK4_GCN2_TO_AMINO_ACID_DEFICIENCY	True	down	99	-1.9340376	0.0021834061	1.0	0.925	8635
drop_IL66B_nofilter	1234	KEGG_RIBOSOME	True	down	85	-1.9311749	0.0	0.9713533	0.95	8464
drop_IL66B_nofilter	1234	REACTOME_SELENOAMINO_ACID_METABOLISM	True	down	112	-1.9165525	0.006521739	1.0	0.997	8635
drop_IL66B_nofilter	1234	REACTOME_CELLULAR_RESPONSE_TO_STARVATION	True	down	150	-1.89666	0.0021691974	1.0	1.0	8635
drop_IL66B_nofilter	1234	GOBP_RIBOSOME_BIOGENESIS	False	down	321	-1.4928374	0.09832636	0.70803267	1.0	3622
drop_IL66B_nofilter	1234	HALLMARK_MTORC1_SIGNALING	False	down	196	-1.2540921	0.16129032	0.65556806	1.0	2081
drop_IL66B_nofilter	1234	HALLMARK_MYC_TARGETS_V1	False	down	200	-1.0801555	0.28541225	0.7103819	1.0	3705
drop_IL66B_nofilter	1234	HALLMARK_GLYCOLYSIS	False	down	182	-1.3545039	0.12681913	0.63913774	1.0	1600
drop_IL66B_nofilter	1234	HALLMARK_OXIDATIVE_PHOSPHORYLATION	False	down	200	-1.3381143	0.1	0.641856	1.0	1688
drop_IL66B_nofilter	1234	REACTOME_CITRIC_ACID_CYCLE_TCA_CYCLE	False	down	22	-0.6311414	0.9035294	0.96333784	1.0	8394
drop_IL66B_nofilter	1234	SEMENZA_HIF1_TARGETS	False	down	33	-1.7270241	0.023866348	1.0	1.0	8635
drop_IL66B_nofilter	1234	BUFFA_HYPOXIA_METAGENE	False	down	50	-1.6795284	0.023640662	1.0	1.0	8635
drop_IL66B_nofilter	1234	HALLMARK_MITOTIC_SPINDLE	False	up	199	1.778186	0.0111524165	1.0	1.0	8635
drop_IL66B_nofilter	1234	HALLMARK_G2M_CHECKPOINT	False	up	198	1.74781	0.0072859745	1.0	1.0	8635
drop_IL66B_nofilter	1234	HALLMARK_E2F_TARGETS	False	up	198	1.5718985	0.013409962	0.8625568	1.0	7112
drop_IL66B_nofilter	1234	REACTOME_CHOLESTEROL_BIOSYNTHESIS	False	up	26	1.5989089	0.01438849	0.9333344	1.0	8099
drop_NL70B_nofilter	1234	KEGG_MEDICUS_REFERENCE_TRANSLATION_INITIATION	True	down	80	-2.0079625	0.0	0.0010443447	0.001	1
drop_NL70B_nofilter	1234	REACTOME_EUKARYOTIC_TRANSLATION_ELONGATION	True	down	91	-1.9793272	0.0	0.007287725	0.014	2
drop_NL70B_nofilter	1234	REACTOME_RESPONSE_OF_EIF2AK4_GCN2_TO_AMINO_ACID_DEFICIENCY	True	down	99	-1.9708718	0.0	0.011820434	0.034	3
drop_NL70B_nofilter	1234	KEGG_RIBOSOME	True	down	85	-1.9497583	0.0	0.051725425	0.17	5
drop_NL70B_nofilter	1234	REACTOME_SELENOAMINO_ACID_METABOLISM	True	down	112	-1.9486119	0.0	0.04574154	0.189	4
drop_NL70B_nofilter	1234	REACTOME_CELLULAR_RESPONSE_TO_STARVATION	True	down	150	-1.9376036	0.0	0.07340256	0.343	6
drop_NL70B_nofilter	1234	GOBP_RIBOSOME_BIOGENESIS	False	down	321	-1.6818665	0.02811245	0.7363139	1.0	3187
drop_NL70B_nofilter	1234	HALLMARK_MTORC1_SIGNALING	False	down	196	-1.565803	0.036734693	0.643919	1.0	838
drop_NL70B_nofilter	1234	HALLMARK_MYC_TARGETS_V1	False	down	200	-1.3888776	0.09475806	0.62671095	1.0	174
drop_NL70B_nofilter	1234	HALLMARK_GLYCOLYSIS	False	down	182	-1.6291192	0.03960396	0.687852	1.0	1689
drop_NL70B_nofilter	1234	HALLMARK_OXIDATIVE_PHOSPHORYLATION	False	down	200	-1.4521732	0.06550218	0.6400891	1.0	771
drop_NL70B_nofilter	1234	REACTOME_CITRIC_ACID_CYCLE_TCA_CYCLE	False	down	22	-0.7429829	0.7824074	0.8951528	1.0	7575
drop_NL70B_nofilter	1234	SEMENZA_HIF1_TARGETS	False	down	33	-1.808937	0.007025761	0.68870014	1.0	1697
drop_NL70B_nofilter	1234	BUFFA_HYPOXIA_METAGENE	False	down	50	-1.8138407	0.00921659	0.7102388	1.0	1934
drop_NL70B_nofilter	1234	HALLMARK_MITOTIC_SPINDLE	False	up	199	1.6962742	0.027613413	1.0	1.0	8636
drop_NL70B_nofilter	1234	HALLMARK_G2M_CHECKPOINT	False	up	198	1.6622703	0.02851711	1.0	1.0	8636
drop_NL70B_nofilter	1234	HALLMARK_E2F_TARGETS	False	up	198	1.3887248	0.07378641	0.8265902	1.0	6126
drop_NL70B_nofilter	1234	REACTOME_CHOLESTEROL_BIOSYNTHESIS	False	up	26	1.4948868	0.0445269	1.0	1.0	8636
drop_NL71B_nofilter	1234	KEGG_MEDICUS_REFERENCE_TRANSLATION_INITIATION	True	down	80	-1.9941998	0.0	0.030693287	0.033	1
drop_NL71B_nofilter	1234	REACTOME_EUKARYOTIC_TRANSLATION_ELONGATION	True	down	91	-1.9758952	0.0	0.07897932	0.154	3
drop_NL71B_nofilter	1234	REACTOME_RESPONSE_OF_EIF2AK4_GCN2_TO_AMINO_ACID_DEFICIENCY	True	down	99	-1.9756233	0.0	0.054205377	0.159	2
drop_NL71B_nofilter	1234	KEGG_RIBOSOME	True	down	85	-1.946271	0.0	0.18572621	0.615	5
drop_NL71B_nofilter	1234	REACTOME_SELENOAMINO_ACID_METABOLISM	True	down	112	-1.9630558	0.0019417476	0.092432365	0.324	4
drop_NL71B_nofilter	1234	REACTOME_CELLULAR_RESPONSE_TO_STARVATION	True	down	150	-1.94219	0.0	0.19322804	0.71	6
drop_NL71B_nofilter	1234	GOBP_RIBOSOME_BIOGENESIS	False	down	321	-1.6219549	0.05185185	0.7794199	1.0	5573
drop_NL71B_nofilter	1234	HALLMARK_MTORC1_SIGNALING	False	down	196	-1.56698	0.04519774	0.6726254	1.0	2912
drop_NL71B_nofilter	1234	HALLMARK_MYC_TARGETS_V1	False	down	200	-1.3740839	0.11481482	0.61634403	1.0	307
drop_NL71B_nofilter	1234	HALLMARK_GLYCOLYSIS	False	down	182	-1.6233699	0.04638219	0.7907892	1.0	5801
drop_NL71B_nofilter	1234	HALLMARK_OXIDATIVE_PHOSPHORYLATION	False	down	200	-1.4858549	0.05940594	0.6403631	1.0	1954
drop_NL71B_nofilter	1234	REACTOME_CITRIC_ACID_CYCLE_TCA_CYCLE	False	down	22	-0.75843835	0.75446427	0.8790853	1.0	7658
drop_NL71B_nofilter	1234	SEMENZA_HIF1_TARGETS	False	down	33	-1.8041793	0.013422819	1.0	1.0	8720
drop_NL71B_nofilter	1234	BUFFA_HYPOXIA_METAGENE	False	down	50	-1.7989599	0.011013215	1.0	1.0	8720
drop_NL71B_nofilter	1234	HALLMARK_MITOTIC_SPINDLE	False	up	199	1.7927792	0.0	1.0	0.998	8720
drop_NL71B_nofilter	1234	HALLMARK_G2M_CHECKPOINT	False	up	198	1.6853181	0.008196721	1.0	1.0	8720
drop_NL71B_nofilter	1234	HALLMARK_E2F_TARGETS	False	up	198	1.3671209	0.0720339	0.6247642	1.0	879
drop_NL71B_nofilter	1234	REACTOME_CHOLESTEROL_BIOSYNTHESIS	False	up	26	1.2726054	0.1821632	0.62805855	1.0	1235
