split	recurrent_group	true_split	n_tested	n_DE_padj05	n_DE_padj05_lfc1	n_up	n_down	status	C_share	abs_diff_f_RNA	abs_diff_f_s
split_00	IL68B+IL69B+IL66B	False	11051	5	5	0	5	ok	0.3115349981850954	0.069956787301449	0.0897187320942631
split_01	IL68B+IL69B+NL70B	False	10170	73	36	11	62	ok	0.4520360359155966	0.158125707784508	0.1714968708261026
split_02	IL68B+IL69B+NL71B	False	11021	8	2	0	8	ok	0.319882968612072	0.0940078355800277	0.094939120027037
split_03	IL68B+IL66B+NL70B	False	11011	0	0	0	0	ok	0.2679556073227667	0.0749235151963785	0.0639034685042716
split_04	IL68B+IL66B+NL71B	False	11016	14	12	14	0	ok	0.4254850930556091	0.1390413874008587	0.1404612193033374
split_05	IL68B+NL70B+NL71B	False	11052	29	22	26	3	ok	0.2135213352429143	0.0508724669177997	0.0586830805714979
split_06	IL69B+IL66B+NL70B	False	11009	0	0	0	0	ok	0.2560646714605321	0.051875371535474	0.0507985718202865
split_07	IL69B+IL66B+NL71B	False	11019	0	0	0	0	ok	0.1412733106900451	0.0122425006690061	0.0257591789787792
split_08	IL69B+NL70B+NL71B	False	11055	303	159	94	209	ok	0.1605927286920334	0.0759264198140527	0.0560189597530602
split_09	IL66B+NL70B+NL71B	True	10840	133	47	103	30	ok	0.4657703477667222	0.1571228031668337	0.1793813795773141
