	f_RNA_graft_total	f_RNA_upper_graft_both_total	f_RNA_graft_over_graft_host	f_RNA_graft_total_floorcorr_IL64B	f_RNA_upper_floorcorr_IL64B	f_counts_floorcorr_SPREAD	chrY_per_M_human_counts	L3_chrY_ratio_to_tumour_median	L3_within_0.7_1.3	f_s_kept_orthologs
C2B	0.8618775640630754	0.9742823917145245	0.9946963810584933	0.8614889586315504	0.9682680167886304		255.6445924026704	1.3242037539274085	False	0.9998704764643563
IL64B	0.0032656532943902573	0.050541916548533794	0.003477045731825802	0.0	0.0	5.569339365355122e-21	2.943875718893347	0.015248870478410314	False	0.0024481325995466107
IL66B	0.2944273418896837	0.39039157071256847	0.3322805468588672	0.2921434849007053	0.3550447353507068	0.3108381152656588	176.84802206996284	0.9160483798961662	True	0.4450147766218038
IL67B	0.4251763656877607	0.4986782465684087	0.46764787628656057	0.42332466145904746	0.47001976014520036	0.4510483467477899	188.09518344573385	0.9743071256605369	True	0.5795087478463801
IL68B	0.45380284626323464	0.5304303292885886	0.5000697440372883	0.4520414920730046	0.5031701738250742	0.4709871386997803	209.37444370053427	1.0845307609245334	True	0.626062225130528
IL69B	0.6440011763610134	0.7225127120335763	0.7151993831792018	0.6428886374255496	0.705294151162524	0.7073089341716355	198.01547610263736	1.025692874339463	True	0.7981152856173653
N168B	0.005475256813144217	0.0568550497470667	0.005817582990855292	0.0021968256597137176	0.006115372619848609	0.0017607182571379	23.499056595711853	0.12172187436212407	False	0.004905859250306194
N269B	0.048976962842540814	0.10563171871410547	0.05332554575032792	0.04590090899823902	0.05802419804907848	0.0495589074654126	112.09959101166793	0.5806604310939739	False	0.0794403984637908
NL70B	0.4266807226142721	0.4995693335607969	0.46929984361060395	0.4248360347551867	0.471019438202296	0.4562929343927386	178.44060189700997	0.9242977238998255	True	0.567681984719563
NL71B	0.3305039143075518	0.3962602395980316	0.35813923726252217	0.3283181340974116	0.36243132053791133	0.3519438184274485	206.62806693665104	1.0703049078123938	True	0.4528453585209645
