array	f	lo	hi	variant	label	gate_pass	registered	f_RNA	f_RNA_upper	f_RNA_graft_over_gh
C2B	1	0.448286222341184	1	curve	CURVE in-silico (primary)	FALSE	FALSE	0.861877564063075	0.974282391714524	0.994696381058493
C2B	1	0.642224006808604	1	curve_cal	CURVE Amendment 1 calibrated (sensitivity; post-freeze amendment)	FALSE	FALSE	0.861877564063075	0.974282391714524	0.994696381058493
IL66B	0.704703309124182	0.147221592373574	1	curve	CURVE in-silico (primary)	FALSE	FALSE	0.294427341889684	0.390391570712568	0.332280546858867
IL66B	0.33650300156476	0.00514113465974642	0.704384948784034	curve_cal	CURVE Amendment 1 calibrated (sensitivity; post-freeze amendment)	FALSE	FALSE	0.294427341889684	0.390391570712568	0.332280546858867
IL66B	0.585784668270735	0.551797715205708	0.618974018869903	bespoke	bespoke two-mode (uncalibrated)	NA	TRUE	0.294427341889684	0.390391570712568	0.332280546858867
IL67B	0.798463170526503	0.238016683860496	1	curve	CURVE in-silico (primary)	FALSE	FALSE	0.425176365687761	0.498678246568409	0.467647876286561
IL67B	0.509213321852984	0.172240648299027	0.913740880661888	curve_cal	CURVE Amendment 1 calibrated (sensitivity; post-freeze amendment)	FALSE	FALSE	0.425176365687761	0.498678246568409	0.467647876286561
IL67B	0.714228617021511	0.685115500791939	0.741664988829941	bespoke	bespoke two-mode (uncalibrated)	NA	TRUE	0.425176365687761	0.498678246568409	0.467647876286561
IL68B	0.844981683972884	0.290187481541985	1	curve	CURVE in-silico (primary)	FALSE	FALSE	0.453802846263235	0.530430329288589	0.500069744037288
IL68B	0.596285644829724	0.269122909607313	0.993477511254468	curve_cal	CURVE Amendment 1 calibrated (sensitivity; post-freeze amendment)	FALSE	FALSE	0.453802846263235	0.530430329288589	0.500069744037288
IL68B	0.77426012784677	0.749114491119291	0.797566536865599	bespoke	bespoke two-mode (uncalibrated)	NA	TRUE	0.453802846263235	0.530430329288589	0.500069744037288
IL69B	0.860046045969868	0.308682725663885	1	curve	CURVE in-silico (primary)	FALSE	FALSE	0.644001176361013	0.722512712033576	0.715199383179202
IL69B	0.624482783905371	0.303741897842437	1	curve_cal	CURVE Amendment 1 calibrated (sensitivity; post-freeze amendment)	FALSE	FALSE	0.644001176361013	0.722512712033576	0.715199383179202
IL69B	0.828902574902492	0.808336942668672	0.847677326760138	bespoke	bespoke two-mode (uncalibrated)	NA	TRUE	0.644001176361013	0.722512712033576	0.715199383179202
IL70B	0.722031422314732	0.165396407036704	1	curve	CURVE in-silico (primary)	FALSE	FALSE	0.426680722614272	0.499569333560797	0.469299843610604
IL70B	0.368393704454181	0.038590109058659	0.743833421627339	curve_cal	CURVE Amendment 1 calibrated (sensitivity; post-freeze amendment)	FALSE	FALSE	0.426680722614272	0.499569333560797	0.469299843610604
IL70B	0.65538095597093	0.62343354951365	0.685983173752683	bespoke	bespoke two-mode (uncalibrated)	NA	TRUE	0.426680722614272	0.499569333560797	0.469299843610604
IL71B	0.628492881821086	0.070401910291234	1	curve	CURVE in-silico (primary)	FALSE	FALSE	0.330503914307552	0.396260239598032	0.358139237262522
IL71B	0.21848663530988	0	0.543006118174733	curve_cal	CURVE Amendment 1 calibrated (sensitivity; post-freeze amendment)	FALSE	FALSE	0.330503914307552	0.396260239598032	0.358139237262522
IL71B	0.488784419631711	0.454253471699158	0.523422740702392	bespoke	bespoke two-mode (uncalibrated)	NA	TRUE	0.330503914307552	0.396260239598032	0.358139237262522
N2	0.317765620407355	0	0.875154675858948	curve	CURVE in-silico (primary)	FALSE	FALSE	0.0489769628425408	0.105631718714105	0.0533255457503279
N2	0.0490082485284776	0	0.342307568446281	curve_cal	CURVE Amendment 1 calibrated (sensitivity; post-freeze amendment)	FALSE	FALSE	0.0489769628425408	0.105631718714105	0.0533255457503279
N2	0.197922378276771	0.176832041079346	0.220853237873671	bespoke	bespoke two-mode (uncalibrated)	NA	TRUE	0.0489769628425408	0.105631718714105	0.0533255457503279
