sample	stromal	immune	estimate	f_RNA
C2B	-1402.81040764969	-1580.95949568171	-2983.7699033314	0.861877564063075
IL64B	-775.544127435985	-1431.12373766285	-2206.66786509883	0.00326565329439026
IL66B	-229.750744064821	-189.745392089598	-419.496136154419	0.294427341889684
IL67B	-214.996736823361	-157.757761481469	-372.754498304829	0.425176365687761
IL68B	-386.563107073445	-132.134512912495	-518.697619985939	0.453802846263235
IL69B	-415.143338419818	-166.928145895441	-582.071484315259	0.644001176361013
N168B	-650.29411910178	-1275.5116534826	-1925.80577258438	0.00547525681314422
N269B	-58.6396708535075	-915.567145910651	-974.206816764159	0.0489769628425408
NL70B	-236.945878060872	582.840132224449	345.894254163577	0.426680722614272
NL71B	48.384425111826	879.419796694528	927.804221806353	0.330503914307552
