library	graft	both	host	ambiguous_neither	host_ast	host_neu	host_opc	host_oli	host_end	host_mic	check_sum
IL64B	0.00326565329439026	0.0472762632541435	0.935937781535171	0.0135203019162956	0.136757186616594	0.415178810643027	0.0974860356700636	0.208655924266108	0.061686823799966	0.016173000539412	1
IL66B	0.294427341889684	0.0959642288228847	0.591653244750072	0.01795518453736	0.110489451292256	0.12449293110163	0.0830787413222282	0.108283890338737	0.0546928313333438	0.110615399361876	1
IL67B	0.425176365687761	0.073501880880648	0.484004210655166	0.0173175427764256	0.0725532180433253	0.0701825063691955	0.068098710264124	0.105780417640462	0.0490136691056063	0.118375689232453	1
IL68B	0.453802846263235	0.0766274830253539	0.453676263749461	0.015893406961951	0.051372678231666	0.0646287523220621	0.0789605600614293	0.0778395919201086	0.0485880507563056	0.132286630457889	1
IL69B	0.644001176361013	0.0785115356725629	0.256448672320765	0.0210386156456589	0.0257168462974692	0.0350265125543825	0.0295645300719732	0.0170744212616716	0.0242457585283439	0.124820603606924	1
N168B	0.00547525681314422	0.0513797929339225	0.935681375030496	0.00746357522243718	0.19859076113955	0.357343116460088	0.160928658476999	0.162045459313622	0.041233850886643	0.0155395287535937	1
N269B	0.0489769628425408	0.0566547558715647	0.869475200251161	0.024893081034734	0.139450234310248	0.301156989496835	0.150122209110726	0.145220486720848	0.0777294126179931	0.0557958679945101	1
NL70B	0.426680722614272	0.0728886109465248	0.482505011034311	0.0179256554048924	0.0370972285755652	0.0652301639866057	0.0523047117660164	0.0371348209309045	0.0322665593208317	0.258471526454387	1
NL71B	0.330503914307552	0.0657563252904798	0.592332457472865	0.0114073029291034	0.0660207061879855	0.0305968400059489	0.0573526457530676	0.0288217822947712	0.0447193200239247	0.364821163207167	1
