	host	graft	ambiguous	both	neither	total	host_pct	graft_pct	both_pct	R_rat	R_host_only
C2B	450649	84519445	447193	11022904	1624138	98064329	0.45954426507114526	86.18775640630754	11.240482765144908	11473553	450649
IL64B	90003153	314037	175597	4546256	1124564	96163607	93.59377815351706	0.3265653294390257	4.727626325414353	94549409	90003153
IL66B	51160559	25459283	276894	8298076	1275700	86470512	59.165324475007154	29.442734188968373	9.596422882288474	59458635	51160559
IL67B	36298116	31886295	259668	5512307	1039069	74995455	48.40042106551657	42.51763656877607	7.350188088064804	41810423	36298116
IL68B	32216898	32225887	229020	5441545	899618	71012968	45.36762637494605	45.380284626323466	7.66274830253539	37658443	32216898
IL69B	19642823	49327614	328823	6013633	1282641	76595534	25.644867232076482	64.40011763610134	7.851153567256284	25656456	19642823
N168B	74411463	435428	141029	4086055	452523	79526498	93.56813750304961	0.5475256813144218	5.137979293392248	78497518	74411463
N269B	67885104	3823923	149870	4423374	1793681	78075952	86.94752002511606	4.897696284254081	5.6654755871564655	72308478	67885104
NL70B	35387952	31293679	263498	5345807	1051208	73342144	48.25050110343106	42.668072261427206	7.288861094652482	40733759	35387952
NL71B	52351099	29210358	258020	5811628	750172	88381277	59.233245747286496	33.050391430755184	6.575632529047979	58162727	52351099
